-- MySQL dump 10.13  Distrib 8.4.9, for macos15 (arm64)
--
-- Host: 127.0.0.1    Database: earth-iam-service
-- ------------------------------------------------------
-- Server version	8.0.44-google

/*!40101 SET @OLD_CHARACTER_SET_CLIENT=@@CHARACTER_SET_CLIENT */;
/*!40101 SET @OLD_CHARACTER_SET_RESULTS=@@CHARACTER_SET_RESULTS */;
/*!40101 SET @OLD_COLLATION_CONNECTION=@@COLLATION_CONNECTION */;
/*!50503 SET NAMES utf8mb4 */;
/*!40103 SET @OLD_TIME_ZONE=@@TIME_ZONE */;
/*!40103 SET TIME_ZONE='+00:00' */;
/*!40014 SET @OLD_UNIQUE_CHECKS=@@UNIQUE_CHECKS, UNIQUE_CHECKS=0 */;
/*!40014 SET @OLD_FOREIGN_KEY_CHECKS=@@FOREIGN_KEY_CHECKS, FOREIGN_KEY_CHECKS=0 */;
/*!40101 SET @OLD_SQL_MODE=@@SQL_MODE, SQL_MODE='NO_AUTO_VALUE_ON_ZERO' */;
/*!40111 SET @OLD_SQL_NOTES=@@SQL_NOTES, SQL_NOTES=0 */;

--
-- Dumping data for table `permissions`
--

LOCK TABLES `permissions` WRITE;
/*!40000 ALTER TABLE `permissions` DISABLE KEYS */;
INSERT  IGNORE INTO `permissions` (`id`, `rid`, `created_at`, `updated_at`) VALUES (1,'storage_object_testIamPermissions','2025-11-22 14:20:17.603','2025-11-22 14:20:17.603'),(2,'content_content_getIamPolicy','2025-11-22 14:20:17.717','2025-11-22 14:20:17.717'),(3,'billing_sku_delete','2025-11-22 14:20:17.727','2025-11-22 14:20:17.727'),(4,'user_profile_update','2025-11-22 14:20:17.839','2025-11-22 14:20:17.839'),(5,'user_membership_get','2025-11-22 14:20:17.851','2025-11-22 14:20:17.851'),(6,'storage_object_batchGet','2025-11-22 14:20:17.859','2025-11-22 14:20:17.859'),(7,'storage_object_create','2025-11-22 14:20:17.867','2025-11-22 14:20:17.867'),(8,'content_content_testIamPermissions','2025-11-22 14:20:17.873','2025-11-22 14:20:17.873'),(9,'auth_account_get','2025-11-22 14:20:17.894','2025-11-22 14:20:17.894'),(10,'iam_role_batchGet','2025-11-22 14:20:17.903','2025-11-22 14:20:17.903'),(11,'user_user_list','2025-11-22 14:20:17.908','2025-11-22 14:20:17.908'),(12,'user_profile_batchGet','2025-11-22 14:20:17.912','2025-11-22 14:20:17.912'),(13,'user_organization_testIamPermissions','2025-11-22 14:20:17.917','2025-11-22 14:20:17.917'),(14,'storage_object_list','2025-11-22 14:20:17.921','2025-11-22 14:20:17.921'),(15,'resourcemanager_project_get','2025-11-22 14:20:17.997','2025-11-22 14:20:17.997'),(16,'resourcemanager_project_setIamPolicy','2025-11-22 14:20:18.002','2025-11-22 14:20:18.002'),(17,'user_user_getIamPolicy','2025-11-22 14:20:18.007','2025-11-22 14:20:18.007'),(18,'user_membershipInvitation_batchGet','2025-11-22 14:20:18.011','2025-11-22 14:20:18.011'),(19,'billing_sku_create','2025-11-22 14:20:18.107','2025-11-22 14:20:18.107'),(20,'authorization_authorizationModel_get','2025-11-22 14:20:18.111','2025-11-22 14:20:18.111'),(21,'iam_role_update','2025-11-22 14:20:18.115','2025-11-22 14:20:18.115'),(22,'user_user_batchGet','2025-11-22 14:20:18.119','2025-11-22 14:20:18.119'),(23,'user_user_testIamPermissions','2025-11-22 14:20:18.124','2025-11-22 14:20:18.124'),(24,'user_membership_batchGet','2025-11-22 14:20:18.130','2025-11-22 14:20:18.130'),(25,'user_membership_update','2025-11-22 14:20:18.204','2025-11-22 14:20:18.204'),(26,'email_email_get','2025-11-22 14:20:18.209','2025-11-22 14:20:18.209'),(27,'email_email_update','2025-11-22 14:20:18.214','2025-11-22 14:20:18.214'),(28,'iam_role_list','2025-11-22 14:20:18.302','2025-11-22 14:20:18.302'),(29,'iam_role_create','2025-11-22 14:20:18.309','2025-11-22 14:20:18.309'),(30,'user_organization_batchGet','2025-11-22 14:20:18.313','2025-11-22 14:20:18.313'),(31,'user_organization_create','2025-11-22 14:20:18.319','2025-11-22 14:20:18.319'),(32,'user_organization_update','2025-11-22 14:20:18.323','2025-11-22 14:20:18.323'),(33,'billing_sku_list','2025-11-22 14:20:18.407','2025-11-22 14:20:18.407'),(34,'auth_account_testIamPermissions','2025-11-22 14:20:18.411','2025-11-22 14:20:18.411'),(35,'user_membership_delete','2025-11-22 14:20:18.416','2025-11-22 14:20:18.416'),(36,'user_membership_getIamPolicy','2025-11-22 14:20:18.420','2025-11-22 14:20:18.420'),(37,'email_emailConfig_update','2025-11-22 14:20:18.425','2025-11-22 14:20:18.425'),(38,'storage_object_get','2025-11-22 14:20:18.504','2025-11-22 14:20:18.504'),(39,'auth_account_sendEmailLogin','2025-11-22 14:20:18.509','2025-11-22 14:20:18.509'),(40,'user_user_delete','2025-11-22 14:20:18.513','2025-11-22 14:20:18.513'),(41,'user_profile_get','2025-11-22 14:20:18.518','2025-11-22 14:20:18.518'),(42,'user_organization_get','2025-11-22 14:20:18.523','2025-11-22 14:20:18.523'),(43,'user_membershipInvitation_create','2025-11-22 14:20:18.528','2025-11-22 14:20:18.528'),(44,'user_membershipInvitation_delete','2025-11-22 14:20:18.607','2025-11-22 14:20:18.607'),(45,'email_email_batchGet','2025-11-22 14:20:18.612','2025-11-22 14:20:18.612'),(46,'email_email_send','2025-11-22 14:20:18.617','2025-11-22 14:20:18.617'),(47,'resourcemanager_projectConfig_update','2025-11-22 14:20:18.707','2025-11-22 14:20:18.707'),(48,'user_user_update','2025-11-22 14:20:18.712','2025-11-22 14:20:18.712'),(49,'user_membershipInvitation_getIamPolicy','2025-11-22 14:20:18.717','2025-11-22 14:20:18.717'),(50,'user_membershipInvitation_resend','2025-11-22 14:20:18.722','2025-11-22 14:20:18.722'),(51,'email_operation_list','2025-11-22 14:20:18.805','2025-11-22 14:20:18.805'),(52,'email_email_list','2025-11-22 14:20:18.810','2025-11-22 14:20:18.810'),(53,'email_emailTemplate_get','2025-11-22 14:20:18.815','2025-11-22 14:20:18.815'),(54,'email_emailTemplate_batchGet','2025-11-22 14:20:18.819','2025-11-22 14:20:18.819'),(55,'user_membership_list','2025-11-22 14:20:18.823','2025-11-22 14:20:18.823'),(56,'storage_object_delete','2025-11-22 14:20:18.907','2025-11-22 14:20:18.907'),(57,'storage_object_getIamPolicy','2025-11-22 14:20:18.914','2025-11-22 14:20:18.914'),(58,'content_content_update','2025-11-22 14:20:18.922','2025-11-22 14:20:18.922'),(59,'billing_sku_testIamPermissions','2025-11-22 14:20:18.926','2025-11-22 14:20:18.926'),(60,'resourcemanager_project_getIamPolicy','2025-11-22 14:20:18.931','2025-11-22 14:20:18.931'),(61,'resourcemanager_projectConfig_batchGet','2025-11-22 14:20:19.002','2025-11-22 14:20:19.002'),(62,'iam_role_get','2025-11-22 14:20:19.007','2025-11-22 14:20:19.007'),(63,'iam_role_delete','2025-11-22 14:20:19.012','2025-11-22 14:20:19.012'),(64,'user_organization_list','2025-11-22 14:20:19.017','2025-11-22 14:20:19.017'),(65,'storage_object_update','2025-11-22 14:20:19.022','2025-11-22 14:20:19.022'),(66,'storage_object_upload','2025-11-22 14:20:19.027','2025-11-22 14:20:19.027'),(67,'content_content_get','2025-11-22 14:20:19.107','2025-11-22 14:20:19.107'),(68,'email_email_delete','2025-11-22 14:20:19.112','2025-11-22 14:20:19.112'),(69,'email_emailTemplate_delete','2025-11-22 14:20:19.117','2025-11-22 14:20:19.117'),(70,'content_content_batchGet','2025-11-22 14:20:19.123','2025-11-22 14:20:19.123'),(71,'content_content_list','2025-11-22 14:20:19.127','2025-11-22 14:20:19.127'),(72,'billing_sku_getIamPolicy','2025-11-22 14:20:19.204','2025-11-22 14:20:19.204'),(73,'resourcemanager_project_batchGet','2025-11-22 14:20:19.307','2025-11-22 14:20:19.307'),(74,'user_organization_getIamPolicy','2025-11-22 14:20:19.311','2025-11-22 14:20:19.311'),(75,'user_membership_testIamPermissions','2025-11-22 14:20:19.316','2025-11-22 14:20:19.316'),(76,'user_membershipInvitation_get','2025-11-22 14:20:19.407','2025-11-22 14:20:19.407'),(77,'email_emailTemplate_create','2025-11-22 14:20:19.411','2025-11-22 14:20:19.411'),(78,'billing_sku_get','2025-11-22 14:20:19.416','2025-11-22 14:20:19.416'),(79,'billing_sku_update','2025-11-22 14:20:19.421','2025-11-22 14:20:19.421'),(80,'resourcemanager_project_testIamPermissions','2025-11-22 14:20:19.504','2025-11-22 14:20:19.504'),(81,'resourcemanager_projectConfig_get','2025-11-22 14:20:19.509','2025-11-22 14:20:19.509'),(82,'user_membershipInvitation_update','2025-11-22 14:20:19.513','2025-11-22 14:20:19.513'),(83,'content_content_delete','2025-11-22 14:20:19.518','2025-11-22 14:20:19.518'),(84,'billing_sku_batchGet','2025-11-22 14:20:19.523','2025-11-22 14:20:19.523'),(85,'email_emailConfig_get','2025-11-22 14:20:19.528','2025-11-22 14:20:19.528'),(86,'email_email_create','2025-11-22 14:20:19.605','2025-11-22 14:20:19.605'),(87,'content_content_create','2025-11-22 14:20:19.611','2025-11-22 14:20:19.611'),(88,'user_organization_delete','2025-11-22 14:20:19.615','2025-11-22 14:20:19.615'),(89,'email_operation_get','2025-11-22 14:20:19.619','2025-11-22 14:20:19.619'),(90,'storage_object_sign','2025-11-22 14:20:19.624','2025-11-22 14:20:19.624'),(91,'user_user_get','2025-11-22 14:20:19.707','2025-11-22 14:20:19.707'),(92,'user_membershipInvitation_list','2025-11-22 14:20:19.711','2025-11-22 14:20:19.711'),(93,'user_membershipInvitation_testIamPermissions','2025-11-22 14:20:19.716','2025-11-22 14:20:19.716'),(94,'email_emailTemplate_list','2025-11-22 14:20:19.720','2025-11-22 14:20:19.720'),(95,'email_emailTemplate_update','2025-11-22 14:20:19.726','2025-11-22 14:20:19.726'),(96,'user_membershipInvitation_accept','2025-11-22 14:20:27.609','2025-11-22 14:20:27.609'),(97,'user_profile_uploadImage','2025-12-17 10:04:46.430','2025-12-17 10:04:46.430'),(98,'storage_object_clear','2025-12-17 10:04:46.439','2025-12-17 10:04:46.439'),(99,'storage_object_invalidate','2025-12-17 10:04:46.445','2025-12-17 10:04:46.445'),(100,'storage_object_setIamPolicy','2025-12-22 06:27:05.260','2025-12-22 06:27:05.260'),(101,'content_content_publish','2026-01-28 16:22:07.042','2026-01-28 16:22:07.042'),(102,'content_instructorImage_list','2026-01-28 16:22:07.123','2026-01-28 16:22:07.123'),(103,'content_instructorProfile_get','2026-01-28 16:22:07.131','2026-01-28 16:22:07.131'),(104,'content_instructorProfile_update','2026-01-28 16:22:07.138','2026-01-28 16:22:07.138'),(105,'content_instructorImage_batchGet','2026-01-28 16:22:07.218','2026-01-28 16:22:07.218'),(106,'content_instructorImage_testIamPermissions','2026-01-28 16:22:07.224','2026-01-28 16:22:07.224'),(107,'content_tag_testIamPermissions','2026-01-28 16:22:07.232','2026-01-28 16:22:07.232'),(108,'content_instructor_batchGet','2026-01-28 16:22:07.322','2026-01-28 16:22:07.322'),(109,'content_instructor_delete','2026-01-28 16:22:07.618','2026-01-28 16:22:07.618'),(110,'content_contentInfo_create','2026-01-28 16:22:07.626','2026-01-28 16:22:07.626'),(111,'content_content_unpublish','2026-01-28 16:22:07.632','2026-01-28 16:22:07.632'),(112,'content_instructor_getIamPolicy','2026-01-28 16:22:07.638','2026-01-28 16:22:07.638'),(113,'content_instructorProfile_batchGet','2026-01-28 16:22:07.644','2026-01-28 16:22:07.644'),(114,'content_contentImage_update','2026-01-28 16:22:07.718','2026-01-28 16:22:07.718'),(115,'content_contentImage_getIamPolicy','2026-01-28 16:22:07.725','2026-01-28 16:22:07.725'),(116,'content_instructor_testIamPermissions','2026-01-28 16:22:07.732','2026-01-28 16:22:07.732'),(117,'content_instructor_publish','2026-01-28 16:22:07.739','2026-01-28 16:22:07.739'),(118,'content_tag_delete','2026-01-28 16:22:07.746','2026-01-28 16:22:07.746'),(119,'content_tagInfo_get','2026-01-28 16:22:07.824','2026-01-28 16:22:07.824'),(120,'content_tagInfo_testIamPermissions','2026-01-28 16:22:07.830','2026-01-28 16:22:07.830'),(121,'content_tag_create','2026-01-28 16:22:07.836','2026-01-28 16:22:07.836'),(122,'content_tag_unpublish','2026-01-28 16:22:07.842','2026-01-28 16:22:07.842'),(123,'content_tagInfo_list','2026-01-28 16:22:07.847','2026-01-28 16:22:07.847'),(124,'content_category_testIamPermissions','2026-01-28 16:22:07.920','2026-01-28 16:22:07.920'),(125,'content_contentInfo_get','2026-01-28 16:22:07.926','2026-01-28 16:22:07.926'),(126,'content_contentInfo_list','2026-01-28 16:22:07.931','2026-01-28 16:22:07.931'),(127,'content_instructor_list','2026-01-28 16:22:07.936','2026-01-28 16:22:07.936'),(128,'content_contentVideo_update','2026-01-28 16:22:07.941','2026-01-28 16:22:07.941'),(129,'content_instructorImage_create','2026-01-28 16:22:08.019','2026-01-28 16:22:08.019'),(130,'content_tag_list','2026-01-28 16:22:08.025','2026-01-28 16:22:08.025'),(131,'content_tag_get','2026-01-28 16:22:08.032','2026-01-28 16:22:08.032'),(132,'content_categoryInfo_get','2026-01-28 16:22:08.038','2026-01-28 16:22:08.038'),(133,'content_categoryInfo_delete','2026-01-28 16:22:08.124','2026-01-28 16:22:08.124'),(134,'content_tagInfo_create','2026-01-28 16:22:08.130','2026-01-28 16:22:08.130'),(135,'content_category_delete','2026-01-28 16:22:08.136','2026-01-28 16:22:08.136'),(136,'content_contentVideo_testIamPermissions','2026-01-28 16:22:08.141','2026-01-28 16:22:08.141'),(137,'content_categoryInfo_getIamPolicy','2026-01-28 16:22:08.147','2026-01-28 16:22:08.147'),(138,'content_categoryInfo_testIamPermissions','2026-01-28 16:22:08.220','2026-01-28 16:22:08.220'),(139,'content_contentInfo_delete','2026-01-28 16:22:08.225','2026-01-28 16:22:08.225'),(140,'content_contentImage_delete','2026-01-28 16:22:08.231','2026-01-28 16:22:08.231'),(141,'content_contentAudio_create','2026-01-28 16:22:08.238','2026-01-28 16:22:08.238'),(142,'content_contentAudio_testIamPermissions','2026-01-28 16:22:08.320','2026-01-28 16:22:08.320'),(143,'content_categoryInfo_batchGet','2026-01-28 16:22:08.326','2026-01-28 16:22:08.326'),(144,'content_contentImage_testIamPermissions','2026-01-28 16:22:08.332','2026-01-28 16:22:08.332'),(145,'content_instructor_unpublish','2026-01-28 16:22:08.337','2026-01-28 16:22:08.337'),(146,'content_instructorProfile_testIamPermissions','2026-01-28 16:22:08.424','2026-01-28 16:22:08.424'),(147,'content_tag_getIamPolicy','2026-01-28 16:22:08.430','2026-01-28 16:22:08.430'),(148,'content_contentInfo_testIamPermissions','2026-01-28 16:22:08.436','2026-01-28 16:22:08.436'),(149,'content_contentImage_list','2026-01-28 16:22:08.521','2026-01-28 16:22:08.521'),(150,'content_contentAudio_update','2026-01-28 16:22:08.526','2026-01-28 16:22:08.526'),(151,'content_tagInfo_batchGet','2026-01-28 16:22:08.532','2026-01-28 16:22:08.532'),(152,'content_category_publish','2026-01-28 16:22:08.537','2026-01-28 16:22:08.537'),(153,'content_contentInfo_update','2026-01-28 16:22:08.621','2026-01-28 16:22:08.621'),(154,'content_contentImage_get','2026-01-28 16:22:08.627','2026-01-28 16:22:08.627'),(155,'content_tagInfo_update','2026-01-28 16:22:08.635','2026-01-28 16:22:08.635'),(156,'content_contentVideo_get','2026-01-28 16:22:08.641','2026-01-28 16:22:08.641'),(157,'content_contentVideo_batchGet','2026-01-28 16:22:08.721','2026-01-28 16:22:08.721'),(158,'content_contentVideo_create','2026-01-28 16:22:08.728','2026-01-28 16:22:08.728'),(159,'content_instructorImage_update','2026-01-28 16:22:08.734','2026-01-28 16:22:08.734'),(160,'content_tag_batchGet','2026-01-28 16:22:08.741','2026-01-28 16:22:08.741'),(161,'content_tag_publish','2026-01-28 16:22:08.818','2026-01-28 16:22:08.818'),(162,'content_category_create','2026-01-28 16:22:08.824','2026-01-28 16:22:08.824'),(163,'content_category_getIamPolicy','2026-01-28 16:22:08.830','2026-01-28 16:22:08.830'),(164,'content_contentAudio_getIamPolicy','2026-01-28 16:22:08.836','2026-01-28 16:22:08.836'),(165,'content_instructorProfile_getIamPolicy','2026-01-28 16:22:08.843','2026-01-28 16:22:08.843'),(166,'content_contentImage_create','2026-01-28 16:22:08.920','2026-01-28 16:22:08.920'),(167,'content_contentVideo_delete','2026-01-28 16:22:08.926','2026-01-28 16:22:08.926'),(168,'content_category_unpublish','2026-01-28 16:22:08.931','2026-01-28 16:22:08.931'),(169,'content_instructorProfile_delete','2026-01-28 16:22:08.937','2026-01-28 16:22:08.937'),(170,'content_category_list','2026-01-28 16:22:09.023','2026-01-28 16:22:09.023'),(171,'content_instructorProfile_list','2026-01-28 16:22:09.029','2026-01-28 16:22:09.029'),(172,'content_instructorImage_get','2026-01-28 16:22:09.036','2026-01-28 16:22:09.036'),(173,'content_contentVideo_list','2026-01-28 16:22:09.121','2026-01-28 16:22:09.121'),(174,'content_tagInfo_delete','2026-01-28 16:22:09.127','2026-01-28 16:22:09.127'),(175,'content_category_batchGet','2026-01-28 16:22:09.134','2026-01-28 16:22:09.134'),(176,'content_contentInfo_batchGet','2026-01-28 16:22:09.141','2026-01-28 16:22:09.141'),(177,'content_contentVideo_getIamPolicy','2026-01-28 16:22:09.224','2026-01-28 16:22:09.224'),(178,'content_instructor_get','2026-01-28 16:22:09.324','2026-01-28 16:22:09.324'),(179,'content_categoryInfo_list','2026-01-28 16:22:09.331','2026-01-28 16:22:09.331'),(180,'content_contentAudio_batchGet','2026-01-28 16:22:09.336','2026-01-28 16:22:09.336'),(181,'content_categoryInfo_create','2026-01-28 16:22:09.421','2026-01-28 16:22:09.421'),(182,'content_contentInfo_getIamPolicy','2026-01-28 16:22:09.428','2026-01-28 16:22:09.428'),(183,'content_contentAudio_list','2026-01-28 16:22:09.433','2026-01-28 16:22:09.433'),(184,'content_instructorImage_delete','2026-01-28 16:22:09.441','2026-01-28 16:22:09.441'),(185,'content_tagInfo_getIamPolicy','2026-01-28 16:22:09.521','2026-01-28 16:22:09.521'),(186,'content_instructor_update','2026-01-28 16:22:09.527','2026-01-28 16:22:09.527'),(187,'content_category_get','2026-01-28 16:22:09.533','2026-01-28 16:22:09.533'),(188,'content_contentAudio_get','2026-01-28 16:22:09.539','2026-01-28 16:22:09.539'),(189,'content_instructor_create','2026-01-28 16:22:09.544','2026-01-28 16:22:09.544'),(190,'content_instructorProfile_create','2026-01-28 16:22:09.622','2026-01-28 16:22:09.622'),(191,'content_instructorImage_getIamPolicy','2026-01-28 16:22:09.628','2026-01-28 16:22:09.628'),(192,'content_tag_update','2026-01-28 16:22:09.634','2026-01-28 16:22:09.634'),(193,'content_category_update','2026-01-28 16:22:09.639','2026-01-28 16:22:09.639'),(194,'content_categoryInfo_update','2026-01-28 16:22:09.721','2026-01-28 16:22:09.721'),(195,'content_content_sign','2026-01-28 16:22:09.727','2026-01-28 16:22:09.727'),(196,'content_contentImage_batchGet','2026-01-28 16:22:09.732','2026-01-28 16:22:09.732'),(197,'content_contentAudio_delete','2026-01-28 16:22:09.737','2026-01-28 16:22:09.737'),(198,'billing_tier_testIamPermissions','2026-02-18 15:10:39.972','2026-02-18 15:10:39.972'),(199,'billing_tier_delete','2026-02-18 15:10:39.994','2026-02-18 15:10:39.994'),(200,'billing_tier_batchGet','2026-02-18 15:10:40.004','2026-02-18 15:10:40.004'),(201,'billing_price_delete','2026-02-18 15:10:40.034','2026-02-18 15:10:40.034'),(202,'billing_price_update','2026-02-18 15:10:40.137','2026-02-18 15:10:40.137'),(203,'billing_price_create','2026-02-18 15:10:40.145','2026-02-18 15:10:40.145'),(204,'billing_tier_create','2026-02-18 15:10:40.154','2026-02-18 15:10:40.154'),(205,'billing_price_getIamPolicy','2026-02-18 15:10:40.162','2026-02-18 15:10:40.162'),(206,'billing_tier_update','2026-02-18 15:10:40.231','2026-02-18 15:10:40.231'),(207,'billing_tier_list','2026-02-18 15:10:40.240','2026-02-18 15:10:40.240'),(208,'billing_tier_getIamPolicy','2026-02-18 15:10:40.249','2026-02-18 15:10:40.249'),(209,'billing_tier_get','2026-02-18 15:10:40.259','2026-02-18 15:10:40.259'),(210,'billing_price_batchGet','2026-02-18 15:10:40.331','2026-02-18 15:10:40.331'),(211,'billing_price_testIamPermissions','2026-02-18 15:10:40.340','2026-02-18 15:10:40.340'),(212,'billing_price_get','2026-02-18 15:10:40.350','2026-02-18 15:10:40.350'),(213,'billing_price_list','2026-02-18 15:10:40.358','2026-02-18 15:10:40.358'),(230,'billing_userBillingAccount_list','2026-05-04 07:25:25.757','2026-05-04 07:25:25.757'),(231,'billing_userEntitlement_get','2026-05-04 07:25:25.851','2026-05-04 07:25:25.851'),(232,'billing_userEntitlement_list','2026-05-04 07:25:25.858','2026-05-04 07:25:25.858'),(233,'billing_userBillingAccount_update','2026-05-04 07:25:25.955','2026-05-04 07:25:25.955'),(234,'billing_userBillingAccount_initializeUserStripeSubscription','2026-05-04 07:25:25.964','2026-05-04 07:25:25.964'),(235,'billing_userBillingAccount_batchGet','2026-05-04 07:25:25.973','2026-05-04 07:25:25.973'),(236,'billing_userBillingInfo_get','2026-05-04 07:25:26.050','2026-05-04 07:25:26.050'),(237,'billing_userEntitlement_batchGet','2026-05-04 07:25:26.058','2026-05-04 07:25:26.058'),(238,'billing_userBillingAccount_getIamPolicy','2026-05-04 07:25:26.067','2026-05-04 07:25:26.067'),(239,'billing_userBillingInfo_update','2026-05-04 07:25:26.075','2026-05-04 07:25:26.075'),(240,'billing_userBillingAccount_create','2026-05-04 07:25:26.157','2026-05-04 07:25:26.157'),(241,'billing_userBillingAccount_generateStripePortalSession','2026-05-04 07:25:26.253','2026-05-04 07:25:26.253'),(242,'billing_userBillingAccount_get','2026-05-04 07:25:26.259','2026-05-04 07:25:26.259'),(243,'billingstripe_stripePrice_resolve','2026-05-04 07:25:26.267','2026-05-04 07:25:26.267'),(244,'billing_userBillingAccount_testIamPermissions','2026-05-04 07:25:26.279','2026-05-04 07:25:26.279'),(245,'billing_userBillingAccount_delete','2026-05-04 07:25:26.286','2026-05-04 07:25:26.286');
/*!40000 ALTER TABLE `permissions` ENABLE KEYS */;
UNLOCK TABLES;

--
-- Dumping data for table `role_batch_write_tuples_outboxes`
--

LOCK TABLES `role_batch_write_tuples_outboxes` WRITE;
/*!40000 ALTER TABLE `role_batch_write_tuples_outboxes` DISABLE KEYS */;
/*!40000 ALTER TABLE `role_batch_write_tuples_outboxes` ENABLE KEYS */;
UNLOCK TABLES;

--
-- Dumping data for table `role_permissions`
--

LOCK TABLES `role_permissions` WRITE;
/*!40000 ALTER TABLE `role_permissions` DISABLE KEYS */;
INSERT  IGNORE INTO `role_permissions` (`role_id`, `permission_id`, `order`, `created_at`, `updated_at`) VALUES (1,1,78,'2025-11-22 14:20:17.704','2025-12-22 06:27:05.063'),(1,2,89,'2025-11-22 14:20:17.724','2025-12-22 06:27:05.175'),(1,3,193,'2025-11-22 14:20:17.738','2026-01-28 16:22:07.030'),(1,4,27,'2025-11-22 14:20:17.843','2025-11-22 14:20:17.843'),(1,5,37,'2025-11-22 14:20:17.855','2025-12-17 10:04:45.832'),(1,6,71,'2025-11-22 14:20:17.863','2025-12-17 10:04:46.050'),(1,7,73,'2025-11-22 14:20:17.871','2025-12-17 10:04:45.930'),(1,8,90,'2025-11-22 14:20:17.876','2025-12-22 06:27:04.961'),(1,9,8,'2025-11-22 14:20:17.897','2025-11-22 14:20:17.897'),(1,10,13,'2025-11-22 14:20:17.906','2025-11-22 14:20:17.906'),(1,11,20,'2025-11-22 14:20:17.910','2025-11-22 14:20:17.910'),(1,12,26,'2025-11-22 14:20:17.915','2025-11-22 14:20:17.915'),(1,13,36,'2025-11-22 14:20:17.919','2025-12-17 10:04:46.039'),(1,14,72,'2025-11-22 14:20:17.994','2025-12-17 10:04:45.738'),(1,15,0,'2025-11-22 14:20:17.999','2025-11-22 14:20:17.999'),(1,16,3,'2025-11-22 14:20:18.005','2025-11-22 14:20:18.005'),(1,17,23,'2025-11-22 14:20:18.009','2025-11-22 14:20:18.009'),(1,18,45,'2025-11-22 14:20:18.104','2025-12-17 10:04:46.228'),(1,19,191,'2025-11-22 14:20:18.109','2026-01-28 16:22:07.033'),(1,20,11,'2025-11-22 14:20:18.113','2025-11-22 14:20:18.113'),(1,21,16,'2025-11-22 14:20:18.117','2025-11-22 14:20:18.117'),(1,22,19,'2025-11-22 14:20:18.121','2025-11-22 14:20:18.121'),(1,23,24,'2025-11-22 14:20:18.126','2025-11-22 14:20:18.126'),(1,24,38,'2025-11-22 14:20:18.133','2025-12-17 10:04:45.864'),(1,25,40,'2025-11-22 14:20:18.206','2025-12-17 10:04:46.244'),(1,26,57,'2025-11-22 14:20:18.211','2025-12-17 10:04:45.749'),(1,27,61,'2025-11-22 14:20:18.216','2025-12-17 10:04:46.231'),(1,28,14,'2025-11-22 14:20:18.306','2025-11-22 14:20:18.306'),(1,29,15,'2025-11-22 14:20:18.311','2025-11-22 14:20:18.311'),(1,30,30,'2025-11-22 14:20:18.316','2025-12-17 10:04:46.337'),(1,31,32,'2025-11-22 14:20:18.321','2025-12-17 10:04:46.335'),(1,32,33,'2025-11-22 14:20:18.404','2025-12-17 10:04:46.342'),(1,33,190,'2025-11-22 14:20:18.409','2026-01-28 16:22:07.036'),(1,34,9,'2025-11-22 14:20:18.413','2025-11-22 14:20:18.413'),(1,35,41,'2025-11-22 14:20:18.418','2025-12-17 10:04:46.128'),(1,36,42,'2025-11-22 14:20:18.423','2025-12-17 10:04:46.356'),(1,37,54,'2025-11-22 14:20:18.427','2025-12-17 10:04:46.350'),(1,38,70,'2025-11-22 14:20:18.506','2025-12-17 10:04:46.033'),(1,39,10,'2025-11-22 14:20:18.511','2025-11-22 14:20:18.511'),(1,40,22,'2025-11-22 14:20:18.516','2025-11-22 14:20:18.516'),(1,41,25,'2025-11-22 14:20:18.521','2025-11-22 14:20:18.521'),(1,42,29,'2025-11-22 14:20:18.525','2025-12-17 10:04:46.047'),(1,43,47,'2025-11-22 14:20:18.604','2025-12-17 10:04:45.948'),(1,44,49,'2025-11-22 14:20:18.609','2025-12-17 10:04:45.936'),(1,45,58,'2025-11-22 14:20:18.614','2025-12-17 10:04:45.861'),(1,46,63,'2025-11-22 14:20:18.704','2025-12-17 10:04:46.143'),(1,47,7,'2025-11-22 14:20:18.709','2025-11-22 14:20:18.709'),(1,48,21,'2025-11-22 14:20:18.714','2025-11-22 14:20:18.714'),(1,49,50,'2025-11-22 14:20:18.719','2025-12-17 10:04:46.248'),(1,50,52,'2025-11-22 14:20:18.802','2025-12-17 10:04:46.332'),(1,51,56,'2025-11-22 14:20:18.808','2025-12-17 10:04:45.743'),(1,52,59,'2025-11-22 14:20:18.812','2025-12-17 10:04:45.736'),(1,53,64,'2025-11-22 14:20:18.817','2025-12-17 10:04:46.041'),(1,54,65,'2025-11-22 14:20:18.821','2025-12-17 10:04:46.148'),(1,55,39,'2025-11-22 14:20:18.904','2025-12-17 10:04:46.251'),(1,56,75,'2025-11-22 14:20:18.911','2025-12-17 10:04:46.055'),(1,57,76,'2025-11-22 14:20:18.920','2025-12-17 10:04:46.236'),(1,58,87,'2025-11-22 14:20:18.924','2025-12-22 06:27:04.959'),(1,59,195,'2025-11-22 14:20:18.929','2026-01-28 16:22:07.024'),(1,60,2,'2025-11-22 14:20:18.933','2025-11-22 14:20:18.933'),(1,61,6,'2025-11-22 14:20:19.005','2025-11-22 14:20:19.005'),(1,62,12,'2025-11-22 14:20:19.010','2025-11-22 14:20:19.010'),(1,63,17,'2025-11-22 14:20:19.015','2025-11-22 14:20:19.015'),(1,64,31,'2025-11-22 14:20:19.020','2025-12-17 10:04:45.946'),(1,65,74,'2025-11-22 14:20:19.024','2025-12-17 10:04:45.858'),(1,66,82,'2025-11-22 14:20:19.104','2025-12-22 06:27:05.157'),(1,67,83,'2025-11-22 14:20:19.109','2025-12-22 06:27:05.073'),(1,68,62,'2025-11-22 14:20:19.114','2025-12-17 10:04:45.751'),(1,69,69,'2025-11-22 14:20:19.120','2025-12-17 10:04:45.843'),(1,70,84,'2025-11-22 14:20:19.125','2025-12-22 06:27:05.068'),(1,71,85,'2025-11-22 14:20:19.130','2025-12-22 06:27:05.162'),(1,72,194,'2025-11-22 14:20:19.304','2026-01-28 16:22:06.954'),(1,73,1,'2025-11-22 14:20:19.309','2025-11-22 14:20:19.309'),(1,74,35,'2025-11-22 14:20:19.314','2025-12-17 10:04:46.353'),(1,75,43,'2025-11-22 14:20:19.404','2025-12-17 10:04:46.254'),(1,76,44,'2025-11-22 14:20:19.409','2025-12-17 10:04:45.746'),(1,77,67,'2025-11-22 14:20:19.414','2025-12-17 10:04:46.030'),(1,78,188,'2025-11-22 14:20:19.418','2026-01-28 16:22:07.040'),(1,79,192,'2025-11-22 14:20:19.423','2026-01-28 16:22:07.027'),(1,80,4,'2025-11-22 14:20:19.506','2025-11-22 14:20:19.506'),(1,81,5,'2025-11-22 14:20:19.511','2025-11-22 14:20:19.511'),(1,82,48,'2025-11-22 14:20:19.516','2025-12-17 10:04:46.036'),(1,83,88,'2025-11-22 14:20:19.520','2025-12-22 06:27:05.173'),(1,84,189,'2025-11-22 14:20:19.525','2026-01-28 16:22:07.020'),(1,85,53,'2025-11-22 14:20:19.602','2025-12-17 10:04:46.328'),(1,86,60,'2025-11-22 14:20:19.608','2025-12-17 10:04:45.741'),(1,87,86,'2025-11-22 14:20:19.613','2025-12-22 06:27:05.168'),(1,88,34,'2025-11-22 14:20:19.617','2025-12-17 10:04:45.835'),(1,89,55,'2025-11-22 14:20:19.621','2025-12-17 10:04:45.950'),(1,90,81,'2025-11-22 14:20:19.704','2025-12-22 06:27:05.065'),(1,91,18,'2025-11-22 14:20:19.709','2025-11-22 14:20:19.709'),(1,92,46,'2025-11-22 14:20:19.713','2025-12-17 10:04:46.238'),(1,93,51,'2025-11-22 14:20:19.718','2025-12-17 10:04:46.137'),(1,94,66,'2025-11-22 14:20:19.724','2025-12-17 10:04:45.840'),(1,95,68,'2025-11-22 14:20:19.729','2025-12-17 10:04:46.052'),(1,97,28,'2025-12-17 10:04:46.436','2025-12-17 10:04:46.436'),(1,98,79,'2025-12-17 10:04:46.442','2025-12-22 06:27:05.170'),(1,99,80,'2025-12-17 10:04:46.447','2025-12-22 06:27:05.060'),(1,100,77,'2025-12-22 06:27:05.276','2025-12-22 06:27:05.276'),(1,101,91,'2026-01-28 16:22:07.109','2026-01-28 16:22:07.109'),(1,102,114,'2026-01-28 16:22:07.126','2026-01-28 16:22:07.126'),(1,103,104,'2026-01-28 16:22:07.134','2026-01-28 16:22:07.134'),(1,104,108,'2026-01-28 16:22:07.142','2026-01-28 16:22:07.142'),(1,105,113,'2026-01-28 16:22:07.221','2026-01-28 16:22:07.221'),(1,106,119,'2026-01-28 16:22:07.227','2026-01-28 16:22:07.227'),(1,107,127,'2026-01-28 16:22:07.318','2026-01-28 16:22:07.318'),(1,108,95,'2026-01-28 16:22:07.331','2026-01-28 16:22:07.331'),(1,109,99,'2026-01-28 16:22:07.622','2026-01-28 16:22:07.622'),(1,110,159,'2026-01-28 16:22:07.629','2026-01-28 16:22:07.629'),(1,111,93,'2026-01-28 16:22:07.635','2026-01-28 16:22:07.635'),(1,112,100,'2026-01-28 16:22:07.641','2026-01-28 16:22:07.641'),(1,113,105,'2026-01-28 16:22:07.647','2026-01-28 16:22:07.647'),(1,114,168,'2026-01-28 16:22:07.721','2026-01-28 16:22:07.721'),(1,115,170,'2026-01-28 16:22:07.728','2026-01-28 16:22:07.728'),(1,116,101,'2026-01-28 16:22:07.735','2026-01-28 16:22:07.735'),(1,117,102,'2026-01-28 16:22:07.742','2026-01-28 16:22:07.742'),(1,118,125,'2026-01-28 16:22:07.820','2026-01-28 16:22:07.820'),(1,119,130,'2026-01-28 16:22:07.827','2026-01-28 16:22:07.827'),(1,120,137,'2026-01-28 16:22:07.833','2026-01-28 16:22:07.833'),(1,121,123,'2026-01-28 16:22:07.838','2026-01-28 16:22:07.838'),(1,122,129,'2026-01-28 16:22:07.844','2026-01-28 16:22:07.844'),(1,123,132,'2026-01-28 16:22:07.917','2026-01-28 16:22:07.917'),(1,124,145,'2026-01-28 16:22:07.923','2026-01-28 16:22:07.923'),(1,125,156,'2026-01-28 16:22:07.928','2026-01-28 16:22:07.928'),(1,126,158,'2026-01-28 16:22:07.933','2026-01-28 16:22:07.933'),(1,127,96,'2026-01-28 16:22:07.938','2026-01-28 16:22:07.938'),(1,128,176,'2026-01-28 16:22:08.016','2026-01-28 16:22:08.016'),(1,129,115,'2026-01-28 16:22:08.022','2026-01-28 16:22:08.022'),(1,130,122,'2026-01-28 16:22:08.028','2026-01-28 16:22:08.028'),(1,131,120,'2026-01-28 16:22:08.035','2026-01-28 16:22:08.035'),(1,132,148,'2026-01-28 16:22:08.120','2026-01-28 16:22:08.120'),(1,133,153,'2026-01-28 16:22:08.127','2026-01-28 16:22:08.127'),(1,134,133,'2026-01-28 16:22:08.133','2026-01-28 16:22:08.133'),(1,135,143,'2026-01-28 16:22:08.138','2026-01-28 16:22:08.138'),(1,136,179,'2026-01-28 16:22:08.145','2026-01-28 16:22:08.145'),(1,137,154,'2026-01-28 16:22:08.217','2026-01-28 16:22:08.217'),(1,138,155,'2026-01-28 16:22:08.222','2026-01-28 16:22:08.222'),(1,139,161,'2026-01-28 16:22:08.228','2026-01-28 16:22:08.228'),(1,140,169,'2026-01-28 16:22:08.235','2026-01-28 16:22:08.235'),(1,141,183,'2026-01-28 16:22:08.316','2026-01-28 16:22:08.316'),(1,142,187,'2026-01-28 16:22:08.323','2026-01-28 16:22:08.323'),(1,143,149,'2026-01-28 16:22:08.329','2026-01-28 16:22:08.329'),(1,144,171,'2026-01-28 16:22:08.335','2026-01-28 16:22:08.335'),(1,145,103,'2026-01-28 16:22:08.421','2026-01-28 16:22:08.421'),(1,146,111,'2026-01-28 16:22:08.427','2026-01-28 16:22:08.427'),(1,147,126,'2026-01-28 16:22:08.433','2026-01-28 16:22:08.433'),(1,148,163,'2026-01-28 16:22:08.439','2026-01-28 16:22:08.439'),(1,149,166,'2026-01-28 16:22:08.524','2026-01-28 16:22:08.524'),(1,150,184,'2026-01-28 16:22:08.529','2026-01-28 16:22:08.529'),(1,151,131,'2026-01-28 16:22:08.535','2026-01-28 16:22:08.535'),(1,152,146,'2026-01-28 16:22:08.540','2026-01-28 16:22:08.540'),(1,153,160,'2026-01-28 16:22:08.624','2026-01-28 16:22:08.624'),(1,154,164,'2026-01-28 16:22:08.631','2026-01-28 16:22:08.631'),(1,155,134,'2026-01-28 16:22:08.638','2026-01-28 16:22:08.638'),(1,156,172,'2026-01-28 16:22:08.644','2026-01-28 16:22:08.644'),(1,157,173,'2026-01-28 16:22:08.724','2026-01-28 16:22:08.724'),(1,158,175,'2026-01-28 16:22:08.730','2026-01-28 16:22:08.730'),(1,159,116,'2026-01-28 16:22:08.737','2026-01-28 16:22:08.737'),(1,160,121,'2026-01-28 16:22:08.743','2026-01-28 16:22:08.743'),(1,161,128,'2026-01-28 16:22:08.821','2026-01-28 16:22:08.821'),(1,162,141,'2026-01-28 16:22:08.827','2026-01-28 16:22:08.827'),(1,163,144,'2026-01-28 16:22:08.833','2026-01-28 16:22:08.833'),(1,164,186,'2026-01-28 16:22:08.840','2026-01-28 16:22:08.840'),(1,165,110,'2026-01-28 16:22:08.916','2026-01-28 16:22:08.916'),(1,166,167,'2026-01-28 16:22:08.923','2026-01-28 16:22:08.923'),(1,167,177,'2026-01-28 16:22:08.928','2026-01-28 16:22:08.928'),(1,168,147,'2026-01-28 16:22:08.934','2026-01-28 16:22:08.934'),(1,169,109,'2026-01-28 16:22:09.020','2026-01-28 16:22:09.020'),(1,170,140,'2026-01-28 16:22:09.026','2026-01-28 16:22:09.026'),(1,171,106,'2026-01-28 16:22:09.032','2026-01-28 16:22:09.032'),(1,172,112,'2026-01-28 16:22:09.039','2026-01-28 16:22:09.039'),(1,173,174,'2026-01-28 16:22:09.124','2026-01-28 16:22:09.124'),(1,174,135,'2026-01-28 16:22:09.130','2026-01-28 16:22:09.130'),(1,175,139,'2026-01-28 16:22:09.138','2026-01-28 16:22:09.138'),(1,176,157,'2026-01-28 16:22:09.221','2026-01-28 16:22:09.221'),(1,177,178,'2026-01-28 16:22:09.321','2026-01-28 16:22:09.321'),(1,178,94,'2026-01-28 16:22:09.327','2026-01-28 16:22:09.327'),(1,179,150,'2026-01-28 16:22:09.333','2026-01-28 16:22:09.333'),(1,180,181,'2026-01-28 16:22:09.339','2026-01-28 16:22:09.339'),(1,181,151,'2026-01-28 16:22:09.424','2026-01-28 16:22:09.424'),(1,182,162,'2026-01-28 16:22:09.430','2026-01-28 16:22:09.430'),(1,183,182,'2026-01-28 16:22:09.437','2026-01-28 16:22:09.437'),(1,184,117,'2026-01-28 16:22:09.444','2026-01-28 16:22:09.444'),(1,185,136,'2026-01-28 16:22:09.524','2026-01-28 16:22:09.524'),(1,186,98,'2026-01-28 16:22:09.530','2026-01-28 16:22:09.530'),(1,187,138,'2026-01-28 16:22:09.536','2026-01-28 16:22:09.536'),(1,188,180,'2026-01-28 16:22:09.541','2026-01-28 16:22:09.541'),(1,189,97,'2026-01-28 16:22:09.618','2026-01-28 16:22:09.618'),(1,190,107,'2026-01-28 16:22:09.625','2026-01-28 16:22:09.625'),(1,191,118,'2026-01-28 16:22:09.631','2026-01-28 16:22:09.631'),(1,192,124,'2026-01-28 16:22:09.636','2026-01-28 16:22:09.636'),(1,193,142,'2026-01-28 16:22:09.642','2026-01-28 16:22:09.642'),(1,194,152,'2026-01-28 16:22:09.723','2026-01-28 16:22:09.723'),(1,195,92,'2026-01-28 16:22:09.729','2026-01-28 16:22:09.729'),(1,196,165,'2026-01-28 16:22:09.735','2026-01-28 16:22:09.735'),(1,197,185,'2026-01-28 16:22:09.740','2026-01-28 16:22:09.740'),(1,198,211,'2026-02-18 15:10:39.982','2026-02-18 15:10:39.982'),(1,199,209,'2026-02-18 15:10:39.999','2026-02-18 15:10:39.999'),(1,200,205,'2026-02-18 15:10:40.008','2026-02-18 15:10:40.008'),(1,201,201,'2026-02-18 15:10:40.133','2026-02-18 15:10:40.133'),(1,202,200,'2026-02-18 15:10:40.141','2026-02-18 15:10:40.141'),(1,203,199,'2026-02-18 15:10:40.149','2026-02-18 15:10:40.149'),(1,204,207,'2026-02-18 15:10:40.157','2026-02-18 15:10:40.157'),(1,205,202,'2026-02-18 15:10:40.166','2026-02-18 15:10:40.166'),(1,206,208,'2026-02-18 15:10:40.236','2026-02-18 15:10:40.236'),(1,207,206,'2026-02-18 15:10:40.245','2026-02-18 15:10:40.245'),(1,208,210,'2026-02-18 15:10:40.254','2026-02-18 15:10:40.254'),(1,209,204,'2026-02-18 15:10:40.263','2026-02-18 15:10:40.263'),(1,210,197,'2026-02-18 15:10:40.336','2026-02-18 15:10:40.336'),(1,211,203,'2026-02-18 15:10:40.345','2026-02-18 15:10:40.345'),(1,212,196,'2026-02-18 15:10:40.354','2026-02-18 15:10:40.354'),(1,213,198,'2026-02-18 15:10:40.362','2026-02-18 15:10:40.362'),(1,230,214,'2026-05-04 07:25:25.761','2026-05-04 07:25:25.761'),(1,231,225,'2026-05-04 07:25:25.854','2026-05-04 07:25:25.854'),(1,232,227,'2026-05-04 07:25:25.951','2026-05-04 07:25:25.951'),(1,233,216,'2026-05-04 07:25:25.959','2026-05-04 07:25:25.959'),(1,234,221,'2026-05-04 07:25:25.968','2026-05-04 07:25:25.968'),(1,235,213,'2026-05-04 07:25:25.977','2026-05-04 07:25:25.977'),(1,236,222,'2026-05-04 07:25:26.054','2026-05-04 07:25:26.054'),(1,237,226,'2026-05-04 07:25:26.062','2026-05-04 07:25:26.062'),(1,238,218,'2026-05-04 07:25:26.071','2026-05-04 07:25:26.071'),(1,239,223,'2026-05-04 07:25:26.153','2026-05-04 07:25:26.153'),(1,240,215,'2026-05-04 07:25:26.161','2026-05-04 07:25:26.161'),(1,241,220,'2026-05-04 07:25:26.256','2026-05-04 07:25:26.256'),(1,242,212,'2026-05-04 07:25:26.263','2026-05-04 07:25:26.263'),(1,243,224,'2026-05-04 07:25:26.276','2026-05-04 07:25:26.276'),(1,244,219,'2026-05-04 07:25:26.282','2026-05-04 07:25:26.282'),(1,245,217,'2026-05-04 07:25:26.288','2026-05-04 07:25:26.288'),(2,1,13,'2025-11-22 14:20:21.214','2025-11-22 14:20:21.214'),(2,8,14,'2025-11-22 14:20:21.316','2025-11-22 14:20:21.316'),(2,10,6,'2025-11-22 14:20:21.205','2025-11-22 14:20:21.205'),(2,13,12,'2025-11-22 14:20:21.312','2025-11-22 14:20:21.312'),(2,15,0,'2025-11-22 14:20:21.008','2025-11-22 14:20:21.008'),(2,21,9,'2025-11-22 14:20:21.307','2025-11-22 14:20:21.307'),(2,23,11,'2025-11-22 14:20:21.018','2025-11-22 14:20:21.018'),(2,28,7,'2025-11-22 14:20:21.210','2025-11-22 14:20:21.210'),(2,29,8,'2025-11-22 14:20:21.224','2025-11-22 14:20:21.224'),(2,33,24,'2026-05-04 07:25:27.850','2026-05-04 07:25:27.850'),(2,34,3,'2025-11-22 14:20:21.107','2025-11-22 14:20:21.107'),(2,39,4,'2025-11-22 14:20:21.013','2025-11-22 14:20:21.013'),(2,59,25,'2025-11-22 14:20:21.219','2026-05-04 07:25:27.557'),(2,62,5,'2025-11-22 14:20:21.325','2025-11-22 14:20:21.325'),(2,63,10,'2025-11-22 14:20:21.409','2025-11-22 14:20:21.409'),(2,78,22,'2026-05-04 07:25:27.858','2026-05-04 07:25:27.858'),(2,80,1,'2025-11-22 14:20:21.023','2025-11-22 14:20:21.023'),(2,81,2,'2025-11-22 14:20:21.320','2025-11-22 14:20:21.320'),(2,84,23,'2026-05-04 07:25:27.570','2026-05-04 07:25:27.570'),(2,106,17,'2026-01-28 16:22:10.730','2026-01-28 16:22:10.730'),(2,107,18,'2026-01-28 16:22:10.735','2026-01-28 16:22:10.735'),(2,116,15,'2026-01-28 16:22:10.724','2026-01-28 16:22:10.724'),(2,120,19,'2026-01-28 16:22:10.637','2026-01-28 16:22:10.637'),(2,124,20,'2026-01-28 16:22:10.643','2026-01-28 16:22:10.643'),(2,138,21,'2026-01-28 16:22:10.649','2026-01-28 16:22:10.649'),(2,146,16,'2026-01-28 16:22:10.631','2026-01-28 16:22:10.631'),(2,198,33,'2026-02-27 11:15:24.154','2026-05-04 07:25:27.353'),(2,200,31,'2026-05-04 07:25:27.564','2026-05-04 07:25:27.564'),(2,207,32,'2026-05-04 07:25:27.687','2026-05-04 07:25:27.687'),(2,209,30,'2026-05-04 07:25:27.679','2026-05-04 07:25:27.679'),(2,210,27,'2026-05-04 07:25:27.950','2026-05-04 07:25:27.950'),(2,211,29,'2026-02-27 11:15:24.174','2026-05-04 07:25:27.553'),(2,212,26,'2026-05-04 07:25:27.653','2026-05-04 07:25:27.653'),(2,213,28,'2026-05-04 07:25:27.671','2026-05-04 07:25:27.671'),(2,243,35,'2026-05-04 07:25:27.773','2026-05-04 07:25:27.773'),(2,244,34,'2026-05-04 07:25:27.871','2026-05-04 07:25:27.871'),(3,1,15,'2025-11-22 14:20:21.615','2025-12-22 06:27:06.464'),(3,6,8,'2025-11-22 14:20:21.513','2025-11-22 14:20:21.513'),(3,7,10,'2025-11-22 14:20:21.517','2025-11-22 14:20:21.517'),(3,8,20,'2025-11-22 14:20:21.809','2025-12-22 06:27:06.458'),(3,13,6,'2025-11-22 14:20:21.822','2025-11-22 14:20:21.822'),(3,14,9,'2025-11-22 14:20:21.905','2025-11-22 14:20:21.905'),(3,15,0,'2025-11-22 14:20:21.620','2025-11-22 14:20:21.620'),(3,23,5,'2025-11-22 14:20:21.714','2025-11-22 14:20:21.714'),(3,33,30,'2026-05-04 07:25:28.272','2026-05-04 07:25:28.272'),(3,34,3,'2025-11-22 14:20:21.704','2025-11-22 14:20:21.704'),(3,38,7,'2025-11-22 14:20:21.507','2025-11-22 14:20:21.507'),(3,39,4,'2025-11-22 14:20:21.709','2025-11-22 14:20:21.709'),(3,56,12,'2025-11-22 14:20:21.606','2025-11-22 14:20:21.606'),(3,57,13,'2025-11-22 14:20:21.611','2025-11-22 14:20:21.611'),(3,59,31,'2025-11-22 14:20:21.813','2026-05-04 07:25:28.150'),(3,65,11,'2025-11-22 14:20:21.524','2025-11-22 14:20:21.524'),(3,66,19,'2025-11-22 14:20:21.804','2025-12-22 06:27:06.455'),(3,78,28,'2026-05-04 07:25:28.169','2026-05-04 07:25:28.169'),(3,80,1,'2025-11-22 14:20:21.433','2025-11-22 14:20:21.433'),(3,81,2,'2025-11-22 14:20:21.817','2025-11-22 14:20:21.817'),(3,84,29,'2026-05-04 07:25:28.460','2026-05-04 07:25:28.460'),(3,90,18,'2025-11-22 14:20:21.718','2025-12-22 06:27:06.555'),(3,98,16,'2025-12-17 10:04:47.541','2025-12-22 06:27:06.467'),(3,99,17,'2025-12-17 10:04:47.535','2025-12-22 06:27:06.470'),(3,100,14,'2025-12-22 06:27:06.755','2025-12-22 06:27:06.755'),(3,106,23,'2026-01-28 16:22:11.032','2026-01-28 16:22:11.032'),(3,107,24,'2026-01-28 16:22:10.930','2026-01-28 16:22:10.930'),(3,116,21,'2026-01-28 16:22:10.938','2026-01-28 16:22:10.938'),(3,120,25,'2026-01-28 16:22:11.221','2026-01-28 16:22:11.221'),(3,124,26,'2026-01-28 16:22:11.020','2026-01-28 16:22:11.020'),(3,138,27,'2026-01-28 16:22:11.228','2026-01-28 16:22:11.228'),(3,146,22,'2026-01-28 16:22:11.026','2026-01-28 16:22:11.026'),(3,198,39,'2026-02-27 11:15:25.232','2026-05-04 07:25:28.156'),(3,200,37,'2026-05-04 07:25:28.256','2026-05-04 07:25:28.256'),(3,207,38,'2026-05-04 07:25:28.453','2026-05-04 07:25:28.453'),(3,209,36,'2026-05-04 07:25:28.183','2026-05-04 07:25:28.183'),(3,210,33,'2026-05-04 07:25:28.176','2026-05-04 07:25:28.176'),(3,211,35,'2026-02-27 11:15:25.224','2026-05-04 07:25:28.160'),(3,212,32,'2026-05-04 07:25:28.468','2026-05-04 07:25:28.468'),(3,213,34,'2026-05-04 07:25:28.555','2026-05-04 07:25:28.555'),(3,243,41,'2026-05-04 07:25:28.353','2026-05-04 07:25:28.353'),(3,244,40,'2026-05-04 07:25:28.360','2026-05-04 07:25:28.360'),(4,1,7,'2025-11-22 14:20:22.318','2025-11-22 14:20:22.318'),(4,2,14,'2025-11-22 14:20:22.108','2025-11-22 14:20:22.108'),(4,8,15,'2025-11-22 14:20:22.213','2025-11-22 14:20:22.213'),(4,13,6,'2025-11-22 14:20:22.314','2025-11-22 14:20:22.314'),(4,15,0,'2025-11-22 14:20:22.122','2025-11-22 14:20:22.122'),(4,23,5,'2025-11-22 14:20:22.328','2025-11-22 14:20:22.328'),(4,33,60,'2026-05-04 07:25:29.556','2026-05-04 07:25:29.556'),(4,34,3,'2025-11-22 14:20:22.209','2025-11-22 14:20:22.209'),(4,39,4,'2025-11-22 14:20:22.309','2025-11-22 14:20:22.309'),(4,58,12,'2025-11-22 14:20:22.324','2025-11-22 14:20:22.324'),(4,59,61,'2025-11-22 14:20:22.304','2026-05-04 07:25:29.262'),(4,67,8,'2025-11-22 14:20:22.015','2025-11-22 14:20:22.015'),(4,70,9,'2025-11-22 14:20:22.117','2025-11-22 14:20:22.117'),(4,71,10,'2025-11-22 14:20:22.020','2025-11-22 14:20:22.020'),(4,78,58,'2026-05-04 07:25:29.575','2026-05-04 07:25:29.575'),(4,80,1,'2025-11-22 14:20:22.112','2025-11-22 14:20:22.112'),(4,81,2,'2025-11-22 14:20:22.204','2025-11-22 14:20:22.204'),(4,83,13,'2025-11-22 14:20:22.104','2025-11-22 14:20:22.104'),(4,84,59,'2026-05-04 07:25:29.467','2026-05-04 07:25:29.467'),(4,87,11,'2025-11-22 14:20:22.025','2025-11-22 14:20:22.025'),(4,101,16,'2026-01-28 16:22:11.821','2026-01-28 16:22:11.821'),(4,106,21,'2026-01-28 16:22:12.744','2026-02-02 09:59:43.159'),(4,107,22,'2026-01-28 16:22:13.345','2026-02-02 09:59:42.955'),(4,110,29,'2026-01-28 16:22:13.521','2026-02-02 09:59:42.850'),(4,111,18,'2026-01-28 16:22:14.820','2026-01-28 16:22:14.820'),(4,114,38,'2026-01-28 16:22:12.239','2026-02-02 09:59:43.136'),(4,115,40,'2026-01-28 16:22:14.422','2026-02-02 09:59:43.045'),(4,116,19,'2026-01-28 16:22:14.636','2026-02-02 09:59:43.147'),(4,120,23,'2026-01-28 16:22:13.422','2026-02-02 09:59:42.946'),(4,124,24,'2026-01-28 16:22:12.524','2026-02-02 09:59:42.941'),(4,125,26,'2026-01-28 16:22:12.914','2026-02-02 09:59:42.845'),(4,126,28,'2026-01-28 16:22:13.819','2026-02-02 09:59:43.051'),(4,128,46,'2026-01-28 16:22:13.239','2026-02-02 09:59:43.167'),(4,136,49,'2026-01-28 16:22:13.330','2026-02-02 09:59:43.058'),(4,138,25,'2026-01-28 16:22:14.738','2026-02-02 09:59:43.040'),(4,139,31,'2026-01-28 16:22:14.623','2026-02-02 09:59:42.962'),(4,140,39,'2026-01-28 16:22:14.339','2026-02-02 09:59:43.140'),(4,141,53,'2026-01-28 16:22:14.021','2026-02-02 09:59:43.164'),(4,142,57,'2026-01-28 16:22:13.429','2026-02-02 09:59:42.847'),(4,144,41,'2026-01-28 16:22:14.536','2026-02-02 09:59:43.055'),(4,146,20,'2026-01-28 16:22:14.727','2026-02-02 09:59:43.043'),(4,148,33,'2026-01-28 16:22:11.833','2026-02-02 09:59:43.153'),(4,149,36,'2026-01-28 16:22:12.529','2026-02-02 09:59:43.143'),(4,150,54,'2026-01-28 16:22:13.034','2026-02-02 09:59:42.836'),(4,153,30,'2026-01-28 16:22:14.530','2026-02-02 09:59:42.948'),(4,154,34,'2026-01-28 16:22:12.039','2026-02-02 09:59:42.938'),(4,156,42,'2026-01-28 16:22:14.429','2026-02-02 09:59:42.944'),(4,157,43,'2026-01-28 16:22:13.825','2026-02-02 09:59:42.839'),(4,158,45,'2026-01-28 16:22:14.435','2026-02-02 09:59:42.753'),(4,164,56,'2026-01-28 16:22:12.416','2026-02-02 09:59:42.960'),(4,166,37,'2026-01-28 16:22:12.233','2026-02-02 09:59:43.061'),(4,167,47,'2026-01-28 16:22:11.924','2026-02-02 09:59:43.162'),(4,173,44,'2026-01-28 16:22:14.237','2026-02-02 09:59:43.238'),(4,176,27,'2026-01-28 16:22:12.921','2026-02-02 09:59:43.047'),(4,177,48,'2026-01-28 16:22:12.820','2026-02-02 09:59:42.952'),(4,180,51,'2026-01-28 16:22:12.737','2026-02-02 09:59:43.036'),(4,182,32,'2026-01-28 16:22:14.744','2026-02-02 09:59:42.842'),(4,183,52,'2026-01-28 16:22:13.027','2026-02-02 09:59:42.957'),(4,188,50,'2026-01-28 16:22:11.733','2026-02-02 09:59:42.872'),(4,195,17,'2026-01-28 16:22:14.028','2026-01-28 16:22:14.028'),(4,196,35,'2026-01-28 16:22:14.332','2026-02-02 09:59:42.748'),(4,197,55,'2026-01-28 16:22:11.739','2026-02-02 09:59:43.156'),(4,198,69,'2026-02-27 11:15:25.525','2026-05-04 07:25:29.258'),(4,200,67,'2026-05-04 07:25:29.563','2026-05-04 07:25:29.563'),(4,207,68,'2026-05-04 07:25:29.568','2026-05-04 07:25:29.568'),(4,209,66,'2026-05-04 07:25:29.374','2026-05-04 07:25:29.374'),(4,210,63,'2026-05-04 07:25:29.277','2026-05-04 07:25:29.277'),(4,211,65,'2026-02-27 11:15:25.517','2026-05-04 07:25:29.253'),(4,212,62,'2026-05-04 07:25:29.452','2026-05-04 07:25:29.452'),(4,213,64,'2026-05-04 07:25:29.354','2026-05-04 07:25:29.354'),(4,243,71,'2026-05-04 07:25:29.270','2026-05-04 07:25:29.270'),(4,244,70,'2026-05-04 07:25:29.459','2026-05-04 07:25:29.459'),(5,1,7,'2025-11-22 14:20:22.714','2025-11-22 14:20:22.714'),(5,3,21,'2025-11-22 14:20:22.609','2026-01-28 16:22:18.335'),(5,8,8,'2025-11-22 14:20:22.811','2025-11-22 14:20:22.811'),(5,13,6,'2025-11-22 14:20:22.519','2025-11-22 14:20:22.519'),(5,15,0,'2025-11-22 14:20:22.416','2025-11-22 14:20:22.416'),(5,19,19,'2025-11-22 14:20:22.504','2026-01-28 16:22:18.333'),(5,23,5,'2025-11-22 14:20:22.806','2025-11-22 14:20:22.806'),(5,33,18,'2025-11-22 14:20:22.604','2026-01-28 16:22:18.330'),(5,34,3,'2025-11-22 14:20:22.709','2025-11-22 14:20:22.709'),(5,39,4,'2025-11-22 14:20:22.514','2025-11-22 14:20:22.514'),(5,59,23,'2025-11-22 14:20:22.704','2026-01-28 16:22:18.341'),(5,72,22,'2025-11-22 14:20:22.614','2026-01-28 16:22:18.324'),(5,78,16,'2025-11-22 14:20:22.421','2026-01-28 16:22:18.321'),(5,79,20,'2025-11-22 14:20:22.724','2026-01-28 16:22:18.327'),(5,80,1,'2025-11-22 14:20:22.509','2025-11-22 14:20:22.509'),(5,81,2,'2025-11-22 14:20:22.794','2025-11-22 14:20:22.794'),(5,84,17,'2025-11-22 14:20:22.718','2026-01-28 16:22:18.338'),(5,106,11,'2026-01-28 16:22:18.528','2026-01-28 16:22:18.528'),(5,107,12,'2026-01-28 16:22:18.533','2026-01-28 16:22:18.533'),(5,116,9,'2026-01-28 16:22:18.522','2026-01-28 16:22:18.522'),(5,120,13,'2026-01-28 16:22:18.425','2026-01-28 16:22:18.425'),(5,124,14,'2026-01-28 16:22:18.431','2026-01-28 16:22:18.431'),(5,138,15,'2026-01-28 16:22:18.347','2026-01-28 16:22:18.347'),(5,146,10,'2026-01-28 16:22:18.353','2026-01-28 16:22:18.353'),(5,198,35,'2026-02-27 11:15:27.334','2026-05-04 07:25:36.383'),(5,200,33,'2026-05-04 07:25:36.552','2026-05-04 07:25:36.552'),(5,201,29,'2026-02-18 15:10:42.552','2026-02-18 15:10:42.552'),(5,202,28,'2026-02-18 15:10:42.569','2026-02-18 15:10:42.569'),(5,203,27,'2026-02-18 15:10:42.457','2026-02-18 15:10:42.457'),(5,205,30,'2026-02-18 15:10:42.633','2026-02-18 15:10:42.633'),(5,207,34,'2026-05-04 07:25:36.560','2026-05-04 07:25:36.560'),(5,209,32,'2026-05-04 07:25:36.453','2026-05-04 07:25:36.453'),(5,210,25,'2026-02-18 15:10:42.543','2026-02-18 15:10:42.543'),(5,211,31,'2026-02-18 15:10:42.535','2026-02-18 15:10:42.535'),(5,212,24,'2026-02-18 15:10:42.560','2026-02-18 15:10:42.560'),(5,213,26,'2026-02-18 15:10:42.465','2026-02-18 15:10:42.465'),(5,243,37,'2026-05-04 07:25:36.569','2026-05-04 07:25:36.569'),(5,244,36,'2026-05-04 07:25:36.575','2026-05-04 07:25:36.575'),(6,1,17,'2025-11-22 14:20:23.109','2025-12-17 10:04:48.232'),(6,4,14,'2025-11-22 14:20:23.210','2025-11-22 14:20:23.210'),(6,8,18,'2025-11-22 14:20:23.315','2025-12-17 10:04:48.234'),(6,11,7,'2025-11-22 14:20:22.917','2025-11-22 14:20:22.917'),(6,12,13,'2025-11-22 14:20:23.310','2025-11-22 14:20:23.310'),(6,13,16,'2025-11-22 14:20:23.215','2025-12-17 10:04:48.228'),(6,15,0,'2025-11-22 14:20:23.114','2025-11-22 14:20:23.114'),(6,17,10,'2025-11-22 14:20:23.302','2025-11-22 14:20:23.302'),(6,22,6,'2025-11-22 14:20:23.014','2025-11-22 14:20:23.014'),(6,23,11,'2025-11-22 14:20:23.019','2025-11-22 14:20:23.019'),(6,33,28,'2026-05-04 07:25:51.985','2026-05-04 07:25:51.985'),(6,34,3,'2025-11-22 14:20:22.912','2025-11-22 14:20:22.912'),(6,39,4,'2025-11-22 14:20:23.119','2025-11-22 14:20:23.119'),(6,40,9,'2025-11-22 14:20:23.004','2025-11-22 14:20:23.004'),(6,41,12,'2025-11-22 14:20:23.104','2025-11-22 14:20:23.104'),(6,48,8,'2025-11-22 14:20:23.204','2025-11-22 14:20:23.204'),(6,59,29,'2025-11-22 14:20:23.220','2026-05-04 07:25:51.256'),(6,78,26,'2026-05-04 07:25:51.470','2026-05-04 07:25:51.470'),(6,80,1,'2025-11-22 14:20:23.009','2025-11-22 14:20:23.009'),(6,81,2,'2025-11-22 14:20:22.907','2025-11-22 14:20:22.907'),(6,84,27,'2026-05-04 07:25:51.272','2026-05-04 07:25:51.272'),(6,91,5,'2025-11-22 14:20:23.124','2025-11-22 14:20:23.124'),(6,97,15,'2025-12-17 10:04:48.238','2025-12-17 10:04:48.238'),(6,106,21,'2026-01-28 16:22:18.730','2026-01-28 16:22:18.730'),(6,107,22,'2026-01-28 16:22:18.827','2026-01-28 16:22:18.827'),(6,116,19,'2026-01-28 16:22:18.630','2026-01-28 16:22:18.630'),(6,120,23,'2026-01-28 16:22:18.635','2026-01-28 16:22:18.635'),(6,124,24,'2026-01-28 16:22:18.737','2026-01-28 16:22:18.737'),(6,138,25,'2026-01-28 16:22:18.724','2026-01-28 16:22:18.724'),(6,146,20,'2026-01-28 16:22:18.820','2026-01-28 16:22:18.820'),(6,198,37,'2026-02-27 11:15:28.838','2026-05-04 07:25:51.264'),(6,200,35,'2026-05-04 07:25:51.667','2026-05-04 07:25:51.667'),(6,207,36,'2026-05-04 07:25:51.353','2026-05-04 07:25:51.353'),(6,209,34,'2026-05-04 07:25:51.659','2026-05-04 07:25:51.659'),(6,210,31,'2026-05-04 07:25:51.650','2026-05-04 07:25:51.650'),(6,211,33,'2026-02-27 11:15:28.910','2026-05-04 07:25:51.260'),(6,212,30,'2026-05-04 07:25:51.368','2026-05-04 07:25:51.368'),(6,213,32,'2026-05-04 07:25:51.454','2026-05-04 07:25:51.454'),(6,230,40,'2026-05-04 07:25:52.080','2026-05-04 07:25:52.080'),(6,231,51,'2026-05-04 07:25:51.854','2026-05-04 07:25:51.854'),(6,232,53,'2026-05-04 07:25:52.160','2026-05-04 07:25:52.160'),(6,233,42,'2026-05-04 07:25:51.462','2026-05-04 07:25:51.462'),(6,234,47,'2026-05-04 07:25:51.969','2026-05-04 07:25:51.969'),(6,235,39,'2026-05-04 07:25:52.072','2026-05-04 07:25:52.072'),(6,236,48,'2026-05-04 07:25:51.978','2026-05-04 07:25:51.978'),(6,237,52,'2026-05-04 07:25:51.570','2026-05-04 07:25:51.570'),(6,238,44,'2026-05-04 07:25:51.555','2026-05-04 07:25:51.555'),(6,239,49,'2026-05-04 07:25:51.562','2026-05-04 07:25:51.562'),(6,240,41,'2026-05-04 07:25:51.950','2026-05-04 07:25:51.950'),(6,241,46,'2026-05-04 07:25:51.869','2026-05-04 07:25:51.869'),(6,242,38,'2026-05-04 07:25:51.361','2026-05-04 07:25:51.361'),(6,243,50,'2026-05-04 07:25:52.153','2026-05-04 07:25:52.153'),(6,244,45,'2026-05-04 07:25:51.862','2026-05-04 07:25:51.862'),(6,245,43,'2026-05-04 07:25:51.754','2026-05-04 07:25:51.754'),(7,1,24,'2025-11-22 14:20:24.204','2025-11-22 14:20:24.204'),(7,8,25,'2025-11-22 14:20:24.209','2025-11-22 14:20:24.209'),(7,13,6,'2025-11-22 14:20:24.218','2025-11-22 14:20:24.218'),(7,15,0,'2025-11-22 14:20:24.213','2025-11-22 14:20:24.213'),(7,23,5,'2025-11-22 14:20:24.004','2025-11-22 14:20:24.004'),(7,26,11,'2025-11-22 14:20:24.305','2025-11-22 14:20:24.305'),(7,27,15,'2025-11-22 14:20:24.109','2025-11-22 14:20:24.109'),(7,33,35,'2026-05-04 07:25:52.468','2026-05-04 07:25:52.468'),(7,34,3,'2025-11-22 14:20:23.923','2025-11-22 14:20:23.923'),(7,37,8,'2025-11-22 14:20:23.717','2025-11-22 14:20:23.717'),(7,39,4,'2025-11-22 14:20:24.026','2025-11-22 14:20:24.026'),(7,45,12,'2025-11-22 14:20:24.105','2025-11-22 14:20:24.105'),(7,46,17,'2025-11-22 14:20:23.811','2025-11-22 14:20:23.811'),(7,51,10,'2025-11-22 14:20:24.294','2025-11-22 14:20:24.294'),(7,52,13,'2025-11-22 14:20:24.008','2025-11-22 14:20:24.008'),(7,53,18,'2025-11-22 14:20:23.816','2025-11-22 14:20:23.816'),(7,54,19,'2025-11-22 14:20:23.907','2025-11-22 14:20:23.907'),(7,59,36,'2025-11-22 14:20:24.022','2026-05-04 07:25:52.369'),(7,68,16,'2025-11-22 14:20:24.114','2025-11-22 14:20:24.114'),(7,69,23,'2025-11-22 14:20:24.017','2025-11-22 14:20:24.017'),(7,77,21,'2025-11-22 14:20:24.311','2025-11-22 14:20:24.311'),(7,78,33,'2026-05-04 07:25:52.452','2026-05-04 07:25:52.452'),(7,80,1,'2025-11-22 14:20:23.713','2025-11-22 14:20:23.713'),(7,81,2,'2025-11-22 14:20:23.918','2025-11-22 14:20:23.918'),(7,84,34,'2026-05-04 07:25:52.573','2026-05-04 07:25:52.573'),(7,85,7,'2025-11-22 14:20:24.223','2025-11-22 14:20:24.223'),(7,86,14,'2025-11-22 14:20:23.807','2025-11-22 14:20:23.807'),(7,89,9,'2025-11-22 14:20:23.722','2025-11-22 14:20:23.722'),(7,94,20,'2025-11-22 14:20:23.912','2025-11-22 14:20:23.912'),(7,95,22,'2025-11-22 14:20:24.013','2025-11-22 14:20:24.013'),(7,106,28,'2026-01-28 16:22:19.326','2026-01-28 16:22:19.326'),(7,107,29,'2026-01-28 16:22:19.029','2026-01-28 16:22:19.029'),(7,116,26,'2026-01-28 16:22:18.945','2026-01-28 16:22:18.945'),(7,120,30,'2026-01-28 16:22:19.024','2026-01-28 16:22:19.024'),(7,124,31,'2026-01-28 16:22:19.318','2026-01-28 16:22:19.318'),(7,138,32,'2026-01-28 16:22:18.925','2026-01-28 16:22:18.925'),(7,146,27,'2026-01-28 16:22:18.932','2026-01-28 16:22:18.932'),(7,198,44,'2026-02-27 11:15:29.013','2026-05-04 07:25:52.281'),(7,200,42,'2026-05-04 07:25:52.552','2026-05-04 07:25:52.552'),(7,207,43,'2026-05-04 07:25:52.560','2026-05-04 07:25:52.560'),(7,209,41,'2026-05-04 07:25:52.656','2026-05-04 07:25:52.656'),(7,210,38,'2026-05-04 07:25:52.459','2026-05-04 07:25:52.459'),(7,211,40,'2026-02-27 11:15:29.022','2026-05-04 07:25:52.285'),(7,212,37,'2026-05-04 07:25:52.671','2026-05-04 07:25:52.671'),(7,213,39,'2026-05-04 07:25:52.664','2026-05-04 07:25:52.664'),(7,243,46,'2026-05-04 07:25:52.567','2026-05-04 07:25:52.567'),(7,244,45,'2026-05-04 07:25:52.376','2026-05-04 07:25:52.376'),(8,1,30,'2025-11-22 14:20:24.910','2025-11-22 14:20:24.910'),(8,5,14,'2025-11-22 14:20:24.919','2025-11-22 14:20:24.919'),(8,8,31,'2025-11-22 14:20:24.412','2025-11-22 14:20:24.412'),(8,13,13,'2025-11-22 14:20:25.106','2025-11-22 14:20:25.106'),(8,15,0,'2025-11-22 14:20:25.007','2025-11-22 14:20:25.007'),(8,18,22,'2025-11-22 14:20:24.612','2025-11-22 14:20:24.612'),(8,23,5,'2025-11-22 14:20:25.016','2025-11-22 14:20:25.016'),(8,24,15,'2025-11-22 14:20:24.923','2025-11-22 14:20:24.923'),(8,25,17,'2025-11-22 14:20:25.002','2025-11-22 14:20:25.002'),(8,30,7,'2025-11-22 14:20:24.713','2025-11-22 14:20:24.713'),(8,31,9,'2025-11-22 14:20:24.509','2025-11-22 14:20:24.509'),(8,32,10,'2025-11-22 14:20:24.607','2025-11-22 14:20:24.607'),(8,33,41,'2026-05-04 07:25:53.168','2026-05-04 07:25:53.168'),(8,34,3,'2025-11-22 14:20:25.120','2025-11-22 14:20:25.120'),(8,35,18,'2025-11-22 14:20:24.807','2025-11-22 14:20:24.807'),(8,36,19,'2025-11-22 14:20:25.012','2025-11-22 14:20:25.012'),(8,39,4,'2025-11-22 14:20:24.704','2025-11-22 14:20:24.704'),(8,42,6,'2025-11-22 14:20:24.709','2025-11-22 14:20:24.709'),(8,43,24,'2025-11-22 14:20:24.518','2025-11-22 14:20:24.518'),(8,44,26,'2025-11-22 14:20:24.622','2025-11-22 14:20:24.622'),(8,49,27,'2025-11-22 14:20:25.116','2025-11-22 14:20:25.116'),(8,50,29,'2025-11-22 14:20:24.626','2025-11-22 14:20:24.626'),(8,55,16,'2025-11-22 14:20:24.513','2025-11-22 14:20:24.513'),(8,59,42,'2025-11-22 14:20:24.504','2026-05-04 07:25:52.869'),(8,64,8,'2025-11-22 14:20:24.802','2025-11-22 14:20:24.802'),(8,74,12,'2025-11-22 14:20:25.021','2025-11-22 14:20:25.021'),(8,75,20,'2025-11-22 14:20:25.204','2025-11-22 14:20:25.204'),(8,76,21,'2025-11-22 14:20:25.111','2025-11-22 14:20:25.111'),(8,78,39,'2026-05-04 07:25:52.977','2026-05-04 07:25:52.977'),(8,80,1,'2025-11-22 14:20:24.527','2025-11-22 14:20:24.527'),(8,81,2,'2025-11-22 14:20:24.408','2025-11-22 14:20:24.408'),(8,82,25,'2025-11-22 14:20:24.905','2025-11-22 14:20:24.905'),(8,84,40,'2026-05-04 07:25:53.175','2026-05-04 07:25:53.175'),(8,88,11,'2025-11-22 14:20:24.914','2025-11-22 14:20:24.914'),(8,92,23,'2025-11-22 14:20:24.617','2025-11-22 14:20:24.617'),(8,93,28,'2025-11-22 14:20:24.523','2025-11-22 14:20:24.523'),(8,106,34,'2026-01-28 16:22:19.534','2026-01-28 16:22:19.534'),(8,107,35,'2026-01-28 16:22:19.628','2026-01-28 16:22:19.628'),(8,116,32,'2026-01-28 16:22:19.620','2026-01-28 16:22:19.620'),(8,120,36,'2026-01-28 16:22:19.633','2026-01-28 16:22:19.633'),(8,124,37,'2026-01-28 16:22:19.529','2026-01-28 16:22:19.529'),(8,138,38,'2026-01-28 16:22:19.539','2026-01-28 16:22:19.539'),(8,146,33,'2026-01-28 16:22:19.718','2026-01-28 16:22:19.718'),(8,198,50,'2026-02-27 11:15:29.134','2026-05-04 07:25:52.876'),(8,200,48,'2026-05-04 07:25:52.970','2026-05-04 07:25:52.970'),(8,207,49,'2026-05-04 07:25:53.183','2026-05-04 07:25:53.183'),(8,209,47,'2026-05-04 07:25:53.084','2026-05-04 07:25:53.084'),(8,210,44,'2026-05-04 07:25:52.990','2026-05-04 07:25:52.990'),(8,211,46,'2026-02-27 11:15:29.125','2026-05-04 07:25:52.873'),(8,212,43,'2026-05-04 07:25:53.253','2026-05-04 07:25:53.253'),(8,213,45,'2026-05-04 07:25:52.984','2026-05-04 07:25:52.984'),(8,243,52,'2026-05-04 07:25:53.078','2026-05-04 07:25:53.078'),(8,244,51,'2026-05-04 07:25:53.071','2026-05-04 07:25:53.071'),(9,1,29,'2025-11-22 14:20:25.907','2025-11-22 14:20:25.907'),(9,5,13,'2025-11-22 14:20:25.902','2025-11-22 14:20:25.902'),(9,8,30,'2025-11-22 14:20:25.318','2025-11-22 14:20:25.318'),(9,13,12,'2025-11-22 14:20:25.709','2025-11-22 14:20:25.709'),(9,15,0,'2025-11-22 14:20:25.322','2025-11-22 14:20:25.322'),(9,18,21,'2025-11-22 14:20:25.713','2025-11-22 14:20:25.713'),(9,23,5,'2025-11-22 14:20:25.519','2025-11-22 14:20:25.519'),(9,24,14,'2025-11-22 14:20:25.523','2025-11-22 14:20:25.523'),(9,25,16,'2025-11-22 14:20:25.412','2025-11-22 14:20:25.412'),(9,30,7,'2025-11-22 14:20:25.402','2025-11-22 14:20:25.402'),(9,31,9,'2025-11-22 14:20:25.726','2025-11-22 14:20:25.726'),(9,32,10,'2025-11-22 14:20:25.807','2025-11-22 14:20:25.807'),(9,33,40,'2026-05-04 07:25:53.452','2026-05-04 07:25:53.452'),(9,34,3,'2025-11-22 14:20:25.305','2025-11-22 14:20:25.305'),(9,35,17,'2025-11-22 14:20:25.618','2025-11-22 14:20:25.618'),(9,36,18,'2025-11-22 14:20:25.416','2025-11-22 14:20:25.416'),(9,39,4,'2025-11-22 14:20:25.614','2025-11-22 14:20:25.614'),(9,42,6,'2025-11-22 14:20:25.326','2025-11-22 14:20:25.326'),(9,43,23,'2025-11-22 14:20:25.504','2025-11-22 14:20:25.504'),(9,44,25,'2025-11-22 14:20:25.314','2025-11-22 14:20:25.314'),(9,49,26,'2025-11-22 14:20:25.704','2025-11-22 14:20:25.704'),(9,50,28,'2025-11-22 14:20:25.816','2025-11-22 14:20:25.816'),(9,55,15,'2025-11-22 14:20:25.604','2025-11-22 14:20:25.604'),(9,59,41,'2025-11-22 14:20:25.609','2026-05-04 07:25:53.370'),(9,64,8,'2025-11-22 14:20:25.722','2025-11-22 14:20:25.722'),(9,74,11,'2025-11-22 14:20:25.408','2025-11-22 14:20:25.408'),(9,75,19,'2025-11-22 14:20:25.623','2025-11-22 14:20:25.623'),(9,76,20,'2025-11-22 14:20:25.420','2025-11-22 14:20:25.420'),(9,78,38,'2026-05-04 07:25:53.560','2026-05-04 07:25:53.560'),(9,80,1,'2025-11-22 14:20:25.514','2025-11-22 14:20:25.514'),(9,81,2,'2025-11-22 14:20:25.717','2025-11-22 14:20:25.717'),(9,82,24,'2025-11-22 14:20:25.509','2025-11-22 14:20:25.509'),(9,84,39,'2026-05-04 07:25:53.765','2026-05-04 07:25:53.765'),(9,92,22,'2025-11-22 14:20:25.309','2025-11-22 14:20:25.309'),(9,93,27,'2025-11-22 14:20:25.811','2025-11-22 14:20:25.811'),(9,106,33,'2026-01-28 16:22:19.927','2026-01-28 16:22:19.927'),(9,107,34,'2026-01-28 16:22:19.821','2026-01-28 16:22:19.821'),(9,116,31,'2026-01-28 16:22:19.939','2026-01-28 16:22:19.939'),(9,120,35,'2026-01-28 16:22:19.934','2026-01-28 16:22:19.934'),(9,124,36,'2026-01-28 16:22:19.827','2026-01-28 16:22:19.827'),(9,138,37,'2026-01-28 16:22:19.921','2026-01-28 16:22:19.921'),(9,146,32,'2026-01-28 16:22:19.833','2026-01-28 16:22:19.833'),(9,198,49,'2026-02-27 11:15:29.236','2026-05-04 07:25:53.374'),(9,200,47,'2026-05-04 07:25:53.459','2026-05-04 07:25:53.459'),(9,207,48,'2026-05-04 07:25:53.574','2026-05-04 07:25:53.574'),(9,209,46,'2026-05-04 07:25:53.567','2026-05-04 07:25:53.567'),(9,210,43,'2026-05-04 07:25:53.774','2026-05-04 07:25:53.774'),(9,211,45,'2026-02-27 11:15:29.313','2026-05-04 07:25:53.357'),(9,212,42,'2026-05-04 07:25:53.756','2026-05-04 07:25:53.756'),(9,213,44,'2026-05-04 07:25:53.671','2026-05-04 07:25:53.671'),(9,243,51,'2026-05-04 07:25:53.658','2026-05-04 07:25:53.658'),(9,244,50,'2026-05-04 07:25:53.550','2026-05-04 07:25:53.550'),(10,1,10,'2025-11-22 14:20:26.413','2025-11-22 14:20:26.413'),(10,8,11,'2025-11-22 14:20:26.417','2025-11-22 14:20:26.417'),(10,13,9,'2025-11-22 14:20:26.409','2025-11-22 14:20:26.409'),(10,15,0,'2025-11-22 14:20:26.422','2025-11-22 14:20:26.422'),(10,23,5,'2025-11-22 14:20:26.002','2025-11-22 14:20:26.002'),(10,30,7,'2025-11-22 14:20:26.202','2025-11-22 14:20:26.202'),(10,33,21,'2026-05-04 07:25:54.156','2026-05-04 07:25:54.156'),(10,34,3,'2025-11-22 14:20:26.319','2025-11-22 14:20:26.319'),(10,39,4,'2025-11-22 14:20:26.324','2025-11-22 14:20:26.324'),(10,42,6,'2025-11-22 14:20:26.007','2025-11-22 14:20:26.007'),(10,59,22,'2025-11-22 14:20:26.305','2026-05-04 07:25:53.961'),(10,64,8,'2025-11-22 14:20:26.404','2025-11-22 14:20:26.404'),(10,78,19,'2026-05-04 07:25:53.975','2026-05-04 07:25:53.975'),(10,80,1,'2025-11-22 14:20:26.310','2025-11-22 14:20:26.310'),(10,81,2,'2025-11-22 14:20:26.315','2025-11-22 14:20:26.315'),(10,84,20,'2026-05-04 07:25:54.059','2026-05-04 07:25:54.059'),(10,106,14,'2026-01-28 16:22:20.217','2026-01-28 16:22:20.217'),(10,107,15,'2026-01-28 16:22:20.229','2026-01-28 16:22:20.229'),(10,116,12,'2026-01-28 16:22:20.118','2026-01-28 16:22:20.118'),(10,120,16,'2026-01-28 16:22:20.045','2026-01-28 16:22:20.045'),(10,124,17,'2026-01-28 16:22:20.235','2026-01-28 16:22:20.235'),(10,138,18,'2026-01-28 16:22:20.316','2026-01-28 16:22:20.316'),(10,146,13,'2026-01-28 16:22:20.223','2026-01-28 16:22:20.223'),(10,198,30,'2026-02-27 11:15:29.418','2026-05-04 07:25:53.957'),(10,200,28,'2026-05-04 07:25:54.176','2026-05-04 07:25:54.176'),(10,207,29,'2026-05-04 07:25:54.257','2026-05-04 07:25:54.257'),(10,209,27,'2026-05-04 07:25:54.355','2026-05-04 07:25:54.355'),(10,210,24,'2026-05-04 07:25:54.168','2026-05-04 07:25:54.168'),(10,211,26,'2026-02-27 11:15:29.410','2026-05-04 07:25:53.953'),(10,212,23,'2026-05-04 07:25:54.274','2026-05-04 07:25:54.274'),(10,213,25,'2026-05-04 07:25:54.050','2026-05-04 07:25:54.050'),(10,243,32,'2026-05-04 07:25:53.983','2026-05-04 07:25:53.983'),(10,244,31,'2026-05-04 07:25:54.075','2026-05-04 07:25:54.075'),(11,1,15,'2025-11-22 14:20:26.894','2025-11-22 14:20:26.894'),(11,5,8,'2025-11-22 14:20:26.809','2025-11-22 14:20:26.809'),(11,8,16,'2025-11-22 14:20:26.623','2025-11-22 14:20:26.623'),(11,13,7,'2025-11-22 14:20:26.818','2025-11-22 14:20:26.818'),(11,15,0,'2025-11-22 14:20:26.720','2025-11-22 14:20:26.720'),(11,23,5,'2025-11-22 14:20:26.804','2025-11-22 14:20:26.804'),(11,24,9,'2025-11-22 14:20:26.823','2025-11-22 14:20:26.823'),(11,25,11,'2025-11-22 14:20:26.609','2025-11-22 14:20:26.609'),(11,33,26,'2026-05-04 07:25:54.967','2026-05-04 07:25:54.967'),(11,34,3,'2025-11-22 14:20:26.710','2025-11-22 14:20:26.710'),(11,35,12,'2025-11-22 14:20:26.614','2025-11-22 14:20:26.614'),(11,36,13,'2025-11-22 14:20:26.814','2025-11-22 14:20:26.814'),(11,39,4,'2025-11-22 14:20:26.524','2025-11-22 14:20:26.524'),(11,42,6,'2025-11-22 14:20:26.604','2025-11-22 14:20:26.604'),(11,55,10,'2025-11-22 14:20:26.715','2025-11-22 14:20:26.715'),(11,59,27,'2025-11-22 14:20:26.705','2026-05-04 07:25:54.761'),(11,75,14,'2025-11-22 14:20:26.619','2025-11-22 14:20:26.619'),(11,78,24,'2026-05-04 07:25:54.870','2026-05-04 07:25:54.870'),(11,80,1,'2025-11-22 14:20:26.517','2025-11-22 14:20:26.517'),(11,81,2,'2025-11-22 14:20:26.725','2025-11-22 14:20:26.725'),(11,84,25,'2026-05-04 07:25:55.153','2026-05-04 07:25:55.153'),(11,106,19,'2026-01-28 16:22:20.436','2026-01-28 16:22:20.436'),(11,107,20,'2026-01-28 16:22:20.442','2026-01-28 16:22:20.442'),(11,116,17,'2026-01-28 16:22:20.423','2026-01-28 16:22:20.423'),(11,120,21,'2026-01-28 16:22:20.447','2026-01-28 16:22:20.447'),(11,124,22,'2026-01-28 16:22:20.523','2026-01-28 16:22:20.523'),(11,138,23,'2026-01-28 16:22:20.530','2026-01-28 16:22:20.530'),(11,146,18,'2026-01-28 16:22:20.430','2026-01-28 16:22:20.430'),(11,198,35,'2026-02-27 11:15:29.516','2026-05-04 07:25:54.769'),(11,200,33,'2026-05-04 07:25:54.958','2026-05-04 07:25:54.958'),(11,207,34,'2026-05-04 07:25:55.070','2026-05-04 07:25:55.070'),(11,209,32,'2026-05-04 07:25:54.778','2026-05-04 07:25:54.778'),(11,210,29,'2026-05-04 07:25:54.950','2026-05-04 07:25:54.950'),(11,211,31,'2026-02-27 11:15:29.524','2026-05-04 07:25:54.766'),(11,212,28,'2026-05-04 07:25:55.063','2026-05-04 07:25:55.063'),(11,213,30,'2026-05-04 07:25:55.056','2026-05-04 07:25:55.056'),(11,243,37,'2026-05-04 07:25:54.854','2026-05-04 07:25:54.854'),(11,244,36,'2026-05-04 07:25:54.861','2026-05-04 07:25:54.861'),(12,1,17,'2025-11-22 14:20:27.221','2025-11-22 14:20:27.221'),(12,8,18,'2025-11-22 14:20:27.205','2025-11-22 14:20:27.205'),(12,13,7,'2025-11-22 14:20:27.304','2025-11-22 14:20:27.304'),(12,15,0,'2025-11-22 14:20:27.018','2025-11-22 14:20:27.018'),(12,18,9,'2025-11-22 14:20:27.309','2025-11-22 14:20:27.309'),(12,23,5,'2025-11-22 14:20:27.407','2025-11-22 14:20:27.407'),(12,34,3,'2025-11-22 14:20:27.210','2025-11-22 14:20:27.210'),(12,39,4,'2025-11-22 14:20:27.324','2025-11-22 14:20:27.324'),(12,42,6,'2025-11-22 14:20:27.109','2025-11-22 14:20:27.109'),(12,43,11,'2025-11-22 14:20:27.003','2025-11-22 14:20:27.003'),(12,44,13,'2025-11-22 14:20:27.315','2025-11-22 14:20:27.315'),(12,49,14,'2025-11-22 14:20:27.320','2025-11-22 14:20:27.320'),(12,50,16,'2025-11-22 14:20:27.124','2025-11-22 14:20:27.124'),(12,59,26,'2025-11-22 14:20:27.009','2026-01-28 16:22:20.628'),(12,76,8,'2025-11-22 14:20:27.114','2025-11-22 14:20:27.114'),(12,80,1,'2025-11-22 14:20:27.023','2025-11-22 14:20:27.023'),(12,81,2,'2025-11-22 14:20:27.104','2025-11-22 14:20:27.104'),(12,82,12,'2025-11-22 14:20:27.216','2025-11-22 14:20:27.216'),(12,92,10,'2025-11-22 14:20:27.412','2025-11-22 14:20:27.412'),(12,93,15,'2025-11-22 14:20:27.119','2025-11-22 14:20:27.119'),(12,106,21,'2026-01-28 16:22:20.716','2026-01-28 16:22:20.716'),(12,107,22,'2026-01-28 16:22:20.728','2026-01-28 16:22:20.728'),(12,116,19,'2026-01-28 16:22:20.723','2026-01-28 16:22:20.723'),(12,120,23,'2026-01-28 16:22:20.740','2026-01-28 16:22:20.740'),(12,124,24,'2026-01-28 16:22:20.822','2026-01-28 16:22:20.822'),(12,138,25,'2026-01-28 16:22:20.828','2026-01-28 16:22:20.828'),(12,146,20,'2026-01-28 16:22:20.636','2026-01-28 16:22:20.636'),(12,198,28,'2026-02-27 11:15:29.643','2026-02-27 11:15:29.643'),(12,211,27,'2026-02-27 11:15:29.636','2026-02-27 11:15:29.636'),(13,1,11,'2025-11-22 14:20:27.714','2025-11-22 14:20:27.714'),(13,8,12,'2025-11-22 14:20:27.719','2025-11-22 14:20:27.719'),(13,13,7,'2025-11-22 14:20:27.529','2025-11-22 14:20:27.529'),(13,15,0,'2025-11-22 14:20:27.616','2025-11-22 14:20:27.616'),(13,23,5,'2025-11-22 14:20:27.524','2025-11-22 14:20:27.524'),(13,34,3,'2025-11-22 14:20:27.513','2025-11-22 14:20:27.513'),(13,39,4,'2025-11-22 14:20:27.518','2025-11-22 14:20:27.518'),(13,42,6,'2025-11-22 14:20:27.705','2025-11-22 14:20:27.705'),(13,59,20,'2025-11-22 14:20:27.724','2026-01-28 16:22:20.923'),(13,76,8,'2025-11-22 14:20:27.607','2025-11-22 14:20:27.607'),(13,80,1,'2025-11-22 14:20:27.504','2025-11-22 14:20:27.504'),(13,81,2,'2025-11-22 14:20:27.508','2025-11-22 14:20:27.508'),(13,93,9,'2025-11-22 14:20:27.710','2025-11-22 14:20:27.710'),(13,96,10,'2025-11-22 14:20:27.612','2025-11-22 14:20:27.612'),(13,106,15,'2026-01-28 16:22:21.024','2026-01-28 16:22:21.024'),(13,107,16,'2026-01-28 16:22:21.032','2026-01-28 16:22:21.032'),(13,116,13,'2026-01-28 16:22:21.044','2026-01-28 16:22:21.044'),(13,120,17,'2026-01-28 16:22:20.930','2026-01-28 16:22:20.930'),(13,124,18,'2026-01-28 16:22:21.038','2026-01-28 16:22:21.038'),(13,138,19,'2026-01-28 16:22:20.936','2026-01-28 16:22:20.936'),(13,146,14,'2026-01-28 16:22:21.123','2026-01-28 16:22:21.123'),(13,198,22,'2026-02-27 11:15:29.837','2026-02-27 11:15:29.837'),(13,211,21,'2026-02-27 11:15:29.828','2026-02-27 11:15:29.828'),(14,1,10,'2025-11-22 14:20:28.010','2026-02-02 09:59:53.143'),(14,8,14,'2025-11-22 14:20:28.014','2026-02-02 09:59:53.155'),(14,12,7,'2025-12-16 10:53:42.624','2026-02-02 09:59:53.058'),(14,13,9,'2025-11-22 14:20:27.923','2026-02-02 09:59:53.067'),(14,15,0,'2025-11-22 14:20:27.818','2025-11-22 14:20:27.818'),(14,23,5,'2025-11-22 14:20:27.914','2026-02-02 09:59:53.054'),(14,33,61,'2026-05-04 07:25:58.277','2026-05-04 07:25:58.277'),(14,34,3,'2025-11-22 14:20:27.909','2025-11-22 14:20:27.909'),(14,39,4,'2026-02-02 09:59:53.354','2026-02-02 09:59:53.354'),(14,41,6,'2025-12-16 10:53:42.634','2026-02-02 09:59:53.146'),(14,59,62,'2025-11-22 14:20:28.005','2026-05-04 07:25:57.978'),(14,64,8,'2025-11-22 14:20:27.918','2026-02-02 09:59:53.149'),(14,67,11,'2026-02-02 09:59:53.455','2026-02-02 09:59:53.455'),(14,70,12,'2026-02-02 09:59:53.565','2026-02-02 09:59:53.565'),(14,71,13,'2026-02-02 09:59:53.251','2026-02-02 09:59:53.251'),(14,78,59,'2026-05-04 07:25:57.985','2026-05-04 07:25:57.985'),(14,80,1,'2025-11-22 14:20:27.822','2025-11-22 14:20:27.822'),(14,81,2,'2025-11-22 14:20:27.904','2025-11-22 14:20:27.904'),(14,84,60,'2026-05-04 07:25:58.157','2026-05-04 07:25:58.157'),(14,102,25,'2026-02-24 17:02:12.125','2026-02-24 17:02:12.125'),(14,103,19,'2026-02-24 17:02:12.041','2026-02-24 17:02:12.041'),(14,105,24,'2026-02-24 17:02:12.146','2026-02-24 17:02:12.146'),(14,106,26,'2026-01-28 16:22:21.333','2026-02-24 17:02:11.860'),(14,107,30,'2026-01-28 16:22:21.232','2026-02-24 17:02:11.749'),(14,108,16,'2026-02-24 17:02:11.926','2026-02-24 17:02:11.926'),(14,113,20,'2026-02-24 17:02:11.984','2026-02-24 17:02:11.984'),(14,116,18,'2026-01-28 16:22:21.238','2026-02-24 17:02:11.840'),(14,119,31,'2026-02-24 17:02:12.036','2026-02-24 17:02:12.036'),(14,120,34,'2026-01-28 16:22:21.327','2026-02-24 17:02:11.746'),(14,123,33,'2026-02-24 17:02:11.966','2026-02-24 17:02:11.966'),(14,124,38,'2026-01-28 16:22:21.421','2026-02-24 17:02:11.757'),(14,125,43,'2026-02-02 09:59:53.553','2026-02-24 17:02:11.838'),(14,126,45,'2026-02-02 09:59:53.240','2026-02-24 17:02:11.851'),(14,127,17,'2026-02-24 17:02:12.028','2026-02-24 17:02:12.028'),(14,130,29,'2026-02-24 17:02:12.130','2026-02-24 17:02:12.130'),(14,131,27,'2026-02-24 17:02:12.142','2026-02-24 17:02:12.142'),(14,132,39,'2026-02-24 17:02:11.980','2026-02-24 17:02:11.980'),(14,136,54,'2026-02-02 09:59:53.343','2026-02-24 17:02:11.752'),(14,138,42,'2026-01-28 16:22:21.428','2026-02-24 17:02:11.849'),(14,142,58,'2026-02-02 09:59:53.349','2026-02-24 17:02:11.847'),(14,143,40,'2026-02-24 17:02:12.138','2026-02-24 17:02:12.138'),(14,144,50,'2026-02-02 09:59:53.641','2026-02-24 17:02:11.735'),(14,146,22,'2026-01-28 16:22:21.320','2026-02-24 17:02:11.845'),(14,148,46,'2026-02-02 09:59:53.651','2026-02-24 17:02:11.737'),(14,149,49,'2026-02-02 09:59:53.336','2026-02-24 17:02:11.742'),(14,151,32,'2026-02-24 17:02:12.231','2026-02-24 17:02:12.231'),(14,154,47,'2026-02-02 09:59:53.542','2026-02-24 17:02:11.858'),(14,156,51,'2026-02-02 09:59:53.438','2026-02-24 17:02:11.739'),(14,157,52,'2026-02-02 09:59:53.444','2026-02-24 17:02:11.854'),(14,160,28,'2026-02-24 17:02:12.032','2026-02-24 17:02:12.032'),(14,170,37,'2026-02-24 17:02:12.235','2026-02-24 17:02:12.235'),(14,171,21,'2026-02-24 17:02:12.045','2026-02-24 17:02:12.045'),(14,172,23,'2026-02-24 17:02:12.049','2026-02-24 17:02:12.049'),(14,173,53,'2026-02-02 09:59:53.547','2026-02-24 17:02:11.744'),(14,175,36,'2026-02-24 17:02:12.134','2026-02-24 17:02:12.134'),(14,176,44,'2026-02-02 09:59:53.646','2026-02-24 17:02:11.755'),(14,178,15,'2026-02-24 17:02:11.972','2026-02-24 17:02:11.972'),(14,179,41,'2026-02-24 17:02:12.227','2026-02-24 17:02:12.227'),(14,180,56,'2026-02-02 09:59:53.559','2026-02-24 17:02:11.827'),(14,183,57,'2026-02-02 09:59:53.246','2026-02-24 17:02:11.856'),(14,187,35,'2026-02-24 17:02:11.976','2026-02-24 17:02:11.976'),(14,188,55,'2026-02-02 09:59:53.449','2026-02-24 17:02:11.835'),(14,196,48,'2026-02-02 09:59:53.256','2026-02-24 17:02:11.842'),(14,198,70,'2026-02-27 11:15:30.021','2026-05-04 07:25:57.970'),(14,200,68,'2026-05-04 07:25:58.166','2026-05-04 07:25:58.166'),(14,207,69,'2026-05-04 07:25:58.363','2026-05-04 07:25:58.363'),(14,209,67,'2026-05-04 07:25:58.269','2026-05-04 07:25:58.269'),(14,210,64,'2026-05-04 07:25:58.053','2026-05-04 07:25:58.053'),(14,211,66,'2026-02-27 11:15:29.930','2026-05-04 07:25:57.974'),(14,212,63,'2026-05-04 07:25:58.175','2026-05-04 07:25:58.175'),(14,213,65,'2026-05-04 07:25:58.353','2026-05-04 07:25:58.353'),(14,243,72,'2026-05-04 07:25:58.060','2026-05-04 07:25:58.060'),(14,244,71,'2026-05-04 07:25:58.070','2026-05-04 07:25:58.070'),(15,1,7,'2025-11-22 14:20:28.207','2025-11-22 14:20:28.207'),(15,8,8,'2025-11-22 14:20:28.212','2025-11-22 14:20:28.212'),(15,13,6,'2025-11-22 14:20:28.311','2025-11-22 14:20:28.311'),(15,15,0,'2025-11-22 14:20:28.221','2025-11-22 14:20:28.221'),(15,23,5,'2025-11-22 14:20:28.126','2025-11-22 14:20:28.126'),(15,33,18,'2026-05-04 07:25:58.951','2026-05-04 07:25:58.951'),(15,34,3,'2025-11-22 14:20:28.116','2025-11-22 14:20:28.116'),(15,39,4,'2025-11-22 14:20:28.121','2025-11-22 14:20:28.121'),(15,59,19,'2025-11-22 14:20:28.217','2026-05-04 07:25:58.471'),(15,78,16,'2026-05-04 07:25:59.059','2026-05-04 07:25:59.059'),(15,80,1,'2025-11-22 14:20:28.305','2025-11-22 14:20:28.305'),(15,81,2,'2025-11-22 14:20:28.112','2025-11-22 14:20:28.112'),(15,84,17,'2026-05-04 07:25:58.557','2026-05-04 07:25:58.557'),(15,106,11,'2026-01-28 16:22:21.922','2026-01-28 16:22:21.922'),(15,107,12,'2026-01-28 16:22:21.929','2026-01-28 16:22:21.929'),(15,116,9,'2026-01-28 16:22:21.629','2026-01-28 16:22:21.629'),(15,120,13,'2026-01-28 16:22:21.636','2026-01-28 16:22:21.636'),(15,124,14,'2026-01-28 16:22:21.721','2026-01-28 16:22:21.721'),(15,138,15,'2026-01-28 16:22:21.621','2026-01-28 16:22:21.621'),(15,146,10,'2026-01-28 16:22:21.532','2026-01-28 16:22:21.532'),(15,198,27,'2026-02-27 11:15:30.214','2026-05-04 07:25:58.475'),(15,200,25,'2026-05-04 07:25:59.050','2026-05-04 07:25:59.050'),(15,207,26,'2026-05-04 07:25:58.573','2026-05-04 07:25:58.573'),(15,209,24,'2026-05-04 07:25:58.682','2026-05-04 07:25:58.682'),(15,210,21,'2026-05-04 07:25:58.667','2026-05-04 07:25:58.667'),(15,211,23,'2026-02-27 11:15:30.115','2026-05-04 07:25:58.479'),(15,212,20,'2026-05-04 07:25:58.580','2026-05-04 07:25:58.580'),(15,213,22,'2026-05-04 07:25:58.675','2026-05-04 07:25:58.675'),(15,243,29,'2026-05-04 07:25:58.754','2026-05-04 07:25:58.754'),(15,244,28,'2026-05-04 07:25:58.771','2026-05-04 07:25:58.771'),(16,1,8,'2025-12-17 10:04:47.837','2025-12-17 10:04:47.837'),(16,8,10,'2025-12-17 10:04:47.737','2025-12-17 10:04:47.737'),(16,13,6,'2025-12-17 10:04:47.749','2025-12-17 10:04:47.749'),(16,15,0,'2025-12-17 10:04:47.635','2025-12-17 10:04:47.635'),(16,23,5,'2025-12-17 10:04:47.731','2025-12-17 10:04:47.731'),(16,33,20,'2026-05-04 07:25:28.769','2026-05-04 07:25:28.769'),(16,34,3,'2025-12-17 10:04:47.649','2025-12-17 10:04:47.649'),(16,38,7,'2025-12-17 10:04:47.832','2025-12-17 10:04:47.832'),(16,39,4,'2025-12-17 10:04:47.745','2025-12-17 10:04:47.745'),(16,59,21,'2025-12-17 10:04:47.741','2026-05-04 07:25:28.675'),(16,78,18,'2026-05-04 07:25:28.856','2026-05-04 07:25:28.856'),(16,80,1,'2025-12-17 10:04:47.640','2025-12-17 10:04:47.640'),(16,81,2,'2025-12-17 10:04:47.645','2025-12-17 10:04:47.645'),(16,84,19,'2026-05-04 07:25:28.862','2026-05-04 07:25:28.862'),(16,90,9,'2025-12-17 10:04:47.845','2025-12-17 10:04:47.845'),(16,106,13,'2026-01-28 16:22:11.536','2026-01-28 16:22:11.536'),(16,107,14,'2026-01-28 16:22:11.541','2026-01-28 16:22:11.541'),(16,116,11,'2026-01-28 16:22:11.428','2026-01-28 16:22:11.428'),(16,120,15,'2026-01-28 16:22:11.524','2026-01-28 16:22:11.524'),(16,124,16,'2026-01-28 16:22:11.546','2026-01-28 16:22:11.546'),(16,138,17,'2026-01-28 16:22:11.530','2026-01-28 16:22:11.530'),(16,146,12,'2026-01-28 16:22:11.433','2026-01-28 16:22:11.433'),(16,198,29,'2026-02-27 11:15:25.417','2026-05-04 07:25:28.679'),(16,200,27,'2026-05-04 07:25:28.964','2026-05-04 07:25:28.964'),(16,207,28,'2026-05-04 07:25:28.971','2026-05-04 07:25:28.971'),(16,209,26,'2026-05-04 07:25:28.850','2026-05-04 07:25:28.850'),(16,210,23,'2026-05-04 07:25:28.775','2026-05-04 07:25:28.775'),(16,211,25,'2026-02-27 11:15:25.342','2026-05-04 07:25:28.671'),(16,212,22,'2026-05-04 07:25:28.757','2026-05-04 07:25:28.757'),(16,213,24,'2026-05-04 07:25:29.055','2026-05-04 07:25:29.055'),(16,243,31,'2026-05-04 07:25:28.957','2026-05-04 07:25:28.957'),(16,244,30,'2026-05-04 07:25:28.952','2026-05-04 07:25:28.952'),(17,1,7,'2026-01-28 16:22:15.342','2026-01-28 16:22:15.342'),(17,8,8,'2026-01-28 16:22:15.020','2026-01-28 16:22:15.020'),(17,13,6,'2026-01-28 16:22:15.236','2026-01-28 16:22:15.236'),(17,15,0,'2026-01-28 16:22:15.120','2026-01-28 16:22:15.120'),(17,23,5,'2026-01-28 16:22:15.746','2026-01-28 16:22:15.746'),(17,33,41,'2026-05-04 07:25:31.170','2026-05-04 07:25:31.170'),(17,34,3,'2026-01-28 16:22:14.935','2026-01-28 16:22:14.935'),(17,39,4,'2026-01-28 16:22:15.229','2026-01-28 16:22:15.229'),(17,59,42,'2026-01-28 16:22:15.740','2026-05-04 07:25:31.071'),(17,78,39,'2026-05-04 07:25:31.156','2026-05-04 07:25:31.156'),(17,80,1,'2026-01-28 16:22:15.628','2026-01-28 16:22:15.628'),(17,81,2,'2026-01-28 16:22:14.929','2026-01-28 16:22:14.929'),(17,84,40,'2026-05-04 07:25:31.352','2026-05-04 07:25:31.352'),(17,102,29,'2026-01-28 16:22:15.039','2026-01-28 16:22:15.039'),(17,103,19,'2026-01-28 16:22:15.720','2026-01-28 16:22:15.720'),(17,104,23,'2026-01-28 16:22:15.726','2026-01-28 16:22:15.726'),(17,105,28,'2026-01-28 16:22:15.133','2026-01-28 16:22:15.133'),(17,106,34,'2026-01-28 16:22:15.223','2026-01-28 16:22:15.223'),(17,107,35,'2026-01-28 16:22:15.914','2026-01-28 16:22:15.914'),(17,108,10,'2026-01-28 16:22:15.421','2026-01-28 16:22:15.421'),(17,109,14,'2026-01-28 16:22:15.026','2026-01-28 16:22:15.026'),(17,112,15,'2026-01-28 16:22:15.320','2026-01-28 16:22:15.320'),(17,113,20,'2026-01-28 16:22:15.521','2026-01-28 16:22:15.521'),(17,116,16,'2026-01-28 16:22:15.433','2026-01-28 16:22:15.433'),(17,117,17,'2026-01-28 16:22:15.822','2026-01-28 16:22:15.822'),(17,120,36,'2026-01-28 16:22:15.924','2026-01-28 16:22:15.924'),(17,124,37,'2026-01-28 16:22:15.621','2026-01-28 16:22:15.621'),(17,127,11,'2026-01-28 16:22:15.634','2026-01-28 16:22:15.634'),(17,129,30,'2026-01-28 16:22:15.937','2026-01-28 16:22:15.937'),(17,138,38,'2026-01-28 16:22:15.337','2026-01-28 16:22:15.337'),(17,145,18,'2026-01-28 16:22:15.930','2026-01-28 16:22:15.930'),(17,146,26,'2026-01-28 16:22:15.126','2026-01-28 16:22:15.126'),(17,159,31,'2026-01-28 16:22:15.139','2026-01-28 16:22:15.139'),(17,165,25,'2026-01-28 16:22:15.835','2026-01-28 16:22:15.835'),(17,169,24,'2026-01-28 16:22:15.732','2026-01-28 16:22:15.732'),(17,171,21,'2026-01-28 16:22:15.033','2026-01-28 16:22:15.033'),(17,172,27,'2026-01-28 16:22:15.326','2026-01-28 16:22:15.326'),(17,178,9,'2026-01-28 16:22:15.534','2026-01-28 16:22:15.534'),(17,184,32,'2026-01-28 16:22:15.331','2026-01-28 16:22:15.331'),(17,186,13,'2026-01-28 16:22:15.540','2026-01-28 16:22:15.540'),(17,189,12,'2026-01-28 16:22:15.427','2026-01-28 16:22:15.427'),(17,190,22,'2026-01-28 16:22:15.828','2026-01-28 16:22:15.828'),(17,191,33,'2026-01-28 16:22:15.527','2026-01-28 16:22:15.527'),(17,198,50,'2026-02-27 11:15:25.926','2026-05-04 07:25:31.074'),(17,200,48,'2026-05-04 07:25:31.458','2026-05-04 07:25:31.458'),(17,207,49,'2026-05-04 07:25:31.464','2026-05-04 07:25:31.464'),(17,209,47,'2026-05-04 07:25:31.450','2026-05-04 07:25:31.450'),(17,210,44,'2026-05-04 07:25:31.360','2026-05-04 07:25:31.360'),(17,211,46,'2026-02-27 11:15:25.919','2026-05-04 07:25:31.078'),(17,212,43,'2026-05-04 07:25:31.178','2026-05-04 07:25:31.178'),(17,213,45,'2026-05-04 07:25:31.270','2026-05-04 07:25:31.270'),(17,243,52,'2026-05-04 07:25:31.471','2026-05-04 07:25:31.471'),(17,244,51,'2026-05-04 07:25:31.278','2026-05-04 07:25:31.278'),(18,1,7,'2026-01-28 16:22:16.722','2026-01-28 16:22:16.722'),(18,8,8,'2026-01-28 16:22:16.343','2026-01-28 16:22:16.343'),(18,13,6,'2026-01-28 16:22:16.123','2026-01-28 16:22:16.123'),(18,15,0,'2026-01-28 16:22:16.728','2026-01-28 16:22:16.728'),(18,23,5,'2026-01-28 16:22:16.117','2026-01-28 16:22:16.117'),(18,33,34,'2026-05-04 07:25:32.778','2026-05-04 07:25:32.778'),(18,34,3,'2026-01-28 16:22:17.128','2026-01-28 16:22:17.128'),(18,39,4,'2026-01-28 16:22:16.733','2026-01-28 16:22:16.733'),(18,59,35,'2026-01-28 16:22:17.123','2026-05-04 07:25:32.682'),(18,78,32,'2026-05-04 07:25:32.878','2026-05-04 07:25:32.878'),(18,80,1,'2026-01-28 16:22:16.047','2026-01-28 16:22:16.047'),(18,81,2,'2026-01-28 16:22:16.335','2026-01-28 16:22:16.335'),(18,84,33,'2026-05-04 07:25:32.884','2026-05-04 07:25:32.884'),(18,106,11,'2026-01-28 16:22:16.420','2026-01-28 16:22:16.420'),(18,107,19,'2026-01-28 16:22:16.349','2026-01-28 16:22:16.349'),(18,116,9,'2026-01-28 16:22:16.531','2026-01-28 16:22:16.531'),(18,118,17,'2026-01-28 16:22:16.149','2026-01-28 16:22:16.149'),(18,119,22,'2026-01-28 16:22:16.431','2026-01-28 16:22:16.431'),(18,120,29,'2026-01-28 16:22:16.318','2026-01-28 16:22:16.318'),(18,121,15,'2026-01-28 16:22:16.826','2026-01-28 16:22:16.826'),(18,122,21,'2026-01-28 16:22:16.633','2026-01-28 16:22:16.633'),(18,123,24,'2026-01-28 16:22:16.437','2026-01-28 16:22:16.437'),(18,124,30,'2026-01-28 16:22:16.325','2026-01-28 16:22:16.325'),(18,130,14,'2026-01-28 16:22:16.426','2026-01-28 16:22:16.426'),(18,131,12,'2026-01-28 16:22:16.539','2026-01-28 16:22:16.539'),(18,134,25,'2026-01-28 16:22:17.135','2026-01-28 16:22:17.135'),(18,138,31,'2026-01-28 16:22:16.222','2026-01-28 16:22:16.222'),(18,146,10,'2026-01-28 16:22:16.129','2026-01-28 16:22:16.129'),(18,147,18,'2026-01-28 16:22:16.620','2026-01-28 16:22:16.620'),(18,151,23,'2026-01-28 16:22:16.228','2026-01-28 16:22:16.228'),(18,155,26,'2026-01-28 16:22:17.020','2026-01-28 16:22:17.020'),(18,160,13,'2026-01-28 16:22:16.820','2026-01-28 16:22:16.820'),(18,161,20,'2026-01-28 16:22:16.627','2026-01-28 16:22:16.627'),(18,174,27,'2026-01-28 16:22:16.525','2026-01-28 16:22:16.525'),(18,185,28,'2026-01-28 16:22:17.026','2026-01-28 16:22:17.026'),(18,192,16,'2026-01-28 16:22:16.832','2026-01-28 16:22:16.832'),(18,198,43,'2026-02-27 11:15:26.438','2026-05-04 07:25:32.750'),(18,200,41,'2026-05-04 07:25:32.982','2026-05-04 07:25:32.982'),(18,207,42,'2026-05-04 07:25:32.871','2026-05-04 07:25:32.871'),(18,209,40,'2026-05-04 07:25:32.859','2026-05-04 07:25:32.859'),(18,210,37,'2026-05-04 07:25:32.975','2026-05-04 07:25:32.975'),(18,211,39,'2026-02-27 11:15:26.430','2026-05-04 07:25:32.755'),(18,212,36,'2026-05-04 07:25:33.073','2026-05-04 07:25:33.073'),(18,213,38,'2026-05-04 07:25:32.851','2026-05-04 07:25:32.851'),(18,243,45,'2026-05-04 07:25:33.080','2026-05-04 07:25:33.080'),(18,244,44,'2026-05-04 07:25:33.053','2026-05-04 07:25:33.053'),(19,1,7,'2026-01-28 16:22:17.819','2026-01-28 16:22:17.819'),(19,8,8,'2026-01-28 16:22:17.238','2026-01-28 16:22:17.238'),(19,13,6,'2026-01-28 16:22:17.921','2026-01-28 16:22:17.921'),(19,15,0,'2026-01-28 16:22:17.839','2026-01-28 16:22:17.839'),(19,23,5,'2026-01-28 16:22:17.320','2026-01-28 16:22:17.320'),(19,33,34,'2026-05-04 07:25:34.875','2026-05-04 07:25:34.875'),(19,34,3,'2026-01-28 16:22:17.525','2026-01-28 16:22:17.525'),(19,39,4,'2026-01-28 16:22:18.032','2026-01-28 16:22:18.032'),(19,59,35,'2026-01-28 16:22:18.122','2026-05-04 07:25:34.688'),(19,78,32,'2026-05-04 07:25:34.975','2026-05-04 07:25:34.975'),(19,80,1,'2026-01-28 16:22:17.542','2026-01-28 16:22:17.542'),(19,81,2,'2026-01-28 16:22:17.253','2026-01-28 16:22:17.253'),(19,84,33,'2026-05-04 07:25:34.882','2026-05-04 07:25:34.882'),(19,106,11,'2026-01-28 16:22:17.927','2026-01-28 16:22:17.927'),(19,107,12,'2026-01-28 16:22:17.933','2026-01-28 16:22:17.933'),(19,116,9,'2026-01-28 16:22:17.325','2026-01-28 16:22:17.325'),(19,120,13,'2026-01-28 16:22:17.624','2026-01-28 16:22:17.624'),(19,124,21,'2026-01-28 16:22:17.244','2026-01-28 16:22:17.244'),(19,132,24,'2026-01-28 16:22:18.042','2026-01-28 16:22:18.042'),(19,133,29,'2026-01-28 16:22:17.518','2026-01-28 16:22:17.518'),(19,135,19,'2026-01-28 16:22:17.717','2026-01-28 16:22:17.717'),(19,137,30,'2026-01-28 16:22:17.536','2026-01-28 16:22:17.536'),(19,138,31,'2026-01-28 16:22:17.735','2026-01-28 16:22:17.735'),(19,143,25,'2026-01-28 16:22:17.724','2026-01-28 16:22:17.724'),(19,146,10,'2026-01-28 16:22:18.037','2026-01-28 16:22:18.037'),(19,152,22,'2026-01-28 16:22:18.027','2026-01-28 16:22:18.027'),(19,162,17,'2026-01-28 16:22:17.826','2026-01-28 16:22:17.826'),(19,163,20,'2026-01-28 16:22:17.424','2026-01-28 16:22:17.424'),(19,168,23,'2026-01-28 16:22:17.428','2026-01-28 16:22:17.428'),(19,170,16,'2026-01-28 16:22:17.531','2026-01-28 16:22:17.531'),(19,175,15,'2026-01-28 16:22:17.938','2026-01-28 16:22:17.938'),(19,179,26,'2026-01-28 16:22:17.833','2026-01-28 16:22:17.833'),(19,181,27,'2026-01-28 16:22:17.330','2026-01-28 16:22:17.330'),(19,187,14,'2026-01-28 16:22:17.336','2026-01-28 16:22:17.336'),(19,193,18,'2026-01-28 16:22:18.021','2026-01-28 16:22:18.021'),(19,194,28,'2026-01-28 16:22:17.729','2026-01-28 16:22:17.729'),(19,198,43,'2026-02-27 11:15:26.916','2026-05-04 07:25:34.680'),(19,200,41,'2026-05-04 07:25:35.079','2026-05-04 07:25:35.079'),(19,207,42,'2026-05-04 07:25:34.953','2026-05-04 07:25:34.953'),(19,209,40,'2026-05-04 07:25:34.776','2026-05-04 07:25:34.776'),(19,210,37,'2026-05-04 07:25:35.071','2026-05-04 07:25:35.071'),(19,211,39,'2026-02-27 11:15:26.835','2026-05-04 07:25:34.684'),(19,212,36,'2026-05-04 07:25:34.769','2026-05-04 07:25:34.769'),(19,213,38,'2026-05-04 07:25:34.984','2026-05-04 07:25:34.984'),(19,243,45,'2026-05-04 07:25:34.856','2026-05-04 07:25:34.856'),(19,244,44,'2026-05-04 07:25:34.961','2026-05-04 07:25:34.961'),(20,1,7,'2026-02-02 09:59:44.149','2026-02-02 09:59:44.149'),(20,8,14,'2026-02-02 09:59:44.654','2026-02-02 09:59:44.654'),(20,13,6,'2026-02-02 09:59:45.366','2026-02-02 09:59:45.366'),(20,15,0,'2026-02-02 09:59:44.438','2026-02-02 09:59:44.438'),(20,23,5,'2026-02-02 09:59:44.444','2026-02-02 09:59:44.444'),(20,33,52,'2026-05-04 07:25:29.956','2026-05-04 07:25:29.956'),(20,34,3,'2026-02-02 09:59:44.944','2026-02-02 09:59:44.944'),(20,39,4,'2026-02-02 09:59:44.644','2026-02-02 09:59:44.644'),(20,58,12,'2026-02-02 09:59:44.154','2026-02-02 09:59:44.154'),(20,59,53,'2026-02-02 09:59:44.138','2026-05-04 07:25:29.776'),(20,67,8,'2026-02-02 09:59:44.449','2026-02-02 09:59:44.449'),(20,70,9,'2026-02-02 09:59:45.043','2026-02-02 09:59:45.043'),(20,71,10,'2026-02-02 09:59:44.949','2026-02-02 09:59:44.949'),(20,78,50,'2026-05-04 07:25:30.067','2026-05-04 07:25:30.067'),(20,80,1,'2026-02-02 09:59:44.144','2026-02-02 09:59:44.144'),(20,81,2,'2026-02-02 09:59:44.958','2026-02-02 09:59:44.958'),(20,83,13,'2026-02-02 09:59:44.649','2026-02-02 09:59:44.649'),(20,84,51,'2026-05-04 07:25:30.154','2026-05-04 07:25:30.154'),(20,87,11,'2026-02-02 09:59:45.237','2026-02-02 09:59:45.237'),(20,106,17,'2026-02-02 09:59:44.453','2026-02-02 09:59:44.453'),(20,107,18,'2026-02-02 09:59:44.240','2026-02-02 09:59:44.240'),(20,110,25,'2026-02-02 09:59:44.841','2026-02-02 09:59:44.841'),(20,114,33,'2026-02-02 09:59:44.536','2026-02-02 09:59:44.536'),(20,116,15,'2026-02-02 09:59:44.158','2026-02-02 09:59:44.158'),(20,120,19,'2026-02-02 09:59:45.551','2026-02-02 09:59:45.551'),(20,124,20,'2026-02-02 09:59:44.245','2026-02-02 09:59:44.245'),(20,125,22,'2026-02-02 09:59:44.458','2026-02-02 09:59:44.458'),(20,126,24,'2026-02-02 09:59:44.249','2026-02-02 09:59:44.249'),(20,128,40,'2026-02-02 09:59:45.356','2026-02-02 09:59:45.356'),(20,136,42,'2026-02-02 09:59:45.361','2026-02-02 09:59:45.361'),(20,138,21,'2026-02-02 09:59:44.759','2026-02-02 09:59:44.759'),(20,139,27,'2026-02-02 09:59:45.442','2026-02-02 09:59:45.442'),(20,140,34,'2026-02-02 09:59:45.453','2026-02-02 09:59:45.453'),(20,141,46,'2026-02-02 09:59:44.953','2026-02-02 09:59:44.953'),(20,142,49,'2026-02-02 09:59:44.939','2026-02-02 09:59:44.939'),(20,144,35,'2026-02-02 09:59:44.057','2026-02-02 09:59:44.057'),(20,146,16,'2026-02-02 09:59:45.436','2026-02-02 09:59:45.436'),(20,148,28,'2026-02-02 09:59:44.847','2026-02-02 09:59:44.847'),(20,149,31,'2026-02-02 09:59:44.749','2026-02-02 09:59:44.749'),(20,150,47,'2026-02-02 09:59:44.852','2026-02-02 09:59:44.852'),(20,153,26,'2026-02-02 09:59:44.744','2026-02-02 09:59:44.744'),(20,154,29,'2026-02-02 09:59:45.243','2026-02-02 09:59:45.243'),(20,156,36,'2026-02-02 09:59:44.755','2026-02-02 09:59:44.755'),(20,157,37,'2026-02-02 09:59:45.458','2026-02-02 09:59:45.458'),(20,158,39,'2026-02-02 09:59:45.342','2026-02-02 09:59:45.342'),(20,166,32,'2026-02-02 09:59:44.049','2026-02-02 09:59:44.049'),(20,167,41,'2026-02-02 09:59:45.541','2026-02-02 09:59:45.541'),(20,173,38,'2026-02-02 09:59:45.249','2026-02-02 09:59:45.249'),(20,176,23,'2026-02-02 09:59:44.738','2026-02-02 09:59:44.738'),(20,180,44,'2026-02-02 09:59:44.254','2026-02-02 09:59:44.254'),(20,183,45,'2026-02-02 09:59:44.638','2026-02-02 09:59:44.638'),(20,188,43,'2026-02-02 09:59:45.546','2026-02-02 09:59:45.546'),(20,196,30,'2026-02-02 09:59:45.448','2026-02-02 09:59:45.448'),(20,197,48,'2026-02-02 09:59:44.062','2026-02-02 09:59:44.062'),(20,198,61,'2026-02-27 11:15:25.633','2026-05-04 07:25:29.764'),(20,200,59,'2026-05-04 07:25:30.053','2026-05-04 07:25:30.053'),(20,207,60,'2026-05-04 07:25:29.874','2026-05-04 07:25:29.874'),(20,209,58,'2026-05-04 07:25:29.867','2026-05-04 07:25:29.867'),(20,210,55,'2026-05-04 07:25:29.852','2026-05-04 07:25:29.852'),(20,211,57,'2026-02-27 11:15:25.625','2026-05-04 07:25:29.770'),(20,212,54,'2026-05-04 07:25:30.060','2026-05-04 07:25:30.060'),(20,213,56,'2026-05-04 07:25:29.963','2026-05-04 07:25:29.963'),(20,243,63,'2026-05-04 07:25:29.881','2026-05-04 07:25:29.881'),(20,244,62,'2026-05-04 07:25:30.161','2026-05-04 07:25:30.161'),(21,1,7,'2026-02-02 09:59:46.261','2026-02-02 09:59:46.261'),(21,8,11,'2026-02-02 09:59:45.841','2026-02-02 09:59:45.841'),(21,13,6,'2026-02-02 09:59:45.760','2026-02-02 09:59:45.760'),(21,15,0,'2026-02-02 09:59:46.049','2026-02-02 09:59:46.049'),(21,23,5,'2026-02-02 09:59:45.946','2026-02-02 09:59:45.946'),(21,33,37,'2026-05-04 07:25:30.668','2026-05-04 07:25:30.668'),(21,34,3,'2026-02-02 09:59:46.138','2026-02-02 09:59:46.138'),(21,39,4,'2026-02-02 09:59:45.754','2026-02-02 09:59:45.754'),(21,59,38,'2026-02-02 09:59:46.536','2026-05-04 07:25:30.565'),(21,67,8,'2026-02-02 09:59:46.341','2026-02-02 09:59:46.341'),(21,70,9,'2026-02-02 09:59:46.247','2026-02-02 09:59:46.247'),(21,71,10,'2026-02-02 09:59:45.671','2026-02-02 09:59:45.671'),(21,78,35,'2026-05-04 07:25:30.767','2026-05-04 07:25:30.767'),(21,80,1,'2026-02-02 09:59:46.436','2026-02-02 09:59:46.436'),(21,81,2,'2026-02-02 09:59:46.241','2026-02-02 09:59:46.241'),(21,84,36,'2026-05-04 07:25:30.857','2026-05-04 07:25:30.857'),(21,106,14,'2026-02-02 09:59:45.846','2026-02-02 09:59:45.846'),(21,107,15,'2026-02-02 09:59:46.346','2026-02-02 09:59:46.346'),(21,116,12,'2026-02-02 09:59:46.143','2026-02-02 09:59:46.143'),(21,120,16,'2026-02-02 09:59:45.955','2026-02-02 09:59:45.955'),(21,124,17,'2026-02-02 09:59:45.851','2026-02-02 09:59:45.851'),(21,125,19,'2026-02-02 09:59:46.351','2026-02-02 09:59:46.351'),(21,126,21,'2026-02-02 09:59:45.744','2026-02-02 09:59:45.744'),(21,136,30,'2026-02-02 09:59:46.256','2026-02-02 09:59:46.256'),(21,138,18,'2026-02-02 09:59:45.739','2026-02-02 09:59:45.739'),(21,142,34,'2026-02-02 09:59:46.452','2026-02-02 09:59:46.452'),(21,144,26,'2026-02-02 09:59:46.153','2026-02-02 09:59:46.153'),(21,146,13,'2026-02-02 09:59:45.951','2026-02-02 09:59:45.951'),(21,148,22,'2026-02-02 09:59:46.252','2026-02-02 09:59:46.252'),(21,149,25,'2026-02-02 09:59:45.857','2026-02-02 09:59:45.857'),(21,154,23,'2026-02-02 09:59:46.442','2026-02-02 09:59:46.442'),(21,156,27,'2026-02-02 09:59:46.158','2026-02-02 09:59:46.158'),(21,157,28,'2026-02-02 09:59:46.447','2026-02-02 09:59:46.447'),(21,173,29,'2026-02-02 09:59:46.044','2026-02-02 09:59:46.044'),(21,176,20,'2026-02-02 09:59:46.149','2026-02-02 09:59:46.149'),(21,180,32,'2026-02-02 09:59:45.941','2026-02-02 09:59:45.941'),(21,183,33,'2026-02-02 09:59:45.749','2026-02-02 09:59:45.749'),(21,188,31,'2026-02-02 09:59:46.357','2026-02-02 09:59:46.357'),(21,196,24,'2026-02-02 09:59:46.039','2026-02-02 09:59:46.039'),(21,198,46,'2026-02-27 11:15:25.815','2026-05-04 07:25:30.656'),(21,200,44,'2026-05-04 07:25:30.875','2026-05-04 07:25:30.875'),(21,207,45,'2026-05-04 07:25:30.956','2026-05-04 07:25:30.956'),(21,209,43,'2026-05-04 07:25:30.753','2026-05-04 07:25:30.753'),(21,210,40,'2026-05-04 07:25:30.870','2026-05-04 07:25:30.870'),(21,211,42,'2026-02-27 11:15:25.736','2026-05-04 07:25:30.652'),(21,212,39,'2026-05-04 07:25:30.862','2026-05-04 07:25:30.862'),(21,213,41,'2026-05-04 07:25:30.759','2026-05-04 07:25:30.759'),(21,243,48,'2026-05-04 07:25:30.850','2026-05-04 07:25:30.850'),(21,244,47,'2026-05-04 07:25:30.662','2026-05-04 07:25:30.662'),(22,1,7,'2026-02-02 09:59:46.738','2026-02-02 09:59:46.738'),(22,8,8,'2026-02-02 09:59:47.647','2026-02-02 09:59:47.647'),(22,13,6,'2026-02-02 09:59:47.143','2026-02-02 09:59:47.143'),(22,15,0,'2026-02-02 09:59:47.536','2026-02-02 09:59:47.536'),(22,23,5,'2026-02-02 09:59:46.655','2026-02-02 09:59:46.655'),(22,33,36,'2026-05-04 07:25:31.760','2026-05-04 07:25:31.760'),(22,34,3,'2026-02-02 09:59:47.641','2026-02-02 09:59:47.641'),(22,39,4,'2026-02-02 09:59:47.341','2026-02-02 09:59:47.341'),(22,59,37,'2026-02-02 09:59:47.159','2026-05-04 07:25:31.653'),(22,78,34,'2026-05-04 07:25:31.967','2026-05-04 07:25:31.967'),(22,80,1,'2026-02-02 09:59:47.241','2026-02-02 09:59:47.241'),(22,81,2,'2026-02-02 09:59:46.650','2026-02-02 09:59:46.650'),(22,84,35,'2026-05-04 07:25:31.860','2026-05-04 07:25:31.860'),(22,102,25,'2026-02-02 09:59:47.547','2026-02-02 09:59:47.547'),(22,103,16,'2026-02-02 09:59:47.046','2026-02-02 09:59:47.046'),(22,104,20,'2026-02-02 09:59:47.258','2026-02-02 09:59:47.258'),(22,105,24,'2026-02-02 09:59:47.050','2026-02-02 09:59:47.050'),(22,106,29,'2026-02-02 09:59:47.138','2026-02-02 09:59:47.138'),(22,107,30,'2026-02-02 09:59:47.561','2026-02-02 09:59:47.561'),(22,108,10,'2026-02-02 09:59:46.839','2026-02-02 09:59:46.839'),(22,109,14,'2026-02-02 09:59:47.252','2026-02-02 09:59:47.252'),(22,113,17,'2026-02-02 09:59:46.939','2026-02-02 09:59:46.939'),(22,116,15,'2026-02-02 09:59:47.346','2026-02-02 09:59:47.346'),(22,120,31,'2026-02-02 09:59:46.859','2026-02-02 09:59:46.859'),(22,124,32,'2026-02-02 09:59:47.154','2026-02-02 09:59:47.154'),(22,127,11,'2026-02-02 09:59:47.246','2026-02-02 09:59:47.246'),(22,129,26,'2026-02-02 09:59:47.056','2026-02-02 09:59:47.056'),(22,138,33,'2026-02-02 09:59:47.566','2026-02-02 09:59:47.566'),(22,146,22,'2026-02-02 09:59:46.944','2026-02-02 09:59:46.944'),(22,159,27,'2026-02-02 09:59:46.853','2026-02-02 09:59:46.853'),(22,169,21,'2026-02-02 09:59:46.849','2026-02-02 09:59:46.849'),(22,171,18,'2026-02-02 09:59:47.352','2026-02-02 09:59:47.352'),(22,172,23,'2026-02-02 09:59:46.948','2026-02-02 09:59:46.948'),(22,178,9,'2026-02-02 09:59:47.542','2026-02-02 09:59:47.542'),(22,184,28,'2026-02-02 09:59:46.953','2026-02-02 09:59:46.953'),(22,186,13,'2026-02-02 09:59:46.844','2026-02-02 09:59:46.844'),(22,189,12,'2026-02-02 09:59:47.041','2026-02-02 09:59:47.041'),(22,190,19,'2026-02-02 09:59:47.149','2026-02-02 09:59:47.149'),(22,198,45,'2026-02-27 11:15:26.034','2026-05-04 07:25:31.661'),(22,200,43,'2026-05-04 07:25:31.768','2026-05-04 07:25:31.768'),(22,207,44,'2026-05-04 07:25:31.671','2026-05-04 07:25:31.671'),(22,209,42,'2026-05-04 07:25:31.985','2026-05-04 07:25:31.985'),(22,210,39,'2026-05-04 07:25:31.853','2026-05-04 07:25:31.853'),(22,211,41,'2026-02-27 11:15:26.042','2026-05-04 07:25:31.657'),(22,212,38,'2026-05-04 07:25:31.977','2026-05-04 07:25:31.977'),(22,213,40,'2026-05-04 07:25:31.871','2026-05-04 07:25:31.871'),(22,243,47,'2026-05-04 07:25:31.881','2026-05-04 07:25:31.881'),(22,244,46,'2026-05-04 07:25:31.753','2026-05-04 07:25:31.753'),(23,1,7,'2026-02-02 09:59:47.952','2026-02-02 09:59:47.952'),(23,8,8,'2026-02-02 09:59:48.541','2026-02-02 09:59:48.541'),(23,13,6,'2026-02-02 09:59:47.948','2026-02-02 09:59:47.948'),(23,15,0,'2026-02-02 09:59:47.938','2026-02-02 09:59:47.938'),(23,23,5,'2026-02-02 09:59:48.458','2026-02-02 09:59:48.458'),(23,33,27,'2026-05-04 07:25:32.372','2026-05-04 07:25:32.372'),(23,34,3,'2026-02-02 09:59:48.453','2026-02-02 09:59:48.453'),(23,39,4,'2026-02-02 09:59:47.943','2026-02-02 09:59:47.943'),(23,59,28,'2026-02-02 09:59:48.551','2026-05-04 07:25:32.175'),(23,78,25,'2026-05-04 07:25:32.462','2026-05-04 07:25:32.462'),(23,80,1,'2026-02-02 09:59:48.048','2026-02-02 09:59:48.048'),(23,81,2,'2026-02-02 09:59:48.053','2026-02-02 09:59:48.053'),(23,84,26,'2026-05-04 07:25:32.475','2026-05-04 07:25:32.475'),(23,102,19,'2026-02-02 09:59:48.436','2026-02-02 09:59:48.436'),(23,103,13,'2026-02-02 09:59:47.956','2026-02-02 09:59:47.956'),(23,105,18,'2026-02-02 09:59:48.236','2026-02-02 09:59:48.236'),(23,106,20,'2026-02-02 09:59:48.038','2026-02-02 09:59:48.038'),(23,107,21,'2026-02-02 09:59:48.243','2026-02-02 09:59:48.243'),(23,108,10,'2026-02-02 09:59:48.144','2026-02-02 09:59:48.144'),(23,113,14,'2026-02-02 09:59:48.150','2026-02-02 09:59:48.150'),(23,116,12,'2026-02-02 09:59:48.546','2026-02-02 09:59:48.546'),(23,120,22,'2026-02-02 09:59:48.442','2026-02-02 09:59:48.442'),(23,124,23,'2026-02-02 09:59:48.043','2026-02-02 09:59:48.043'),(23,127,11,'2026-02-02 09:59:48.248','2026-02-02 09:59:48.248'),(23,138,24,'2026-02-02 09:59:48.447','2026-02-02 09:59:48.447'),(23,146,16,'2026-02-02 09:59:48.258','2026-02-02 09:59:48.258'),(23,171,15,'2026-02-02 09:59:48.253','2026-02-02 09:59:48.253'),(23,172,17,'2026-02-02 09:59:48.155','2026-02-02 09:59:48.155'),(23,178,9,'2026-02-02 09:59:48.136','2026-02-02 09:59:48.136'),(23,198,36,'2026-02-27 11:15:26.239','2026-05-04 07:25:32.155'),(23,200,34,'2026-05-04 07:25:32.553','2026-05-04 07:25:32.553'),(23,207,35,'2026-05-04 07:25:32.182','2026-05-04 07:25:32.182'),(23,209,33,'2026-05-04 07:25:32.364','2026-05-04 07:25:32.364'),(23,210,30,'2026-05-04 07:25:32.252','2026-05-04 07:25:32.252'),(23,211,32,'2026-02-27 11:15:26.230','2026-05-04 07:25:32.171'),(23,212,29,'2026-05-04 07:25:32.350','2026-05-04 07:25:32.350'),(23,213,31,'2026-05-04 07:25:32.358','2026-05-04 07:25:32.358'),(23,243,38,'2026-05-04 07:25:32.455','2026-05-04 07:25:32.455'),(23,244,37,'2026-05-04 07:25:32.269','2026-05-04 07:25:32.269'),(24,1,7,'2026-02-02 09:59:49.246','2026-02-02 09:59:49.246'),(24,8,8,'2026-02-02 09:59:49.141','2026-02-02 09:59:49.141'),(24,13,6,'2026-02-02 09:59:48.950','2026-02-02 09:59:48.950'),(24,15,0,'2026-02-02 09:59:49.241','2026-02-02 09:59:49.241'),(24,23,5,'2026-02-02 09:59:48.945','2026-02-02 09:59:48.945'),(24,33,30,'2026-05-04 07:25:33.762','2026-05-04 07:25:33.762'),(24,34,3,'2026-02-02 09:59:49.054','2026-02-02 09:59:49.054'),(24,39,4,'2026-02-02 09:59:48.746','2026-02-02 09:59:48.746'),(24,59,31,'2026-02-02 09:59:49.047','2026-05-04 07:25:33.280'),(24,78,28,'2026-05-04 07:25:33.672','2026-05-04 07:25:33.672'),(24,80,1,'2026-02-02 09:59:49.355','2026-02-02 09:59:49.355'),(24,81,2,'2026-02-02 09:59:48.741','2026-02-02 09:59:48.741'),(24,84,29,'2026-05-04 07:25:33.869','2026-05-04 07:25:33.869'),(24,106,11,'2026-02-02 09:59:49.252','2026-02-02 09:59:49.252'),(24,107,18,'2026-02-02 09:59:48.960','2026-02-02 09:59:48.960'),(24,116,9,'2026-02-02 09:59:48.752','2026-02-02 09:59:48.752'),(24,118,17,'2026-02-02 09:59:49.444','2026-02-02 09:59:49.444'),(24,119,19,'2026-02-02 09:59:49.454','2026-02-02 09:59:49.454'),(24,120,25,'2026-02-02 09:59:49.343','2026-02-02 09:59:49.343'),(24,121,15,'2026-02-02 09:59:48.757','2026-02-02 09:59:48.757'),(24,123,21,'2026-02-02 09:59:49.041','2026-02-02 09:59:49.041'),(24,124,26,'2026-02-02 09:59:49.349','2026-02-02 09:59:49.349'),(24,130,14,'2026-02-02 09:59:49.438','2026-02-02 09:59:49.438'),(24,131,12,'2026-02-02 09:59:49.147','2026-02-02 09:59:49.147'),(24,134,22,'2026-02-02 09:59:49.449','2026-02-02 09:59:49.449'),(24,138,27,'2026-02-02 09:59:49.538','2026-02-02 09:59:49.538'),(24,146,10,'2026-02-02 09:59:48.955','2026-02-02 09:59:48.955'),(24,151,20,'2026-02-02 09:59:48.939','2026-02-02 09:59:48.939'),(24,155,23,'2026-02-02 09:59:49.158','2026-02-02 09:59:49.158'),(24,160,13,'2026-02-02 09:59:49.336','2026-02-02 09:59:49.336'),(24,174,24,'2026-02-02 09:59:49.163','2026-02-02 09:59:49.163'),(24,192,16,'2026-02-02 09:59:49.153','2026-02-02 09:59:49.153'),(24,198,39,'2026-02-27 11:15:26.621','2026-05-04 07:25:33.276'),(24,200,37,'2026-05-04 07:25:33.753','2026-05-04 07:25:33.753'),(24,207,38,'2026-05-04 07:25:33.653','2026-05-04 07:25:33.653'),(24,209,36,'2026-05-04 07:25:33.853','2026-05-04 07:25:33.853'),(24,210,33,'2026-05-04 07:25:33.772','2026-05-04 07:25:33.772'),(24,211,35,'2026-02-27 11:15:26.613','2026-05-04 07:25:33.285'),(24,212,32,'2026-05-04 07:25:33.555','2026-05-04 07:25:33.555'),(24,213,34,'2026-05-04 07:25:33.562','2026-05-04 07:25:33.562'),(24,243,41,'2026-05-04 07:25:33.876','2026-05-04 07:25:33.876'),(24,244,40,'2026-05-04 07:25:33.661','2026-05-04 07:25:33.661'),(25,1,7,'2026-02-02 09:59:49.842','2026-02-02 09:59:49.842'),(25,8,8,'2026-02-02 09:59:50.043','2026-02-02 09:59:50.043'),(25,13,6,'2026-02-02 09:59:50.036','2026-02-02 09:59:50.036'),(25,15,0,'2026-02-02 09:59:49.647','2026-02-02 09:59:49.647'),(25,23,5,'2026-02-02 09:59:49.952','2026-02-02 09:59:49.952'),(25,33,24,'2026-05-04 07:25:34.353','2026-05-04 07:25:34.353'),(25,34,3,'2026-02-02 09:59:49.836','2026-02-02 09:59:49.836'),(25,39,4,'2026-02-02 09:59:49.947','2026-02-02 09:59:49.947'),(25,59,25,'2026-02-02 09:59:49.756','2026-05-04 07:25:34.087'),(25,78,22,'2026-05-04 07:25:34.384','2026-05-04 07:25:34.384'),(25,80,1,'2026-02-02 09:59:49.653','2026-02-02 09:59:49.653'),(25,81,2,'2026-02-02 09:59:49.941','2026-02-02 09:59:49.941'),(25,84,23,'2026-05-04 07:25:34.289','2026-05-04 07:25:34.289'),(25,106,11,'2026-02-02 09:59:49.658','2026-02-02 09:59:49.658'),(25,107,15,'2026-02-02 09:59:49.741','2026-02-02 09:59:49.741'),(25,116,9,'2026-02-02 09:59:50.048','2026-02-02 09:59:50.048'),(25,119,16,'2026-02-02 09:59:49.746','2026-02-02 09:59:49.746'),(25,120,19,'2026-02-02 09:59:49.642','2026-02-02 09:59:49.642'),(25,123,18,'2026-02-02 09:59:50.238','2026-02-02 09:59:50.238'),(25,124,20,'2026-02-02 09:59:49.936','2026-02-02 09:59:49.936'),(25,130,14,'2026-02-02 09:59:49.957','2026-02-02 09:59:49.957'),(25,131,12,'2026-02-02 09:59:50.057','2026-02-02 09:59:50.057'),(25,138,21,'2026-02-02 09:59:49.751','2026-02-02 09:59:49.751'),(25,146,10,'2026-02-02 09:59:50.052','2026-02-02 09:59:50.052'),(25,151,17,'2026-02-02 09:59:49.847','2026-02-02 09:59:49.847'),(25,160,13,'2026-02-02 09:59:50.138','2026-02-02 09:59:50.138'),(25,198,33,'2026-02-27 11:15:26.730','2026-05-04 07:25:34.083'),(25,200,31,'2026-05-04 07:25:34.186','2026-05-04 07:25:34.186'),(25,207,32,'2026-05-04 07:25:34.275','2026-05-04 07:25:34.275'),(25,209,30,'2026-05-04 07:25:34.178','2026-05-04 07:25:34.178'),(25,210,27,'2026-05-04 07:25:34.478','2026-05-04 07:25:34.478'),(25,211,29,'2026-02-27 11:15:26.723','2026-05-04 07:25:34.079'),(25,212,26,'2026-05-04 07:25:34.469','2026-05-04 07:25:34.469'),(25,213,28,'2026-05-04 07:25:34.282','2026-05-04 07:25:34.282'),(25,243,35,'2026-05-04 07:25:34.375','2026-05-04 07:25:34.375'),(25,244,34,'2026-05-04 07:25:34.170','2026-05-04 07:25:34.170'),(26,1,7,'2026-02-02 09:59:50.648','2026-02-02 09:59:50.648'),(26,8,8,'2026-02-02 09:59:50.653','2026-02-02 09:59:50.653'),(26,13,6,'2026-02-02 09:59:50.752','2026-02-02 09:59:50.752'),(26,15,0,'2026-02-02 09:59:50.537','2026-02-02 09:59:50.537'),(26,23,5,'2026-02-02 09:59:50.965','2026-02-02 09:59:50.965'),(26,33,30,'2026-05-04 07:25:35.471','2026-05-04 07:25:35.471'),(26,34,3,'2026-02-02 09:59:50.742','2026-02-02 09:59:50.742'),(26,39,4,'2026-02-02 09:59:50.747','2026-02-02 09:59:50.747'),(26,59,31,'2026-02-02 09:59:50.960','2026-05-04 07:25:35.271'),(26,78,28,'2026-05-04 07:25:35.350','2026-05-04 07:25:35.350'),(26,80,1,'2026-02-02 09:59:51.143','2026-02-02 09:59:51.143'),(26,81,2,'2026-02-02 09:59:50.941','2026-02-02 09:59:50.941'),(26,84,29,'2026-05-04 07:25:35.477','2026-05-04 07:25:35.477'),(26,106,11,'2026-02-02 09:59:51.041','2026-02-02 09:59:51.041'),(26,107,12,'2026-02-02 09:59:51.153','2026-02-02 09:59:51.153'),(26,116,9,'2026-02-02 09:59:51.148','2026-02-02 09:59:51.148'),(26,120,13,'2026-02-02 09:59:50.758','2026-02-02 09:59:50.758'),(26,124,20,'2026-02-02 09:59:51.236','2026-02-02 09:59:51.236'),(26,132,21,'2026-02-02 09:59:50.951','2026-02-02 09:59:50.951'),(26,133,26,'2026-02-02 09:59:50.642','2026-02-02 09:59:50.642'),(26,135,19,'2026-02-02 09:59:50.946','2026-02-02 09:59:50.946'),(26,138,27,'2026-02-02 09:59:50.956','2026-02-02 09:59:50.956'),(26,143,22,'2026-02-02 09:59:50.836','2026-02-02 09:59:50.836'),(26,146,10,'2026-02-02 09:59:50.544','2026-02-02 09:59:50.544'),(26,162,17,'2026-02-02 09:59:51.158','2026-02-02 09:59:51.158'),(26,170,16,'2026-02-02 09:59:51.050','2026-02-02 09:59:51.050'),(26,175,15,'2026-02-02 09:59:51.046','2026-02-02 09:59:51.046'),(26,179,23,'2026-02-02 09:59:51.138','2026-02-02 09:59:51.138'),(26,181,24,'2026-02-02 09:59:51.243','2026-02-02 09:59:51.243'),(26,187,14,'2026-02-02 09:59:50.551','2026-02-02 09:59:50.551'),(26,193,18,'2026-02-02 09:59:50.556','2026-02-02 09:59:50.556'),(26,194,25,'2026-02-02 09:59:50.736','2026-02-02 09:59:50.736'),(26,198,39,'2026-02-27 11:15:27.119','2026-05-04 07:25:35.276'),(26,200,37,'2026-05-04 07:25:35.570','2026-05-04 07:25:35.570'),(26,207,38,'2026-05-04 07:25:35.578','2026-05-04 07:25:35.578'),(26,209,36,'2026-05-04 07:25:35.586','2026-05-04 07:25:35.586'),(26,210,33,'2026-05-04 07:25:35.486','2026-05-04 07:25:35.486'),(26,211,35,'2026-02-27 11:15:27.131','2026-05-04 07:25:35.280'),(26,212,32,'2026-05-04 07:25:35.373','2026-05-04 07:25:35.373'),(26,213,34,'2026-05-04 07:25:35.382','2026-05-04 07:25:35.382'),(26,243,41,'2026-05-04 07:25:35.671','2026-05-04 07:25:35.671'),(26,244,40,'2026-05-04 07:25:35.392','2026-05-04 07:25:35.392'),(27,1,7,'2026-02-02 09:59:51.557','2026-02-02 09:59:51.557'),(27,8,8,'2026-02-02 09:59:51.342','2026-02-02 09:59:51.342'),(27,13,6,'2026-02-02 09:59:51.843','2026-02-02 09:59:51.843'),(27,15,0,'2026-02-02 09:59:51.357','2026-02-02 09:59:51.357'),(27,23,5,'2026-02-02 09:59:51.652','2026-02-02 09:59:51.652'),(27,33,24,'2026-05-04 07:25:35.955','2026-05-04 07:25:35.955'),(27,34,3,'2026-02-02 09:59:51.552','2026-02-02 09:59:51.552'),(27,39,4,'2026-02-02 09:59:51.838','2026-02-02 09:59:51.838'),(27,59,25,'2026-02-02 09:59:51.752','2026-05-04 07:25:35.869'),(27,78,22,'2026-05-04 07:25:36.170','2026-05-04 07:25:36.170'),(27,80,1,'2026-02-02 09:59:51.442','2026-02-02 09:59:51.442'),(27,81,2,'2026-02-02 09:59:51.756','2026-02-02 09:59:51.756'),(27,84,23,'2026-05-04 07:25:36.054','2026-05-04 07:25:36.054'),(27,106,11,'2026-02-02 09:59:51.447','2026-02-02 09:59:51.447'),(27,107,12,'2026-02-02 09:59:51.641','2026-02-02 09:59:51.641'),(27,116,9,'2026-02-02 09:59:51.658','2026-02-02 09:59:51.658'),(27,120,13,'2026-02-02 09:59:51.747','2026-02-02 09:59:51.747'),(27,124,17,'2026-02-02 09:59:51.458','2026-02-02 09:59:51.458'),(27,132,18,'2026-02-02 09:59:51.646','2026-02-02 09:59:51.646'),(27,138,21,'2026-02-02 09:59:51.547','2026-02-02 09:59:51.547'),(27,143,19,'2026-02-02 09:59:51.536','2026-02-02 09:59:51.536'),(27,146,10,'2026-02-02 09:59:51.741','2026-02-02 09:59:51.741'),(27,170,16,'2026-02-02 09:59:51.453','2026-02-02 09:59:51.453'),(27,175,15,'2026-02-02 09:59:51.352','2026-02-02 09:59:51.352'),(27,179,20,'2026-02-02 09:59:51.542','2026-02-02 09:59:51.542'),(27,187,14,'2026-02-02 09:59:51.347','2026-02-02 09:59:51.347'),(27,198,33,'2026-02-27 11:15:27.230','2026-05-04 07:25:35.873'),(27,200,31,'2026-05-04 07:25:36.154','2026-05-04 07:25:36.154'),(27,207,32,'2026-05-04 07:25:36.275','2026-05-04 07:25:36.275'),(27,209,30,'2026-05-04 07:25:36.061','2026-05-04 07:25:36.061'),(27,210,27,'2026-05-04 07:25:36.254','2026-05-04 07:25:36.254'),(27,211,29,'2026-02-27 11:15:27.222','2026-05-04 07:25:35.865'),(27,212,26,'2026-05-04 07:25:36.261','2026-05-04 07:25:36.261'),(27,213,28,'2026-05-04 07:25:36.071','2026-05-04 07:25:36.071'),(27,243,35,'2026-05-04 07:25:36.161','2026-05-04 07:25:36.161'),(27,244,34,'2026-05-04 07:25:35.967','2026-05-04 07:25:35.967'),(28,1,7,'2026-02-18 15:10:43.268','2026-02-18 15:10:43.268'),(28,3,21,'2026-02-18 15:10:43.250','2026-02-18 15:10:43.250'),(28,8,8,'2026-02-18 15:10:43.060','2026-02-18 15:10:43.060'),(28,13,6,'2026-02-18 15:10:43.052','2026-02-18 15:10:43.052'),(28,15,0,'2026-02-18 15:10:42.866','2026-02-18 15:10:42.866'),(28,19,19,'2026-02-18 15:10:43.352','2026-02-18 15:10:43.352'),(28,23,5,'2026-02-18 15:10:42.967','2026-02-18 15:10:42.967'),(28,33,18,'2026-02-18 15:10:43.453','2026-02-18 15:10:43.453'),(28,34,3,'2026-02-18 15:10:42.660','2026-02-18 15:10:42.660'),(28,39,4,'2026-02-18 15:10:42.960','2026-02-18 15:10:42.960'),(28,59,22,'2026-02-18 15:10:42.942','2026-02-18 15:10:42.942'),(28,78,16,'2026-02-18 15:10:42.752','2026-02-18 15:10:42.752'),(28,79,20,'2026-02-18 15:10:43.437','2026-02-18 15:10:43.437'),(28,80,1,'2026-02-18 15:10:42.742','2026-02-18 15:10:42.742'),(28,81,2,'2026-02-18 15:10:42.951','2026-02-18 15:10:42.951'),(28,84,17,'2026-02-18 15:10:42.933','2026-02-18 15:10:42.933'),(28,106,11,'2026-02-18 15:10:43.335','2026-02-18 15:10:43.335'),(28,107,12,'2026-02-18 15:10:43.343','2026-02-18 15:10:43.343'),(28,116,9,'2026-02-18 15:10:43.445','2026-02-18 15:10:43.445'),(28,120,13,'2026-02-18 15:10:42.841','2026-02-18 15:10:42.841'),(28,124,14,'2026-02-18 15:10:43.233','2026-02-18 15:10:43.233'),(28,138,15,'2026-02-18 15:10:43.242','2026-02-18 15:10:43.242'),(28,146,10,'2026-02-18 15:10:43.035','2026-02-18 15:10:43.035'),(28,198,33,'2026-02-27 11:15:27.621','2026-05-04 07:25:36.953'),(28,200,31,'2026-05-04 07:25:37.062','2026-05-04 07:25:37.062'),(28,201,28,'2026-02-18 15:10:43.460','2026-02-18 15:10:43.460'),(28,202,27,'2026-02-18 15:10:42.831','2026-02-18 15:10:42.831'),(28,203,26,'2026-02-18 15:10:42.857','2026-02-18 15:10:42.857'),(28,207,32,'2026-05-04 07:25:36.960','2026-05-04 07:25:36.960'),(28,209,30,'2026-05-04 07:25:37.054','2026-05-04 07:25:37.054'),(28,210,24,'2026-02-18 15:10:43.259','2026-02-18 15:10:43.259'),(28,211,29,'2026-02-18 15:10:43.044','2026-02-18 15:10:43.044'),(28,212,23,'2026-02-18 15:10:42.735','2026-02-18 15:10:42.735'),(28,213,25,'2026-02-18 15:10:42.848','2026-02-18 15:10:42.848'),(28,243,35,'2026-05-04 07:25:37.150','2026-05-04 07:25:37.150'),(28,244,34,'2026-05-04 07:25:36.969','2026-05-04 07:25:36.969'),(29,1,7,'2026-02-18 15:10:44.231','2026-02-18 15:10:44.231'),(29,8,8,'2026-02-18 15:10:43.743','2026-02-18 15:10:43.743'),(29,13,6,'2026-02-18 15:10:43.931','2026-02-18 15:10:43.931'),(29,15,0,'2026-02-18 15:10:43.735','2026-02-18 15:10:43.735'),(29,23,5,'2026-02-18 15:10:44.133','2026-02-18 15:10:44.133'),(29,33,18,'2026-02-18 15:10:43.660','2026-02-18 15:10:43.660'),(29,34,3,'2026-02-18 15:10:44.054','2026-02-18 15:10:44.054'),(29,39,4,'2026-02-18 15:10:44.163','2026-02-18 15:10:44.163'),(29,59,19,'2026-02-18 15:10:44.156','2026-02-18 15:10:44.156'),(29,78,16,'2026-02-18 15:10:44.148','2026-02-18 15:10:44.148'),(29,80,1,'2026-02-18 15:10:44.037','2026-02-18 15:10:44.037'),(29,81,2,'2026-02-18 15:10:44.045','2026-02-18 15:10:44.045'),(29,84,17,'2026-02-18 15:10:43.848','2026-02-18 15:10:43.848'),(29,106,11,'2026-02-18 15:10:43.645','2026-02-18 15:10:43.645'),(29,107,12,'2026-02-18 15:10:43.831','2026-02-18 15:10:43.831'),(29,116,9,'2026-02-18 15:10:43.751','2026-02-18 15:10:43.751'),(29,120,13,'2026-02-18 15:10:44.141','2026-02-18 15:10:44.141'),(29,124,14,'2026-02-18 15:10:43.653','2026-02-18 15:10:43.653'),(29,138,15,'2026-02-18 15:10:43.839','2026-02-18 15:10:43.839'),(29,146,10,'2026-02-18 15:10:43.939','2026-02-18 15:10:43.939'),(29,198,27,'2026-02-27 11:15:27.736','2026-05-04 07:25:37.178'),(29,200,25,'2026-05-04 07:25:37.185','2026-05-04 07:25:37.185'),(29,207,26,'2026-05-04 07:25:37.273','2026-05-04 07:25:37.273'),(29,209,24,'2026-05-04 07:25:37.355','2026-05-04 07:25:37.355'),(29,210,21,'2026-02-18 15:10:43.957','2026-02-18 15:10:43.957'),(29,211,23,'2026-02-18 15:10:43.965','2026-02-18 15:10:43.965'),(29,212,20,'2026-02-18 15:10:43.948','2026-02-18 15:10:43.948'),(29,213,22,'2026-02-18 15:10:43.855','2026-02-18 15:10:43.855'),(29,243,29,'2026-05-04 07:25:37.375','2026-05-04 07:25:37.375'),(29,244,28,'2026-05-04 07:25:37.280','2026-05-04 07:25:37.280'),(30,1,7,'2026-02-18 15:10:44.849','2026-02-18 15:10:44.849'),(30,8,8,'2026-02-18 15:10:44.444','2026-02-18 15:10:44.444'),(30,13,6,'2026-02-18 15:10:44.841','2026-02-18 15:10:44.841'),(30,15,0,'2026-02-18 15:10:44.731','2026-02-18 15:10:44.731'),(30,23,5,'2026-02-18 15:10:44.435','2026-02-18 15:10:44.435'),(30,33,18,'2026-05-04 07:25:37.891','2026-05-04 07:25:37.891'),(30,34,3,'2026-02-18 15:10:44.333','2026-02-18 15:10:44.333'),(30,39,4,'2026-02-18 15:10:44.833','2026-02-18 15:10:44.833'),(30,59,19,'2026-02-18 15:10:44.961','2026-05-04 07:25:37.680'),(30,78,16,'2026-05-04 07:25:37.867','2026-05-04 07:25:37.867'),(30,80,1,'2026-02-18 15:10:44.953','2026-02-18 15:10:44.953'),(30,81,2,'2026-02-18 15:10:44.257','2026-02-18 15:10:44.257'),(30,84,17,'2026-05-04 07:25:37.884','2026-05-04 07:25:37.884'),(30,106,11,'2026-02-18 15:10:44.459','2026-02-18 15:10:44.459'),(30,107,12,'2026-02-18 15:10:44.858','2026-02-18 15:10:44.858'),(30,116,9,'2026-02-18 15:10:44.451','2026-02-18 15:10:44.451'),(30,120,13,'2026-02-18 15:10:44.535','2026-02-18 15:10:44.535'),(30,124,14,'2026-02-18 15:10:45.161','2026-02-18 15:10:45.161'),(30,138,15,'2026-02-18 15:10:45.233','2026-02-18 15:10:45.233'),(30,146,10,'2026-02-18 15:10:45.150','2026-02-18 15:10:45.150'),(30,198,31,'2026-02-18 15:10:45.249','2026-05-04 07:25:37.784'),(30,199,29,'2026-02-18 15:10:45.141','2026-05-04 07:25:37.780'),(30,200,25,'2026-02-18 15:10:44.937','2026-05-04 07:25:37.676'),(30,204,27,'2026-02-18 15:10:44.945','2026-05-04 07:25:37.776'),(30,206,28,'2026-02-18 15:10:45.133','2026-05-04 07:25:37.687'),(30,207,26,'2026-02-18 15:10:44.633','2026-05-04 07:25:37.772'),(30,208,30,'2026-02-18 15:10:45.241','2026-05-04 07:25:37.769'),(30,209,24,'2026-02-18 15:10:44.866','2026-05-04 07:25:37.684'),(30,210,21,'2026-05-04 07:25:38.071','2026-05-04 07:25:38.071'),(30,211,23,'2026-02-27 11:15:28.122','2026-05-04 07:25:37.672'),(30,212,20,'2026-05-04 07:25:38.167','2026-05-04 07:25:38.167'),(30,213,22,'2026-05-04 07:25:37.876','2026-05-04 07:25:37.876'),(30,243,33,'2026-05-04 07:25:38.086','2026-05-04 07:25:38.086'),(30,244,32,'2026-05-04 07:25:38.078','2026-05-04 07:25:38.078'),(31,1,7,'2026-02-18 15:10:45.570','2026-02-18 15:10:45.570'),(31,8,8,'2026-02-18 15:10:46.074','2026-02-18 15:10:46.074'),(31,13,6,'2026-02-18 15:10:45.562','2026-02-18 15:10:45.562'),(31,15,0,'2026-02-18 15:10:45.457','2026-02-18 15:10:45.457'),(31,23,5,'2026-02-18 15:10:46.063','2026-02-18 15:10:46.063'),(31,33,18,'2026-05-04 07:25:38.593','2026-05-04 07:25:38.593'),(31,34,3,'2026-02-18 15:10:46.042','2026-02-18 15:10:46.042'),(31,39,4,'2026-02-18 15:10:46.054','2026-02-18 15:10:46.054'),(31,59,19,'2026-02-18 15:10:45.585','2026-05-04 07:25:38.394'),(31,78,16,'2026-05-04 07:25:38.873','2026-05-04 07:25:38.873'),(31,80,1,'2026-02-18 15:10:45.464','2026-02-18 15:10:45.464'),(31,81,2,'2026-02-18 15:10:45.472','2026-02-18 15:10:45.472'),(31,84,17,'2026-05-04 07:25:38.584','2026-05-04 07:25:38.584'),(31,106,11,'2026-02-18 15:10:45.480','2026-02-18 15:10:45.480'),(31,107,12,'2026-02-18 15:10:45.782','2026-02-18 15:10:45.782'),(31,116,9,'2026-02-18 15:10:45.772','2026-02-18 15:10:45.772'),(31,120,13,'2026-02-18 15:10:45.577','2026-02-18 15:10:45.577'),(31,124,14,'2026-02-18 15:10:46.135','2026-02-18 15:10:46.135'),(31,138,15,'2026-02-18 15:10:45.367','2026-02-18 15:10:45.367'),(31,146,10,'2026-02-18 15:10:46.085','2026-02-18 15:10:46.085'),(31,198,30,'2026-02-18 15:10:45.742','2026-05-04 07:25:38.476'),(31,199,29,'2026-02-18 15:10:45.531','2026-05-04 07:25:38.467'),(31,200,25,'2026-02-18 15:10:45.488','2026-05-04 07:25:38.483'),(31,204,27,'2026-02-18 15:10:45.733','2026-05-04 07:25:38.472'),(31,206,28,'2026-02-18 15:10:46.034','2026-05-04 07:25:38.573'),(31,207,26,'2026-02-18 15:10:46.027','2026-05-04 07:25:38.569'),(31,209,24,'2026-02-18 15:10:45.792','2026-05-04 07:25:38.480'),(31,210,21,'2026-05-04 07:25:38.676','2026-05-04 07:25:38.676'),(31,211,23,'2026-02-27 11:15:28.419','2026-05-04 07:25:38.577'),(31,212,20,'2026-05-04 07:25:38.683','2026-05-04 07:25:38.683'),(31,213,22,'2026-05-04 07:25:38.780','2026-05-04 07:25:38.780'),(31,243,32,'2026-05-04 07:25:38.669','2026-05-04 07:25:38.669'),(31,244,31,'2026-05-04 07:25:38.791','2026-05-04 07:25:38.791'),(32,1,7,'2026-02-18 15:10:46.737','2026-02-18 15:10:46.737'),(32,8,8,'2026-02-18 15:10:46.554','2026-02-18 15:10:46.554'),(32,13,6,'2026-02-18 15:10:46.664','2026-02-18 15:10:46.664'),(32,15,0,'2026-02-18 15:10:46.639','2026-02-18 15:10:46.639'),(32,23,5,'2026-02-18 15:10:46.833','2026-02-18 15:10:46.833'),(32,33,18,'2026-05-04 07:25:39.367','2026-05-04 07:25:39.367'),(32,34,3,'2026-02-18 15:10:46.655','2026-02-18 15:10:46.655'),(32,39,4,'2026-02-18 15:10:46.354','2026-02-18 15:10:46.354'),(32,59,19,'2026-02-18 15:10:46.337','2026-05-04 07:25:39.172'),(32,78,16,'2026-05-04 07:25:39.286','2026-05-04 07:25:39.286'),(32,80,1,'2026-02-18 15:10:46.647','2026-02-18 15:10:46.647'),(32,81,2,'2026-02-18 15:10:46.546','2026-02-18 15:10:46.546'),(32,84,17,'2026-05-04 07:25:39.384','2026-05-04 07:25:39.384'),(32,106,11,'2026-02-18 15:10:46.754','2026-02-18 15:10:46.754'),(32,107,12,'2026-02-18 15:10:46.762','2026-02-18 15:10:46.762'),(32,116,9,'2026-02-18 15:10:46.631','2026-02-18 15:10:46.631'),(32,120,13,'2026-02-18 15:10:46.362','2026-02-18 15:10:46.362'),(32,124,14,'2026-02-18 15:10:46.370','2026-02-18 15:10:46.370'),(32,138,15,'2026-02-18 15:10:46.329','2026-02-18 15:10:46.329'),(32,146,10,'2026-02-18 15:10:46.745','2026-02-18 15:10:46.745'),(32,198,27,'2026-02-18 15:10:46.345','2026-05-04 07:25:39.158'),(32,200,25,'2026-02-18 15:10:46.438','2026-05-04 07:25:39.073'),(32,207,26,'2026-02-18 15:10:46.537','2026-05-04 07:25:39.153'),(32,209,24,'2026-02-18 15:10:46.377','2026-05-04 07:25:39.070'),(32,210,21,'2026-05-04 07:25:39.271','2026-05-04 07:25:39.271'),(32,211,23,'2026-02-27 11:15:28.650','2026-05-04 07:25:39.077'),(32,212,20,'2026-05-04 07:25:39.180','2026-05-04 07:25:39.180'),(32,213,22,'2026-05-04 07:25:39.376','2026-05-04 07:25:39.376'),(32,243,29,'2026-05-04 07:25:39.250','2026-05-04 07:25:39.250'),(32,244,28,'2026-05-04 07:25:39.277','2026-05-04 07:25:39.277'),(42,1,7,'2026-05-04 07:25:40.676','2026-05-04 07:25:40.676'),(42,8,8,'2026-05-04 07:25:40.056','2026-05-04 07:25:40.056'),(42,13,6,'2026-05-04 07:25:39.769','2026-05-04 07:25:39.769'),(42,15,0,'2026-05-04 07:25:40.667','2026-05-04 07:25:40.667'),(42,23,5,'2026-05-04 07:25:40.880','2026-05-04 07:25:40.880'),(42,33,18,'2026-05-04 07:25:40.484','2026-05-04 07:25:40.484'),(42,34,3,'2026-05-04 07:25:39.575','2026-05-04 07:25:39.575'),(42,39,4,'2026-05-04 07:25:40.874','2026-05-04 07:25:40.874'),(42,59,19,'2026-05-04 07:25:40.782','2026-05-04 07:25:40.782'),(42,78,16,'2026-05-04 07:25:40.069','2026-05-04 07:25:40.069'),(42,80,1,'2026-05-04 07:25:39.879','2026-05-04 07:25:39.879'),(42,81,2,'2026-05-04 07:25:39.980','2026-05-04 07:25:39.980'),(42,84,17,'2026-05-04 07:25:40.984','2026-05-04 07:25:40.984'),(42,106,11,'2026-05-04 07:25:40.171','2026-05-04 07:25:40.171'),(42,107,12,'2026-05-04 07:25:40.379','2026-05-04 07:25:40.379'),(42,116,9,'2026-05-04 07:25:39.776','2026-05-04 07:25:39.776'),(42,120,13,'2026-05-04 07:25:40.775','2026-05-04 07:25:40.775'),(42,124,14,'2026-05-04 07:25:40.470','2026-05-04 07:25:40.470'),(42,138,15,'2026-05-04 07:25:40.477','2026-05-04 07:25:40.477'),(42,146,10,'2026-05-04 07:25:40.082','2026-05-04 07:25:40.082'),(42,198,27,'2026-05-04 07:25:39.851','2026-05-04 07:25:39.851'),(42,200,25,'2026-05-04 07:25:40.259','2026-05-04 07:25:40.259'),(42,207,26,'2026-05-04 07:25:40.969','2026-05-04 07:25:40.969'),(42,209,24,'2026-05-04 07:25:40.789','2026-05-04 07:25:40.789'),(42,210,21,'2026-05-04 07:25:40.075','2026-05-04 07:25:40.075'),(42,211,23,'2026-05-04 07:25:41.070','2026-05-04 07:25:41.070'),(42,212,20,'2026-05-04 07:25:39.783','2026-05-04 07:25:39.783'),(42,213,22,'2026-05-04 07:25:40.254','2026-05-04 07:25:40.254'),(42,230,30,'2026-05-04 07:25:39.972','2026-05-04 07:25:39.972'),(42,233,32,'2026-05-04 07:25:40.571','2026-05-04 07:25:40.571'),(42,234,37,'2026-05-04 07:25:40.371','2026-05-04 07:25:40.371'),(42,235,29,'2026-05-04 07:25:39.858','2026-05-04 07:25:39.858'),(42,238,34,'2026-05-04 07:25:40.357','2026-05-04 07:25:40.357'),(42,240,31,'2026-05-04 07:25:40.274','2026-05-04 07:25:40.274'),(42,241,36,'2026-05-04 07:25:39.567','2026-05-04 07:25:39.567'),(42,242,28,'2026-05-04 07:25:40.266','2026-05-04 07:25:40.266'),(42,243,38,'2026-05-04 07:25:40.581','2026-05-04 07:25:40.581'),(42,244,35,'2026-05-04 07:25:40.978','2026-05-04 07:25:40.978'),(42,245,33,'2026-05-04 07:25:39.872','2026-05-04 07:25:39.872'),(43,1,7,'2026-05-04 07:25:41.357','2026-05-04 07:25:41.357'),(43,8,8,'2026-05-04 07:25:42.067','2026-05-04 07:25:42.067'),(43,13,6,'2026-05-04 07:25:41.765','2026-05-04 07:25:41.765'),(43,15,0,'2026-05-04 07:25:42.464','2026-05-04 07:25:42.464'),(43,23,5,'2026-05-04 07:25:41.257','2026-05-04 07:25:41.257'),(43,33,18,'2026-05-04 07:25:41.965','2026-05-04 07:25:41.965'),(43,34,3,'2026-05-04 07:25:41.155','2026-05-04 07:25:41.155'),(43,39,4,'2026-05-04 07:25:41.755','2026-05-04 07:25:41.755'),(43,59,19,'2026-05-04 07:25:42.167','2026-05-04 07:25:42.167'),(43,78,16,'2026-05-04 07:25:42.158','2026-05-04 07:25:42.158'),(43,80,1,'2026-05-04 07:25:41.873','2026-05-04 07:25:41.873'),(43,81,2,'2026-05-04 07:25:41.671','2026-05-04 07:25:41.671'),(43,84,17,'2026-05-04 07:25:41.558','2026-05-04 07:25:41.558'),(43,106,11,'2026-05-04 07:25:41.454','2026-05-04 07:25:41.454'),(43,107,12,'2026-05-04 07:25:42.553','2026-05-04 07:25:42.553'),(43,116,9,'2026-05-04 07:25:41.652','2026-05-04 07:25:41.652'),(43,120,13,'2026-05-04 07:25:41.550','2026-05-04 07:25:41.550'),(43,124,14,'2026-05-04 07:25:42.371','2026-05-04 07:25:42.371'),(43,138,15,'2026-05-04 07:25:41.958','2026-05-04 07:25:41.958'),(43,146,10,'2026-05-04 07:25:42.474','2026-05-04 07:25:42.474'),(43,198,27,'2026-05-04 07:25:41.661','2026-05-04 07:25:41.661'),(43,200,25,'2026-05-04 07:25:42.261','2026-05-04 07:25:42.261'),(43,207,26,'2026-05-04 07:25:42.379','2026-05-04 07:25:42.379'),(43,209,24,'2026-05-04 07:25:42.252','2026-05-04 07:25:42.252'),(43,210,21,'2026-05-04 07:25:41.565','2026-05-04 07:25:41.565'),(43,211,23,'2026-05-04 07:25:41.973','2026-05-04 07:25:41.973'),(43,212,20,'2026-05-04 07:25:41.853','2026-05-04 07:25:41.853'),(43,213,22,'2026-05-04 07:25:41.572','2026-05-04 07:25:41.572'),(43,230,30,'2026-05-04 07:25:42.269','2026-05-04 07:25:42.269'),(43,233,32,'2026-05-04 07:25:42.350','2026-05-04 07:25:42.350'),(43,234,35,'2026-05-04 07:25:42.457','2026-05-04 07:25:42.457'),(43,235,29,'2026-05-04 07:25:42.567','2026-05-04 07:25:42.567'),(43,240,31,'2026-05-04 07:25:42.055','2026-05-04 07:25:42.055'),(43,242,28,'2026-05-04 07:25:41.859','2026-05-04 07:25:41.859'),(43,243,36,'2026-05-04 07:25:41.866','2026-05-04 07:25:41.866'),(43,244,34,'2026-05-04 07:25:42.061','2026-05-04 07:25:42.061'),(43,245,33,'2026-05-04 07:25:42.358','2026-05-04 07:25:42.358'),(44,1,7,'2026-05-04 07:25:43.675','2026-05-04 07:25:43.675'),(44,8,8,'2026-05-04 07:25:43.167','2026-05-04 07:25:43.167'),(44,13,6,'2026-05-04 07:25:43.583','2026-05-04 07:25:43.583'),(44,15,0,'2026-05-04 07:25:42.961','2026-05-04 07:25:42.961'),(44,23,5,'2026-05-04 07:25:42.970','2026-05-04 07:25:42.970'),(44,33,18,'2026-05-04 07:25:43.054','2026-05-04 07:25:43.054'),(44,34,3,'2026-05-04 07:25:42.764','2026-05-04 07:25:42.764'),(44,39,4,'2026-05-04 07:25:43.078','2026-05-04 07:25:43.078'),(44,59,19,'2026-05-04 07:25:43.569','2026-05-04 07:25:43.569'),(44,78,16,'2026-05-04 07:25:42.861','2026-05-04 07:25:42.861'),(44,80,1,'2026-05-04 07:25:43.476','2026-05-04 07:25:43.476'),(44,81,2,'2026-05-04 07:25:43.071','2026-05-04 07:25:43.071'),(44,84,17,'2026-05-04 07:25:43.767','2026-05-04 07:25:43.767'),(44,106,11,'2026-05-04 07:25:43.484','2026-05-04 07:25:43.484'),(44,107,12,'2026-05-04 07:25:42.772','2026-05-04 07:25:42.772'),(44,116,9,'2026-05-04 07:25:43.683','2026-05-04 07:25:43.683'),(44,120,13,'2026-05-04 07:25:43.492','2026-05-04 07:25:43.492'),(44,124,14,'2026-05-04 07:25:43.282','2026-05-04 07:25:43.282'),(44,138,15,'2026-05-04 07:25:42.854','2026-05-04 07:25:42.854'),(44,146,10,'2026-05-04 07:25:43.177','2026-05-04 07:25:43.177'),(44,198,27,'2026-05-04 07:25:43.377','2026-05-04 07:25:43.377'),(44,200,25,'2026-05-04 07:25:43.252','2026-05-04 07:25:43.252'),(44,207,26,'2026-05-04 07:25:43.369','2026-05-04 07:25:43.369'),(44,209,24,'2026-05-04 07:25:43.061','2026-05-04 07:25:43.061'),(44,210,21,'2026-05-04 07:25:43.784','2026-05-04 07:25:43.784'),(44,211,23,'2026-05-04 07:25:42.671','2026-05-04 07:25:42.671'),(44,212,20,'2026-05-04 07:25:43.776','2026-05-04 07:25:43.776'),(44,213,22,'2026-05-04 07:25:42.953','2026-05-04 07:25:42.953'),(44,230,30,'2026-05-04 07:25:43.576','2026-05-04 07:25:43.576'),(44,235,29,'2026-05-04 07:25:43.467','2026-05-04 07:25:43.467'),(44,242,28,'2026-05-04 07:25:43.260','2026-05-04 07:25:43.260'),(44,243,32,'2026-05-04 07:25:43.273','2026-05-04 07:25:43.273'),(44,244,31,'2026-05-04 07:25:42.757','2026-05-04 07:25:42.757'),(45,1,7,'2026-05-04 07:25:44.782','2026-05-04 07:25:44.782'),(45,8,8,'2026-05-04 07:25:44.457','2026-05-04 07:25:44.457'),(45,13,6,'2026-05-04 07:25:44.674','2026-05-04 07:25:44.674'),(45,15,0,'2026-05-04 07:25:44.382','2026-05-04 07:25:44.382'),(45,23,5,'2026-05-04 07:25:44.663','2026-05-04 07:25:44.663'),(45,33,18,'2026-05-04 07:25:44.769','2026-05-04 07:25:44.769'),(45,34,3,'2026-05-04 07:25:44.656','2026-05-04 07:25:44.656'),(45,39,4,'2026-05-04 07:25:43.969','2026-05-04 07:25:43.969'),(45,59,19,'2026-05-04 07:25:44.789','2026-05-04 07:25:44.789'),(45,78,16,'2026-05-04 07:25:44.287','2026-05-04 07:25:44.287'),(45,80,1,'2026-05-04 07:25:44.181','2026-05-04 07:25:44.181'),(45,81,2,'2026-05-04 07:25:44.573','2026-05-04 07:25:44.573'),(45,84,17,'2026-05-04 07:25:44.763','2026-05-04 07:25:44.763'),(45,106,11,'2026-05-04 07:25:44.754','2026-05-04 07:25:44.754'),(45,107,12,'2026-05-04 07:25:44.274','2026-05-04 07:25:44.274'),(45,116,9,'2026-05-04 07:25:44.267','2026-05-04 07:25:44.267'),(45,120,13,'2026-05-04 07:25:44.055','2026-05-04 07:25:44.055'),(45,124,14,'2026-05-04 07:25:44.473','2026-05-04 07:25:44.473'),(45,138,15,'2026-05-04 07:25:44.280','2026-05-04 07:25:44.280'),(45,146,10,'2026-05-04 07:25:43.978','2026-05-04 07:25:43.978'),(45,198,27,'2026-05-04 07:25:44.157','2026-05-04 07:25:44.157'),(45,200,25,'2026-05-04 07:25:44.079','2026-05-04 07:25:44.079'),(45,207,26,'2026-05-04 07:25:44.876','2026-05-04 07:25:44.876'),(45,209,24,'2026-05-04 07:25:44.775','2026-05-04 07:25:44.775'),(45,210,21,'2026-05-04 07:25:44.558','2026-05-04 07:25:44.558'),(45,211,23,'2026-05-04 07:25:43.883','2026-05-04 07:25:43.883'),(45,212,20,'2026-05-04 07:25:44.871','2026-05-04 07:25:44.871'),(45,213,22,'2026-05-04 07:25:44.369','2026-05-04 07:25:44.369'),(45,236,29,'2026-05-04 07:25:44.550','2026-05-04 07:25:44.550'),(45,239,30,'2026-05-04 07:25:44.073','2026-05-04 07:25:44.073'),(45,243,31,'2026-05-04 07:25:44.376','2026-05-04 07:25:44.376'),(45,244,28,'2026-05-04 07:25:44.173','2026-05-04 07:25:44.173'),(46,1,7,'2026-05-04 07:25:45.858','2026-05-04 07:25:45.858'),(46,8,8,'2026-05-04 07:25:45.269','2026-05-04 07:25:45.269'),(46,13,6,'2026-05-04 07:25:45.658','2026-05-04 07:25:45.658'),(46,15,0,'2026-05-04 07:25:45.253','2026-05-04 07:25:45.253'),(46,23,5,'2026-05-04 07:25:45.850','2026-05-04 07:25:45.850'),(46,33,18,'2026-05-04 07:25:45.390','2026-05-04 07:25:45.390'),(46,34,3,'2026-05-04 07:25:44.980','2026-05-04 07:25:44.980'),(46,39,4,'2026-05-04 07:25:45.650','2026-05-04 07:25:45.650'),(46,59,19,'2026-05-04 07:25:45.671','2026-05-04 07:25:45.671'),(46,78,16,'2026-05-04 07:25:45.384','2026-05-04 07:25:45.384'),(46,80,1,'2026-05-04 07:25:45.981','2026-05-04 07:25:45.981'),(46,81,2,'2026-05-04 07:25:45.376','2026-05-04 07:25:45.376'),(46,84,17,'2026-05-04 07:25:45.154','2026-05-04 07:25:45.154'),(46,106,11,'2026-05-04 07:25:45.284','2026-05-04 07:25:45.284'),(46,107,12,'2026-05-04 07:25:45.072','2026-05-04 07:25:45.072'),(46,116,9,'2026-05-04 07:25:45.560','2026-05-04 07:25:45.560'),(46,120,13,'2026-05-04 07:25:45.664','2026-05-04 07:25:45.664'),(46,124,14,'2026-05-04 07:25:45.370','2026-05-04 07:25:45.370'),(46,138,15,'2026-05-04 07:25:45.277','2026-05-04 07:25:45.277'),(46,146,10,'2026-05-04 07:25:45.871','2026-05-04 07:25:45.871'),(46,198,27,'2026-05-04 07:25:45.553','2026-05-04 07:25:45.553'),(46,200,25,'2026-05-04 07:25:45.172','2026-05-04 07:25:45.172'),(46,207,26,'2026-05-04 07:25:45.752','2026-05-04 07:25:45.752'),(46,209,24,'2026-05-04 07:25:45.161','2026-05-04 07:25:45.161'),(46,210,21,'2026-05-04 07:25:45.477','2026-05-04 07:25:45.477'),(46,211,23,'2026-05-04 07:25:45.877','2026-05-04 07:25:45.877'),(46,212,20,'2026-05-04 07:25:45.469','2026-05-04 07:25:45.469'),(46,213,22,'2026-05-04 07:25:45.987','2026-05-04 07:25:45.987'),(46,236,29,'2026-05-04 07:25:45.759','2026-05-04 07:25:45.759'),(46,239,30,'2026-05-04 07:25:45.567','2026-05-04 07:25:45.567'),(46,243,31,'2026-05-04 07:25:45.974','2026-05-04 07:25:45.974'),(46,244,28,'2026-05-04 07:25:45.883','2026-05-04 07:25:45.883'),(47,1,7,'2026-05-04 07:25:46.559','2026-05-04 07:25:46.559'),(47,8,8,'2026-05-04 07:25:46.864','2026-05-04 07:25:46.864'),(47,13,6,'2026-05-04 07:25:46.653','2026-05-04 07:25:46.653'),(47,15,0,'2026-05-04 07:25:47.053','2026-05-04 07:25:47.053'),(47,23,5,'2026-05-04 07:25:47.353','2026-05-04 07:25:47.353'),(47,33,18,'2026-05-04 07:25:47.074','2026-05-04 07:25:47.074'),(47,34,3,'2026-05-04 07:25:46.567','2026-05-04 07:25:46.567'),(47,39,4,'2026-05-04 07:25:47.277','2026-05-04 07:25:47.277'),(47,59,19,'2026-05-04 07:25:46.765','2026-05-04 07:25:46.765'),(47,78,16,'2026-05-04 07:25:46.354','2026-05-04 07:25:46.354'),(47,80,1,'2026-05-04 07:25:46.553','2026-05-04 07:25:46.553'),(47,81,2,'2026-05-04 07:25:46.857','2026-05-04 07:25:46.857'),(47,84,17,'2026-05-04 07:25:46.758','2026-05-04 07:25:46.758'),(47,106,11,'2026-05-04 07:25:46.660','2026-05-04 07:25:46.660'),(47,107,12,'2026-05-04 07:25:46.669','2026-05-04 07:25:46.669'),(47,116,9,'2026-05-04 07:25:47.081','2026-05-04 07:25:47.081'),(47,120,13,'2026-05-04 07:25:47.155','2026-05-04 07:25:47.155'),(47,124,14,'2026-05-04 07:25:46.459','2026-05-04 07:25:46.459'),(47,138,15,'2026-05-04 07:25:47.171','2026-05-04 07:25:47.171'),(47,146,10,'2026-05-04 07:25:47.374','2026-05-04 07:25:47.374'),(47,198,27,'2026-05-04 07:25:46.974','2026-05-04 07:25:46.974'),(47,200,25,'2026-05-04 07:25:46.450','2026-05-04 07:25:46.450'),(47,207,26,'2026-05-04 07:25:46.965','2026-05-04 07:25:46.965'),(47,209,24,'2026-05-04 07:25:46.771','2026-05-04 07:25:46.771'),(47,210,21,'2026-05-04 07:25:47.269','2026-05-04 07:25:47.269'),(47,211,23,'2026-05-04 07:25:46.956','2026-05-04 07:25:46.956'),(47,212,20,'2026-05-04 07:25:46.872','2026-05-04 07:25:46.872'),(47,213,22,'2026-05-04 07:25:46.362','2026-05-04 07:25:46.362'),(47,236,29,'2026-05-04 07:25:46.471','2026-05-04 07:25:46.471'),(47,243,30,'2026-05-04 07:25:47.179','2026-05-04 07:25:47.179'),(47,244,28,'2026-05-04 07:25:46.465','2026-05-04 07:25:46.465'),(48,1,7,'2026-05-04 07:25:47.971','2026-05-04 07:25:47.971'),(48,8,8,'2026-05-04 07:25:47.780','2026-05-04 07:25:47.780'),(48,13,6,'2026-05-04 07:25:47.580','2026-05-04 07:25:47.580'),(48,15,0,'2026-05-04 07:25:48.182','2026-05-04 07:25:48.182'),(48,23,5,'2026-05-04 07:25:47.773','2026-05-04 07:25:47.773'),(48,33,18,'2026-05-04 07:25:48.167','2026-05-04 07:25:48.167'),(48,34,3,'2026-05-04 07:25:47.572','2026-05-04 07:25:47.572'),(48,39,4,'2026-05-04 07:25:48.187','2026-05-04 07:25:48.187'),(48,59,19,'2026-05-04 07:25:47.484','2026-05-04 07:25:47.484'),(48,78,16,'2026-05-04 07:25:48.092','2026-05-04 07:25:48.092'),(48,80,1,'2026-05-04 07:25:48.472','2026-05-04 07:25:48.472'),(48,81,2,'2026-05-04 07:25:48.367','2026-05-04 07:25:48.367'),(48,84,17,'2026-05-04 07:25:47.679','2026-05-04 07:25:47.679'),(48,106,11,'2026-05-04 07:25:47.588','2026-05-04 07:25:47.588'),(48,107,12,'2026-05-04 07:25:47.978','2026-05-04 07:25:47.978'),(48,116,9,'2026-05-04 07:25:48.480','2026-05-04 07:25:48.480'),(48,120,13,'2026-05-04 07:25:48.488','2026-05-04 07:25:48.488'),(48,124,14,'2026-05-04 07:25:47.671','2026-05-04 07:25:47.671'),(48,138,15,'2026-05-04 07:25:47.475','2026-05-04 07:25:47.475'),(48,146,10,'2026-05-04 07:25:48.086','2026-05-04 07:25:48.086'),(48,198,27,'2026-05-04 07:25:47.984','2026-05-04 07:25:47.984'),(48,200,25,'2026-05-04 07:25:48.175','2026-05-04 07:25:48.175'),(48,207,26,'2026-05-04 07:25:47.874','2026-05-04 07:25:47.874'),(48,209,24,'2026-05-04 07:25:48.272','2026-05-04 07:25:48.272'),(48,210,21,'2026-05-04 07:25:47.795','2026-05-04 07:25:47.795'),(48,211,23,'2026-05-04 07:25:48.382','2026-05-04 07:25:48.382'),(48,212,20,'2026-05-04 07:25:47.788','2026-05-04 07:25:47.788'),(48,213,22,'2026-05-04 07:25:48.375','2026-05-04 07:25:48.375'),(48,231,30,'2026-05-04 07:25:48.072','2026-05-04 07:25:48.072'),(48,232,32,'2026-05-04 07:25:48.079','2026-05-04 07:25:48.079'),(48,237,31,'2026-05-04 07:25:47.881','2026-05-04 07:25:47.881'),(48,243,29,'2026-05-04 07:25:47.687','2026-05-04 07:25:47.687'),(48,244,28,'2026-05-04 07:25:48.279','2026-05-04 07:25:48.279'),(49,1,7,'2026-05-04 07:25:48.960','2026-05-04 07:25:48.960'),(49,8,8,'2026-05-04 07:25:49.261','2026-05-04 07:25:49.261'),(49,13,6,'2026-05-04 07:25:48.952','2026-05-04 07:25:48.952'),(49,15,0,'2026-05-04 07:25:49.472','2026-05-04 07:25:49.472'),(49,23,5,'2026-05-04 07:25:49.167','2026-05-04 07:25:49.167'),(49,33,18,'2026-05-04 07:25:48.773','2026-05-04 07:25:48.773'),(49,34,3,'2026-05-04 07:25:49.253','2026-05-04 07:25:49.253'),(49,39,4,'2026-05-04 07:25:49.375','2026-05-04 07:25:49.375'),(49,59,19,'2026-05-04 07:25:48.670','2026-05-04 07:25:48.670'),(49,78,16,'2026-05-04 07:25:49.382','2026-05-04 07:25:49.382'),(49,80,1,'2026-05-04 07:25:49.183','2026-05-04 07:25:49.183'),(49,81,2,'2026-05-04 07:25:49.361','2026-05-04 07:25:49.361'),(49,84,17,'2026-05-04 07:25:48.765','2026-05-04 07:25:48.765'),(49,106,11,'2026-05-04 07:25:48.968','2026-05-04 07:25:48.968'),(49,107,12,'2026-05-04 07:25:49.050','2026-05-04 07:25:49.050'),(49,116,9,'2026-05-04 07:25:49.556','2026-05-04 07:25:49.556'),(49,120,13,'2026-05-04 07:25:49.654','2026-05-04 07:25:49.654'),(49,124,14,'2026-05-04 07:25:48.758','2026-05-04 07:25:48.758'),(49,138,15,'2026-05-04 07:25:49.661','2026-05-04 07:25:49.661'),(49,146,10,'2026-05-04 07:25:49.269','2026-05-04 07:25:49.269'),(49,198,27,'2026-05-04 07:25:49.073','2026-05-04 07:25:49.073'),(49,200,25,'2026-05-04 07:25:49.564','2026-05-04 07:25:49.564'),(49,207,26,'2026-05-04 07:25:49.673','2026-05-04 07:25:49.673'),(49,209,24,'2026-05-04 07:25:48.856','2026-05-04 07:25:48.856'),(49,210,21,'2026-05-04 07:25:49.353','2026-05-04 07:25:49.353'),(49,211,23,'2026-05-04 07:25:49.175','2026-05-04 07:25:49.175'),(49,212,20,'2026-05-04 07:25:49.057','2026-05-04 07:25:49.057'),(49,213,22,'2026-05-04 07:25:49.457','2026-05-04 07:25:49.457'),(49,231,30,'2026-05-04 07:25:49.572','2026-05-04 07:25:49.572'),(49,232,32,'2026-05-04 07:25:49.753','2026-05-04 07:25:49.753'),(49,237,31,'2026-05-04 07:25:49.081','2026-05-04 07:25:49.081'),(49,243,29,'2026-05-04 07:25:48.750','2026-05-04 07:25:48.750'),(49,244,28,'2026-05-04 07:25:48.870','2026-05-04 07:25:48.870'),(50,1,7,'2026-05-04 07:25:51.052','2026-05-04 07:25:51.052'),(50,8,8,'2026-05-04 07:25:50.358','2026-05-04 07:25:50.358'),(50,13,6,'2026-05-04 07:25:49.853','2026-05-04 07:25:49.853'),(50,15,0,'2026-05-04 07:25:50.855','2026-05-04 07:25:50.855'),(50,23,5,'2026-05-04 07:25:50.262','2026-05-04 07:25:50.262'),(50,33,18,'2026-05-04 07:25:51.059','2026-05-04 07:25:51.059'),(50,34,3,'2026-05-04 07:25:49.974','2026-05-04 07:25:49.974'),(50,39,4,'2026-05-04 07:25:50.156','2026-05-04 07:25:50.156'),(50,59,19,'2026-05-04 07:25:50.364','2026-05-04 07:25:50.364'),(50,78,16,'2026-05-04 07:25:50.061','2026-05-04 07:25:50.061'),(50,80,1,'2026-05-04 07:25:50.470','2026-05-04 07:25:50.470'),(50,81,2,'2026-05-04 07:25:49.961','2026-05-04 07:25:49.961'),(50,84,17,'2026-05-04 07:25:50.070','2026-05-04 07:25:50.070'),(50,106,11,'2026-05-04 07:25:50.573','2026-05-04 07:25:50.573'),(50,107,12,'2026-05-04 07:25:49.871','2026-05-04 07:25:49.871'),(50,116,9,'2026-05-04 07:25:49.860','2026-05-04 07:25:49.860'),(50,120,13,'2026-05-04 07:25:50.553','2026-05-04 07:25:50.553'),(50,124,14,'2026-05-04 07:25:50.054','2026-05-04 07:25:50.054'),(50,138,15,'2026-05-04 07:25:50.171','2026-05-04 07:25:50.171'),(50,146,10,'2026-05-04 07:25:50.565','2026-05-04 07:25:50.565'),(50,198,27,'2026-05-04 07:25:51.152','2026-05-04 07:25:51.152'),(50,200,25,'2026-05-04 07:25:50.672','2026-05-04 07:25:50.672'),(50,207,26,'2026-05-04 07:25:50.956','2026-05-04 07:25:50.956'),(50,209,24,'2026-05-04 07:25:50.077','2026-05-04 07:25:50.077'),(50,210,21,'2026-05-04 07:25:50.370','2026-05-04 07:25:50.370'),(50,211,23,'2026-05-04 07:25:50.559','2026-05-04 07:25:50.559'),(50,212,20,'2026-05-04 07:25:50.580','2026-05-04 07:25:50.580'),(50,213,22,'2026-05-04 07:25:50.658','2026-05-04 07:25:50.658'),(50,231,30,'2026-05-04 07:25:50.463','2026-05-04 07:25:50.463'),(50,232,32,'2026-05-04 07:25:50.757','2026-05-04 07:25:50.757'),(50,237,31,'2026-05-04 07:25:49.953','2026-05-04 07:25:49.953'),(50,243,29,'2026-05-04 07:25:50.456','2026-05-04 07:25:50.456'),(50,244,28,'2026-05-04 07:25:50.254','2026-05-04 07:25:50.254'),(51,1,17,'2026-05-04 07:25:55.971','2026-05-04 07:25:55.971'),(51,8,18,'2026-05-04 07:25:56.354','2026-05-04 07:25:56.354'),(51,13,7,'2026-05-04 07:25:55.759','2026-05-04 07:25:55.759'),(51,15,0,'2026-05-04 07:25:55.569','2026-05-04 07:25:55.569'),(51,18,9,'2026-05-04 07:25:55.367','2026-05-04 07:25:55.367'),(51,23,5,'2026-05-04 07:25:56.054','2026-05-04 07:25:56.054'),(51,33,28,'2026-05-04 07:25:55.980','2026-05-04 07:25:55.980'),(51,34,3,'2026-05-04 07:25:55.871','2026-05-04 07:25:55.871'),(51,39,4,'2026-05-04 07:25:55.754','2026-05-04 07:25:55.754'),(51,42,6,'2026-05-04 07:25:55.356','2026-05-04 07:25:55.356'),(51,43,11,'2026-05-04 07:25:56.284','2026-05-04 07:25:56.284'),(51,44,13,'2026-05-04 07:25:56.462','2026-05-04 07:25:56.462'),(51,49,14,'2026-05-04 07:25:55.878','2026-05-04 07:25:55.878'),(51,50,16,'2026-05-04 07:25:55.453','2026-05-04 07:25:55.453'),(51,59,29,'2026-05-04 07:25:55.461','2026-05-04 07:25:55.461'),(51,76,8,'2026-05-04 07:25:55.576','2026-05-04 07:25:55.576'),(51,78,26,'2026-05-04 07:25:55.265','2026-05-04 07:25:55.265'),(51,80,1,'2026-05-04 07:25:56.278','2026-05-04 07:25:56.278'),(51,81,2,'2026-05-04 07:25:55.777','2026-05-04 07:25:55.777'),(51,82,12,'2026-05-04 07:25:55.858','2026-05-04 07:25:55.858'),(51,84,27,'2026-05-04 07:25:55.657','2026-05-04 07:25:55.657'),(51,92,10,'2026-05-04 07:25:56.061','2026-05-04 07:25:56.061'),(51,93,15,'2026-05-04 07:25:56.154','2026-05-04 07:25:56.154'),(51,106,21,'2026-05-04 07:25:56.168','2026-05-04 07:25:56.168'),(51,107,22,'2026-05-04 07:25:56.476','2026-05-04 07:25:56.476'),(51,116,19,'2026-05-04 07:25:56.371','2026-05-04 07:25:56.371'),(51,120,23,'2026-05-04 07:25:56.553','2026-05-04 07:25:56.553'),(51,124,24,'2026-05-04 07:25:55.250','2026-05-04 07:25:55.250'),(51,138,25,'2026-05-04 07:25:55.258','2026-05-04 07:25:55.258'),(51,146,20,'2026-05-04 07:25:56.162','2026-05-04 07:25:56.162'),(51,198,37,'2026-05-04 07:25:55.771','2026-05-04 07:25:55.771'),(51,200,35,'2026-05-04 07:25:55.680','2026-05-04 07:25:55.680'),(51,207,36,'2026-05-04 07:25:55.552','2026-05-04 07:25:55.552'),(51,209,34,'2026-05-04 07:25:55.987','2026-05-04 07:25:55.987'),(51,210,31,'2026-05-04 07:25:55.469','2026-05-04 07:25:55.469'),(51,211,33,'2026-05-04 07:25:55.674','2026-05-04 07:25:55.674'),(51,212,30,'2026-05-04 07:25:56.453','2026-05-04 07:25:56.453'),(51,213,32,'2026-05-04 07:25:56.176','2026-05-04 07:25:56.176'),(51,243,39,'2026-05-04 07:25:56.270','2026-05-04 07:25:56.270'),(51,244,38,'2026-05-04 07:25:55.560','2026-05-04 07:25:55.560'),(52,1,11,'2026-05-04 07:25:56.950','2026-05-04 07:25:56.950'),(52,8,12,'2026-05-04 07:25:56.958','2026-05-04 07:25:56.958'),(52,13,7,'2026-05-04 07:25:57.458','2026-05-04 07:25:57.458'),(52,15,0,'2026-05-04 07:25:57.050','2026-05-04 07:25:57.050'),(52,23,5,'2026-05-04 07:25:57.572','2026-05-04 07:25:57.572'),(52,33,22,'2026-05-04 07:25:56.763','2026-05-04 07:25:56.763'),(52,34,3,'2026-05-04 07:25:57.675','2026-05-04 07:25:57.675'),(52,39,4,'2026-05-04 07:25:57.482','2026-05-04 07:25:57.482'),(52,42,6,'2026-05-04 07:25:57.580','2026-05-04 07:25:57.580'),(52,59,23,'2026-05-04 07:25:57.777','2026-05-04 07:25:57.777'),(52,76,8,'2026-05-04 07:25:57.058','2026-05-04 07:25:57.058'),(52,78,20,'2026-05-04 07:25:56.968','2026-05-04 07:25:56.968'),(52,80,1,'2026-05-04 07:25:56.673','2026-05-04 07:25:56.673'),(52,81,2,'2026-05-04 07:25:57.376','2026-05-04 07:25:57.376'),(52,84,21,'2026-05-04 07:25:57.769','2026-05-04 07:25:57.769'),(52,93,9,'2026-05-04 07:25:57.260','2026-05-04 07:25:57.260'),(52,96,10,'2026-05-04 07:25:56.866','2026-05-04 07:25:56.866'),(52,106,15,'2026-05-04 07:25:57.267','2026-05-04 07:25:57.267'),(52,107,16,'2026-05-04 07:25:57.475','2026-05-04 07:25:57.475'),(52,116,13,'2026-05-04 07:25:57.064','2026-05-04 07:25:57.064'),(52,120,17,'2026-05-04 07:25:57.252','2026-05-04 07:25:57.252'),(52,124,18,'2026-05-04 07:25:57.273','2026-05-04 07:25:57.273'),(52,138,19,'2026-05-04 07:25:57.683','2026-05-04 07:25:57.683'),(52,146,14,'2026-05-04 07:25:56.755','2026-05-04 07:25:56.755'),(52,198,31,'2026-05-04 07:25:57.367','2026-05-04 07:25:57.367'),(52,200,29,'2026-05-04 07:25:57.586','2026-05-04 07:25:57.586'),(52,207,30,'2026-05-04 07:25:57.167','2026-05-04 07:25:57.167'),(52,209,28,'2026-05-04 07:25:56.655','2026-05-04 07:25:56.655'),(52,210,25,'2026-05-04 07:25:57.152','2026-05-04 07:25:57.152'),(52,211,27,'2026-05-04 07:25:56.850','2026-05-04 07:25:56.850'),(52,212,24,'2026-05-04 07:25:57.352','2026-05-04 07:25:57.352'),(52,213,26,'2026-05-04 07:25:57.160','2026-05-04 07:25:57.160'),(52,243,33,'2026-05-04 07:25:56.858','2026-05-04 07:25:56.858'),(52,244,32,'2026-05-04 07:25:57.667','2026-05-04 07:25:57.667');
/*!40000 ALTER TABLE `role_permissions` ENABLE KEYS */;
UNLOCK TABLES;

--
-- Dumping data for table `roles`
--

LOCK TABLES `roles` WRITE;
/*!40000 ALTER TABLE `roles` DISABLE KEYS */;
INSERT  IGNORE INTO `roles` (`id`, `project_rid`, `rid`, `display_name`, `created_at`, `updated_at`) VALUES (1,'mindful','admin','Administrator','2025-11-22 14:20:17.509','2026-06-09 10:26:46.571'),(2,'mindful','iam-role-admin','Role Administrator','2025-11-22 14:20:21.002','2026-06-09 10:26:46.716'),(3,'mindful','storage-object-admin','Object Administrator','2025-11-22 14:20:21.427','2026-06-09 10:26:46.781'),(4,'mindful','content-content-admin','Content Administrator','2025-11-22 14:20:22.010','2026-06-09 10:26:46.896'),(5,'mindful','billing-sku-admin','Sku Administrator','2025-11-22 14:20:22.411','2026-06-09 10:26:47.888'),(6,'mindful','user-user-admin','User Administrator','2025-11-22 14:20:22.822','2026-06-09 10:26:49.083'),(7,'mindful','email-email-admin','Email Administrator','2025-11-22 14:20:23.708','2026-06-09 10:26:49.175'),(8,'mindful','user-organization-admin','Organization Administrator','2025-11-22 14:20:24.402','2026-06-09 10:26:49.193'),(9,'mindful','user-organization-editor','Organization Editor','2025-11-22 14:20:25.220','2026-06-09 10:26:49.284'),(10,'mindful','user-organization-viewer','Organization Viewer','2025-11-22 14:20:25.917','2026-06-09 10:26:49.383'),(11,'mindful','user-membership-admin','Membership Administrator','2025-11-22 14:20:26.512','2026-06-09 10:26:49.476'),(12,'mindful','user-membership-invitation-admin','Membership Invitation Administrator','2025-11-22 14:20:26.919','2026-03-22 14:02:31.203'),(13,'mindful','user-membership-invitation-user','Membership Invitation User','2025-11-22 14:20:27.423','2026-03-22 14:02:31.285'),(14,'mindful','customer','Customer','2025-11-22 14:20:27.813','2026-06-09 10:26:49.693'),(15,'mindful','guest','Guest','2025-11-22 14:20:28.106','2026-06-09 10:26:49.870'),(16,'mindful','storage-object-viewer','Object Viewer','2025-12-17 10:04:47.630','2026-06-09 10:26:46.876'),(17,'mindful','content-instructor-admin','Instructor Administrator','2026-01-28 16:22:14.919','2026-06-09 10:26:47.174'),(18,'mindful','content-tag-admin','Tag Administrator','2026-01-28 16:22:16.041','2026-06-09 10:26:47.475'),(19,'mindful','content-category-admin','Category Administrator','2026-01-28 16:22:17.231','2026-06-09 10:26:47.686'),(20,'mindful','content-content-editor','Content Editor','2026-02-02 09:59:44.042','2026-06-09 10:26:46.986'),(21,'mindful','content-content-viewer','Content Viewer','2026-02-02 09:59:45.662','2026-06-09 10:26:47.083'),(22,'mindful','content-instructor-editor','Instructor Editor','2026-02-02 09:59:46.645','2026-06-09 10:26:47.193'),(23,'mindful','content-instructor-viewer','Instructor Viewer','2026-02-02 09:59:47.845','2026-06-09 10:26:47.370'),(24,'mindful','content-tag-editor','Tag Editor','2026-02-02 09:59:48.656','2026-06-09 10:26:47.581'),(25,'mindful','content-tag-viewer','Tag Viewer','2026-02-02 09:59:49.553','2026-06-09 10:26:47.671'),(26,'mindful','content-category-editor','Category Editor','2026-02-02 09:59:50.343','2026-06-09 10:26:47.776'),(27,'mindful','content-category-viewer','Category Viewer','2026-02-02 09:59:51.255','2026-06-09 10:26:47.790'),(28,'mindful','billing-sku-editor','Sku Editor','2026-02-18 15:10:42.651','2026-06-09 10:26:47.981'),(29,'mindful','billing-sku-viewer','Sku Viewer','2026-02-18 15:10:43.636','2026-06-09 10:26:48.081'),(30,'mindful','billing-tier-admin','Tier Administrator','2026-02-18 15:10:44.249','2026-06-09 10:26:48.171'),(31,'mindful','billing-tier-editor','Tier Editor','2026-02-18 15:10:45.360','2026-06-09 10:26:48.185'),(32,'mindful','billing-tier-viewer','Tier Viewer','2026-02-18 15:10:46.321','2026-06-09 10:26:48.279'),(42,'mindful','billing-userBillingAccount-admin','User Billing Account Administrator','2026-05-04 07:25:39.481','2026-06-09 10:26:48.292'),(43,'mindful','billing-userBillingAccount-editor','User Billing Account Editor','2026-05-04 07:25:41.089','2026-06-09 10:26:48.476'),(44,'mindful','billing-userBillingAccount-viewer','User Billing Account Viewer','2026-05-04 07:25:42.664','2026-06-09 10:26:48.575'),(45,'mindful','billing-userBillingInfo-admin','User Billing Info Administrator','2026-05-04 07:25:43.876','2026-06-09 10:26:48.682'),(46,'mindful','billing-userBillingInfo-editor','User Billing Info Editor','2026-05-04 07:25:44.974','2026-06-09 10:26:48.765'),(47,'mindful','billing-userBillingInfo-viewer','User Billing Info Viewer','2026-05-04 07:25:46.162','2026-06-09 10:26:48.784'),(48,'mindful','billing-userEntitlement-admin','User Entitlement Administrator','2026-05-04 07:25:47.459','2026-06-09 10:26:48.881'),(49,'mindful','billing-userEntitlement-editor','User Entitlement Editor','2026-05-04 07:25:48.656','2026-06-09 10:26:48.965'),(50,'mindful','billing-userEntitlement-viewer','User Entitlement Viewer','2026-05-04 07:25:49.770','2026-06-09 10:26:48.983'),(51,'mindful','user-membershipInvitation-admin','Membership Invitation Administrator','2026-05-04 07:25:55.169','2026-06-09 10:26:49.580'),(52,'mindful','user-membershipInvitation-user','Membership Invitation User','2026-05-04 07:25:56.580','2026-06-09 10:26:49.677');
/*!40000 ALTER TABLE `roles` ENABLE KEYS */;
UNLOCK TABLES;
/*!40103 SET TIME_ZONE=@OLD_TIME_ZONE */;

/*!40101 SET SQL_MODE=@OLD_SQL_MODE */;
/*!40014 SET FOREIGN_KEY_CHECKS=@OLD_FOREIGN_KEY_CHECKS */;
/*!40014 SET UNIQUE_CHECKS=@OLD_UNIQUE_CHECKS */;
/*!40101 SET CHARACTER_SET_CLIENT=@OLD_CHARACTER_SET_CLIENT */;
/*!40101 SET CHARACTER_SET_RESULTS=@OLD_CHARACTER_SET_RESULTS */;
/*!40101 SET COLLATION_CONNECTION=@OLD_COLLATION_CONNECTION */;
/*!40111 SET SQL_NOTES=@OLD_SQL_NOTES */;

-- Dump completed on 2026-06-09 13:45:38
