-- MySQL dump 10.13  Distrib 8.4.9, for macos15 (arm64)
--
-- Host: 127.0.0.1    Database: loeffel-io
-- ------------------------------------------------------
-- Server version	8.0.44-google

/*!40101 SET @OLD_CHARACTER_SET_CLIENT=@@CHARACTER_SET_CLIENT */;
/*!40101 SET @OLD_CHARACTER_SET_RESULTS=@@CHARACTER_SET_RESULTS */;
/*!40101 SET @OLD_COLLATION_CONNECTION=@@COLLATION_CONNECTION */;
/*!50503 SET NAMES utf8mb4 */;
/*!40103 SET @OLD_TIME_ZONE=@@TIME_ZONE */;
/*!40103 SET TIME_ZONE='+00:00' */;
/*!40014 SET @OLD_UNIQUE_CHECKS=@@UNIQUE_CHECKS, UNIQUE_CHECKS=0 */;
/*!40014 SET @OLD_FOREIGN_KEY_CHECKS=@@FOREIGN_KEY_CHECKS, FOREIGN_KEY_CHECKS=0 */;
/*!40101 SET @OLD_SQL_MODE=@@SQL_MODE, SQL_MODE='NO_AUTO_VALUE_ON_ZERO' */;
/*!40111 SET @OLD_SQL_NOTES=@@SQL_NOTES, SQL_NOTES=0 */;

--
-- Dumping data for table `permissions`
--

LOCK TABLES `permissions` WRITE;
/*!40000 ALTER TABLE `permissions` DISABLE KEYS */;
INSERT  IGNORE INTO `permissions` (`id`, `rid`, `created_at`, `updated_at`) VALUES (1,'user_user_get','2025-11-22 13:40:15.895','2025-11-22 13:40:15.895'),(2,'user_user_update','2025-11-22 13:40:15.987','2025-11-22 13:40:15.987'),(3,'user_membership_list','2025-11-22 13:40:15.996','2025-11-22 13:40:15.996'),(4,'user_membership_getIamPolicy','2025-11-22 13:40:16.005','2025-11-22 13:40:16.005'),(5,'user_membership_testIamPermissions','2025-11-22 13:40:16.044','2025-11-22 13:40:16.044'),(6,'email_emailTemplate_batchGet','2025-11-22 13:40:16.052','2025-11-22 13:40:16.052'),(7,'storage_object_update','2025-11-22 13:40:16.093','2025-11-22 13:40:16.093'),(8,'resourcemanager_project_get','2025-11-22 13:40:16.102','2025-11-22 13:40:16.102'),(9,'iam_role_get','2025-11-22 13:40:16.110','2025-11-22 13:40:16.110'),(10,'storage_object_upload','2025-11-22 13:40:16.187','2025-11-22 13:40:16.187'),(11,'content_content_list','2025-11-22 13:40:16.195','2025-11-22 13:40:16.195'),(12,'content_content_testIamPermissions','2025-11-22 13:40:16.203','2025-11-22 13:40:16.203'),(13,'resourcemanager_project_batchGet','2025-11-22 13:40:16.290','2025-11-22 13:40:16.290'),(14,'resourcemanager_project_testIamPermissions','2025-11-22 13:40:16.297','2025-11-22 13:40:16.297'),(15,'user_user_getIamPolicy','2025-11-22 13:40:16.305','2025-11-22 13:40:16.305'),(16,'user_organization_batchGet','2025-11-22 13:40:16.313','2025-11-22 13:40:16.313'),(17,'user_membership_delete','2025-11-22 13:40:16.321','2025-11-22 13:40:16.321'),(18,'user_membershipInvitation_list','2025-11-22 13:40:16.394','2025-11-22 13:40:16.394'),(19,'email_emailConfig_get','2025-11-22 13:40:16.401','2025-11-22 13:40:16.401'),(20,'email_email_send','2025-11-22 13:40:16.409','2025-11-22 13:40:16.409'),(21,'user_organization_create','2025-11-22 13:40:16.416','2025-11-22 13:40:16.416'),(22,'user_membership_get','2025-11-22 13:40:16.424','2025-11-22 13:40:16.424'),(23,'email_emailConfig_update','2025-11-22 13:40:16.493','2025-11-22 13:40:16.493'),(24,'email_email_list','2025-11-22 13:40:16.500','2025-11-22 13:40:16.500'),(25,'email_emailTemplate_delete','2025-11-22 13:40:16.508','2025-11-22 13:40:16.508'),(26,'storage_object_delete','2025-11-22 13:40:16.515','2025-11-22 13:40:16.515'),(27,'billing_sku_batchGet','2025-11-22 13:40:16.590','2025-11-22 13:40:16.590'),(28,'user_user_list','2025-11-22 13:40:16.597','2025-11-22 13:40:16.597'),(29,'user_membershipInvitation_batchGet','2025-11-22 13:40:16.605','2025-11-22 13:40:16.605'),(30,'email_operation_list','2025-11-22 13:40:16.612','2025-11-22 13:40:16.612'),(31,'email_email_batchGet','2025-11-22 13:40:16.687','2025-11-22 13:40:16.687'),(32,'resourcemanager_projectConfig_batchGet','2025-11-22 13:40:16.695','2025-11-22 13:40:16.695'),(33,'resourcemanager_projectConfig_update','2025-11-22 13:40:16.703','2025-11-22 13:40:16.703'),(34,'iam_role_list','2025-11-22 13:40:16.787','2025-11-22 13:40:16.787'),(35,'user_profile_update','2025-11-22 13:40:16.795','2025-11-22 13:40:16.795'),(36,'user_organization_list','2025-11-22 13:40:16.803','2025-11-22 13:40:16.803'),(37,'email_email_delete','2025-11-22 13:40:16.811','2025-11-22 13:40:16.811'),(38,'content_content_get','2025-11-22 13:40:16.818','2025-11-22 13:40:16.818'),(39,'billing_sku_update','2025-11-22 13:40:16.825','2025-11-22 13:40:16.825'),(40,'iam_role_update','2025-11-22 13:40:16.894','2025-11-22 13:40:16.894'),(41,'email_email_update','2025-11-22 13:40:16.901','2025-11-22 13:40:16.901'),(42,'email_emailTemplate_get','2025-11-22 13:40:16.991','2025-11-22 13:40:16.991'),(43,'email_emailTemplate_create','2025-11-22 13:40:17.007','2025-11-22 13:40:17.007'),(44,'storage_object_get','2025-11-22 13:40:17.027','2025-11-22 13:40:17.027'),(45,'storage_object_getIamPolicy','2025-11-22 13:40:17.052','2025-11-22 13:40:17.052'),(46,'content_content_update','2025-11-22 13:40:17.067','2025-11-22 13:40:17.067'),(47,'billing_sku_list','2025-11-22 13:40:17.094','2025-11-22 13:40:17.094'),(48,'iam_role_batchGet','2025-11-22 13:40:17.142','2025-11-22 13:40:17.142'),(49,'user_profile_get','2025-11-22 13:40:17.150','2025-11-22 13:40:17.150'),(50,'content_content_getIamPolicy','2025-11-22 13:40:17.193','2025-11-22 13:40:17.193'),(51,'resourcemanager_projectConfig_get','2025-11-22 13:40:17.201','2025-11-22 13:40:17.201'),(52,'user_membershipInvitation_delete','2025-11-22 13:40:17.209','2025-11-22 13:40:17.209'),(53,'email_email_create','2025-11-22 13:40:17.244','2025-11-22 13:40:17.244'),(54,'storage_object_create','2025-11-22 13:40:17.390','2025-11-22 13:40:17.390'),(55,'billing_sku_get','2025-11-22 13:40:17.397','2025-11-22 13:40:17.397'),(56,'billing_sku_create','2025-11-22 13:40:17.405','2025-11-22 13:40:17.405'),(57,'authorization_authorizationModel_get','2025-11-22 13:40:17.412','2025-11-22 13:40:17.412'),(58,'billing_sku_getIamPolicy','2025-11-22 13:40:17.420','2025-11-22 13:40:17.420'),(59,'auth_account_get','2025-11-22 13:40:17.490','2025-11-22 13:40:17.490'),(60,'user_membershipInvitation_testIamPermissions','2025-11-22 13:40:17.498','2025-11-22 13:40:17.498'),(61,'email_operation_get','2025-11-22 13:40:17.506','2025-11-22 13:40:17.506'),(62,'content_content_batchGet','2025-11-22 13:40:17.514','2025-11-22 13:40:17.514'),(63,'user_profile_batchGet','2025-11-22 13:40:17.521','2025-11-22 13:40:17.521'),(64,'user_membership_batchGet','2025-11-22 13:40:17.591','2025-11-22 13:40:17.591'),(65,'user_membershipInvitation_create','2025-11-22 13:40:17.598','2025-11-22 13:40:17.598'),(66,'email_emailTemplate_list','2025-11-22 13:40:17.607','2025-11-22 13:40:17.607'),(67,'billing_sku_delete','2025-11-22 13:40:17.614','2025-11-22 13:40:17.614'),(68,'billing_sku_testIamPermissions','2025-11-22 13:40:17.693','2025-11-22 13:40:17.693'),(69,'resourcemanager_project_setIamPolicy','2025-11-22 13:40:17.701','2025-11-22 13:40:17.701'),(70,'iam_role_delete','2025-11-22 13:40:17.708','2025-11-22 13:40:17.708'),(71,'user_membershipInvitation_getIamPolicy','2025-11-22 13:40:17.716','2025-11-22 13:40:17.716'),(72,'email_email_get','2025-11-22 13:40:17.787','2025-11-22 13:40:17.787'),(73,'storage_object_list','2025-11-22 13:40:17.795','2025-11-22 13:40:17.795'),(74,'storage_object_testIamPermissions','2025-11-22 13:40:17.803','2025-11-22 13:40:17.803'),(75,'resourcemanager_project_getIamPolicy','2025-11-22 13:40:17.811','2025-11-22 13:40:17.811'),(76,'auth_account_testIamPermissions','2025-11-22 13:40:17.890','2025-11-22 13:40:17.890'),(77,'user_organization_update','2025-11-22 13:40:17.897','2025-11-22 13:40:17.897'),(78,'user_membershipInvitation_resend','2025-11-22 13:40:17.905','2025-11-22 13:40:17.905'),(79,'storage_object_sign','2025-11-22 13:40:17.913','2025-11-22 13:40:17.913'),(80,'user_user_batchGet','2025-11-22 13:40:17.987','2025-11-22 13:40:17.987'),(81,'user_user_delete','2025-11-22 13:40:17.995','2025-11-22 13:40:17.995'),(82,'user_organization_getIamPolicy','2025-11-22 13:40:18.003','2025-11-22 13:40:18.003'),(83,'user_organization_testIamPermissions','2025-11-22 13:40:18.011','2025-11-22 13:40:18.011'),(84,'user_membershipInvitation_get','2025-11-22 13:40:18.019','2025-11-22 13:40:18.019'),(85,'storage_object_batchGet','2025-11-22 13:40:18.093','2025-11-22 13:40:18.093'),(86,'content_content_create','2025-11-22 13:40:18.101','2025-11-22 13:40:18.101'),(87,'auth_account_sendEmailLogin','2025-11-22 13:40:18.109','2025-11-22 13:40:18.109'),(88,'user_user_testIamPermissions','2025-11-22 13:40:18.190','2025-11-22 13:40:18.190'),(89,'user_organization_get','2025-11-22 13:40:18.198','2025-11-22 13:40:18.198'),(90,'user_organization_delete','2025-11-22 13:40:18.206','2025-11-22 13:40:18.206'),(91,'user_membership_update','2025-11-22 13:40:18.214','2025-11-22 13:40:18.214'),(92,'user_membershipInvitation_update','2025-11-22 13:40:18.290','2025-11-22 13:40:18.290'),(93,'email_emailTemplate_update','2025-11-22 13:40:18.299','2025-11-22 13:40:18.299'),(94,'content_content_delete','2025-11-22 13:40:18.487','2025-11-22 13:40:18.487'),(95,'iam_role_create','2025-11-22 13:40:18.495','2025-11-22 13:40:18.495'),(96,'user_membershipInvitation_accept','2025-11-22 13:40:27.216','2025-11-22 13:40:27.216'),(97,'storage_object_clear','2025-12-17 09:05:21.981','2025-12-17 09:05:21.981'),(98,'user_profile_uploadImage','2025-12-17 09:05:21.992','2025-12-17 09:05:21.992'),(99,'storage_object_invalidate','2025-12-17 09:05:22.057','2025-12-17 09:05:22.057'),(100,'storage_object_setIamPolicy','2025-12-21 15:04:24.545','2025-12-21 15:04:24.545'),(101,'content_instructor_delete','2026-01-04 15:39:48.244','2026-01-04 15:39:48.244'),(102,'content_content_publish','2026-01-04 15:39:48.258','2026-01-04 15:39:48.258'),(103,'content_instructor_get','2026-01-04 15:39:48.267','2026-01-04 15:39:48.267'),(104,'content_instructor_create','2026-01-04 15:39:48.274','2026-01-04 15:39:48.274'),(105,'content_instructor_batchGet','2026-01-04 15:39:48.339','2026-01-04 15:39:48.339'),(106,'content_instructor_list','2026-01-04 15:39:48.347','2026-01-04 15:39:48.347'),(107,'content_instructor_getIamPolicy','2026-01-04 15:39:48.355','2026-01-04 15:39:48.355'),(108,'content_instructor_testIamPermissions','2026-01-04 15:39:48.365','2026-01-04 15:39:48.365'),(109,'content_instructor_update','2026-01-04 15:39:48.440','2026-01-04 15:39:48.440'),(110,'content_instructorProfile_get','2026-01-04 16:34:08.548','2026-01-04 16:34:08.548'),(111,'content_instructorProfile_list','2026-01-04 16:34:08.558','2026-01-04 16:34:08.558'),(112,'content_instructorProfile_update','2026-01-04 16:34:08.566','2026-01-04 16:34:08.566'),(113,'content_instructorProfile_batchGet','2026-01-04 16:34:08.601','2026-01-04 16:34:08.601'),(114,'content_instructorProfile_delete','2026-01-04 16:34:08.648','2026-01-04 16:34:08.648'),(115,'content_instructorProfile_create','2026-01-04 16:34:08.655','2026-01-04 16:34:08.655'),(116,'content_instructorProfile_testIamPermissions','2026-01-04 16:34:08.663','2026-01-04 16:34:08.663'),(117,'content_instructorProfile_getIamPolicy','2026-01-04 16:34:08.670','2026-01-04 16:34:08.670'),(118,'content_instructorImage_testIamPermissions','2026-01-05 18:55:02.805','2026-01-05 18:55:02.805'),(119,'content_instructorImage_getIamPolicy','2026-01-05 18:55:02.822','2026-01-05 18:55:02.822'),(120,'content_instructorImage_list','2026-01-05 18:55:02.875','2026-01-05 18:55:02.875'),(121,'content_instructorImage_create','2026-01-05 18:55:02.883','2026-01-05 18:55:02.883'),(122,'content_instructorImage_get','2026-01-05 18:55:02.890','2026-01-05 18:55:02.890'),(123,'content_instructorImage_batchGet','2026-01-05 18:55:02.897','2026-01-05 18:55:02.897'),(124,'content_instructorImage_update','2026-01-05 18:55:02.972','2026-01-05 18:55:02.972'),(125,'content_instructorImage_delete','2026-01-05 18:55:02.980','2026-01-05 18:55:02.980'),(126,'content_content_sign','2026-01-07 09:26:03.302','2026-01-07 09:26:03.302'),(127,'content_instructor_unpublish','2026-01-07 09:26:03.315','2026-01-07 09:26:03.315'),(128,'content_instructor_publish','2026-01-07 09:26:03.389','2026-01-07 09:26:03.389'),(129,'content_content_unpublish','2026-01-07 09:26:03.396','2026-01-07 09:26:03.396'),(130,'content_tag_unpublish','2026-01-11 09:37:12.969','2026-01-11 09:37:12.969'),(131,'content_tag_update','2026-01-11 09:37:13.016','2026-01-11 09:37:13.016'),(132,'content_tagInfo_testIamPermissions','2026-01-11 09:37:13.024','2026-01-11 09:37:13.024'),(133,'content_tag_batchGet','2026-01-11 09:37:13.031','2026-01-11 09:37:13.031'),(134,'content_tag_publish','2026-01-11 09:37:13.041','2026-01-11 09:37:13.041'),(135,'content_tagInfo_getIamPolicy','2026-01-11 09:37:13.048','2026-01-11 09:37:13.048'),(136,'content_tag_create','2026-01-11 09:37:13.109','2026-01-11 09:37:13.109'),(137,'content_tagInfo_get','2026-01-11 09:37:13.117','2026-01-11 09:37:13.117'),(138,'content_tagInfo_batchGet','2026-01-11 09:37:13.124','2026-01-11 09:37:13.124'),(139,'content_tag_list','2026-01-11 09:37:13.132','2026-01-11 09:37:13.132'),(140,'content_tag_delete','2026-01-11 09:37:13.206','2026-01-11 09:37:13.206'),(141,'content_tag_getIamPolicy','2026-01-11 09:37:13.213','2026-01-11 09:37:13.213'),(142,'content_tag_testIamPermissions','2026-01-11 09:37:13.221','2026-01-11 09:37:13.221'),(143,'content_tag_get','2026-01-11 09:37:13.229','2026-01-11 09:37:13.229'),(144,'content_tagInfo_update','2026-01-11 09:37:13.236','2026-01-11 09:37:13.236'),(145,'content_tagInfo_list','2026-01-11 09:37:13.243','2026-01-11 09:37:13.243'),(146,'content_tagInfo_delete','2026-01-11 09:37:13.310','2026-01-11 09:37:13.310'),(147,'content_tagInfo_create','2026-01-11 09:37:13.317','2026-01-11 09:37:13.317'),(148,'content_categoryInfo_delete','2026-01-14 08:20:47.491','2026-01-14 08:20:47.491'),(149,'content_category_delete','2026-01-14 08:20:47.507','2026-01-14 08:20:47.507'),(150,'content_category_create','2026-01-14 08:20:47.516','2026-01-14 08:20:47.516'),(151,'content_categoryInfo_update','2026-01-14 08:20:47.523','2026-01-14 08:20:47.523'),(152,'content_category_publish','2026-01-14 08:20:47.530','2026-01-14 08:20:47.530'),(153,'content_categoryInfo_get','2026-01-14 08:20:47.587','2026-01-14 08:20:47.587'),(154,'content_category_testIamPermissions','2026-01-14 08:20:47.595','2026-01-14 08:20:47.595'),(155,'content_category_list','2026-01-14 08:20:47.603','2026-01-14 08:20:47.603'),(156,'content_category_batchGet','2026-01-14 08:20:47.612','2026-01-14 08:20:47.612'),(157,'content_categoryInfo_list','2026-01-14 08:20:47.687','2026-01-14 08:20:47.687'),(158,'content_category_getIamPolicy','2026-01-14 08:20:47.696','2026-01-14 08:20:47.696'),(159,'content_category_get','2026-01-14 08:20:47.705','2026-01-14 08:20:47.705'),(160,'content_category_update','2026-01-14 08:20:47.713','2026-01-14 08:20:47.713'),(161,'content_categoryInfo_getIamPolicy','2026-01-14 08:20:47.725','2026-01-14 08:20:47.725'),(162,'content_category_unpublish','2026-01-14 08:20:47.809','2026-01-14 08:20:47.809'),(163,'content_categoryInfo_testIamPermissions','2026-01-14 08:20:47.817','2026-01-14 08:20:47.817'),(164,'content_categoryInfo_batchGet','2026-01-14 08:20:47.891','2026-01-14 08:20:47.891'),(165,'content_categoryInfo_create','2026-01-14 08:20:47.899','2026-01-14 08:20:47.899'),(166,'content_contentInfo_update','2026-01-15 06:52:16.129','2026-01-15 06:52:16.129'),(167,'content_contentImage_delete','2026-01-15 06:52:16.141','2026-01-15 06:52:16.141'),(168,'content_contentImage_get','2026-01-15 06:52:16.191','2026-01-15 06:52:16.191'),(169,'content_contentInfo_get','2026-01-15 06:52:16.222','2026-01-15 06:52:16.222'),(170,'content_contentInfo_testIamPermissions','2026-01-15 06:52:16.230','2026-01-15 06:52:16.230'),(171,'content_contentImage_create','2026-01-15 06:52:16.329','2026-01-15 06:52:16.329'),(172,'content_contentImage_batchGet','2026-01-15 06:52:16.339','2026-01-15 06:52:16.339'),(173,'content_contentInfo_getIamPolicy','2026-01-15 06:52:16.348','2026-01-15 06:52:16.348'),(174,'content_contentInfo_delete','2026-01-15 06:52:16.357','2026-01-15 06:52:16.357'),(175,'content_contentInfo_batchGet','2026-01-15 06:52:16.520','2026-01-15 06:52:16.520'),(176,'content_contentInfo_list','2026-01-15 06:52:16.530','2026-01-15 06:52:16.530'),(177,'content_contentImage_testIamPermissions','2026-01-15 06:52:16.537','2026-01-15 06:52:16.537'),(178,'content_contentImage_list','2026-01-15 06:52:16.544','2026-01-15 06:52:16.544'),(179,'content_contentImage_update','2026-01-15 06:52:16.552','2026-01-15 06:52:16.552'),(180,'content_contentImage_getIamPolicy','2026-01-15 06:52:16.620','2026-01-15 06:52:16.620'),(181,'content_contentInfo_create','2026-01-15 06:52:16.628','2026-01-15 06:52:16.628'),(182,'content_contentAudio_delete','2026-01-15 19:20:24.319','2026-01-15 19:20:24.319'),(183,'content_contentVideo_batchGet','2026-01-15 19:20:24.329','2026-01-15 19:20:24.329'),(184,'content_contentVideo_get','2026-01-15 19:20:24.400','2026-01-15 19:20:24.400'),(185,'content_contentVideo_create','2026-01-15 19:20:24.409','2026-01-15 19:20:24.409'),(186,'content_contentVideo_delete','2026-01-15 19:20:24.417','2026-01-15 19:20:24.417'),(187,'content_contentAudio_update','2026-01-15 19:20:24.426','2026-01-15 19:20:24.426'),(188,'content_contentAudio_list','2026-01-15 19:20:24.500','2026-01-15 19:20:24.500'),(189,'content_contentAudio_getIamPolicy','2026-01-15 19:20:24.509','2026-01-15 19:20:24.509'),(190,'content_contentVideo_getIamPolicy','2026-01-15 19:20:24.527','2026-01-15 19:20:24.527'),(191,'content_contentAudio_testIamPermissions','2026-01-15 19:20:24.535','2026-01-15 19:20:24.535'),(192,'content_contentVideo_update','2026-01-15 19:20:24.602','2026-01-15 19:20:24.602'),(193,'content_contentAudio_get','2026-01-15 19:20:24.611','2026-01-15 19:20:24.611'),(194,'content_contentVideo_list','2026-01-15 19:20:24.619','2026-01-15 19:20:24.619'),(195,'content_contentAudio_create','2026-01-15 19:20:24.627','2026-01-15 19:20:24.627'),(196,'content_contentAudio_batchGet','2026-01-15 19:20:24.635','2026-01-15 19:20:24.635'),(197,'content_contentVideo_testIamPermissions','2026-01-15 19:20:24.800','2026-01-15 19:20:24.800'),(198,'billing_price_create','2026-02-18 16:59:38.552','2026-02-18 16:59:38.552'),(199,'billing_price_list','2026-02-18 16:59:38.573','2026-02-18 16:59:38.573'),(200,'billing_price_getIamPolicy','2026-02-18 16:59:38.578','2026-02-18 16:59:38.578'),(201,'billing_tier_testIamPermissions','2026-02-18 16:59:38.624','2026-02-18 16:59:38.624'),(202,'billing_price_testIamPermissions','2026-02-18 16:59:38.630','2026-02-18 16:59:38.630'),(203,'billing_tier_update','2026-02-18 16:59:38.634','2026-02-18 16:59:38.634'),(204,'billing_tier_get','2026-02-18 16:59:38.639','2026-02-18 16:59:38.639'),(205,'billing_tier_delete','2026-02-18 16:59:38.643','2026-02-18 16:59:38.643'),(206,'billing_price_get','2026-02-18 16:59:38.722','2026-02-18 16:59:38.722'),(207,'billing_price_batchGet','2026-02-18 16:59:38.728','2026-02-18 16:59:38.728'),(208,'billing_tier_batchGet','2026-02-18 16:59:38.732','2026-02-18 16:59:38.732'),(209,'billing_tier_create','2026-02-18 16:59:38.737','2026-02-18 16:59:38.737'),(210,'billing_price_update','2026-02-18 16:59:38.743','2026-02-18 16:59:38.743'),(211,'billing_tier_list','2026-02-18 16:59:38.823','2026-02-18 16:59:38.823'),(212,'billing_price_delete','2026-02-18 16:59:38.827','2026-02-18 16:59:38.827'),(213,'billing_tier_getIamPolicy','2026-02-18 16:59:38.832','2026-02-18 16:59:38.832'),(214,'billing_userBillingAccount_get','2026-03-24 07:25:06.717','2026-03-24 07:25:06.717'),(215,'billing_userBillingAccount_create','2026-03-24 07:25:06.807','2026-03-24 07:25:06.807'),(216,'billing_userBillingAccount_list','2026-03-24 07:25:06.816','2026-03-24 07:25:06.816'),(217,'billing_userBillingAccount_delete','2026-03-24 07:25:06.825','2026-03-24 07:25:06.825'),(218,'billing_userBillingAccount_update','2026-03-24 07:25:06.899','2026-03-24 07:25:06.899'),(219,'billing_userBillingAccount_batchGet','2026-03-24 07:25:06.907','2026-03-24 07:25:06.907'),(220,'billing_userBillingAccount_testIamPermissions','2026-03-24 07:25:06.915','2026-03-24 07:25:06.915'),(221,'billing_userBillingAccount_getIamPolicy','2026-03-24 07:25:12.015','2026-03-24 07:25:12.015'),(222,'billing_userBillingInfo_update','2026-03-30 15:03:52.237','2026-03-30 15:03:52.237'),(223,'billing_userBillingInfo_get','2026-03-30 15:07:30.041','2026-03-30 15:07:30.041'),(224,'billing_userEntitlement_get','2026-04-01 09:15:19.094','2026-04-01 09:15:19.094'),(225,'billing_userEntitlement_list','2026-04-01 09:15:19.111','2026-04-01 09:15:19.111'),(226,'billing_userEntitlement_batchGet','2026-04-01 09:15:19.118','2026-04-01 09:15:19.118'),(227,'billingstripe_stripePrice_localize','2026-04-11 08:31:28.501','2026-04-11 08:31:28.501'),(228,'billingstripe_stripePrice_resolve','2026-04-13 07:02:35.147','2026-04-13 07:02:35.147'),(229,'billing_userBillingAccount_initializeUserStripeSubscription','2026-04-19 12:33:28.028','2026-04-19 12:33:28.028'),(230,'billing_userBillingAccount_generateStripePortalSession','2026-04-19 12:33:28.052','2026-04-19 12:33:28.052');
/*!40000 ALTER TABLE `permissions` ENABLE KEYS */;
UNLOCK TABLES;

--
-- Dumping data for table `role_batch_write_tuples_outboxes`
--

LOCK TABLES `role_batch_write_tuples_outboxes` WRITE;
/*!40000 ALTER TABLE `role_batch_write_tuples_outboxes` DISABLE KEYS */;
/*!40000 ALTER TABLE `role_batch_write_tuples_outboxes` ENABLE KEYS */;
UNLOCK TABLES;

--
-- Dumping data for table `role_permissions`
--

LOCK TABLES `role_permissions` WRITE;
/*!40000 ALTER TABLE `role_permissions` DISABLE KEYS */;
INSERT  IGNORE INTO `role_permissions` (`role_id`, `permission_id`, `order`, `created_at`, `updated_at`) VALUES (1,1,18,'2025-11-22 13:40:15.900','2025-11-22 13:40:15.900'),(1,2,21,'2025-11-22 13:40:15.992','2025-11-22 13:40:15.992'),(1,3,39,'2025-11-22 13:40:16.001','2025-12-17 09:05:21.684'),(1,4,42,'2025-11-22 13:40:16.008','2025-12-17 09:05:21.277'),(1,5,43,'2025-11-22 13:40:16.048','2025-12-17 09:05:21.853'),(1,6,65,'2025-11-22 13:40:16.089','2025-12-17 09:05:21.272'),(1,7,74,'2025-11-22 13:40:16.097','2025-12-17 09:05:21.754'),(1,8,0,'2025-11-22 13:40:16.106','2025-11-22 13:40:16.106'),(1,9,12,'2025-11-22 13:40:16.113','2025-11-22 13:40:16.113'),(1,10,82,'2025-11-22 13:40:16.191','2025-12-21 15:04:24.339'),(1,11,85,'2025-11-22 13:40:16.199','2025-12-21 15:04:24.433'),(1,12,90,'2025-11-22 13:40:16.207','2025-12-21 15:04:24.324'),(1,13,1,'2025-11-22 13:40:16.293','2025-11-22 13:40:16.293'),(1,14,4,'2025-11-22 13:40:16.301','2025-11-22 13:40:16.301'),(1,15,23,'2025-11-22 13:40:16.309','2025-11-22 13:40:16.309'),(1,16,30,'2025-11-22 13:40:16.317','2025-12-17 09:05:21.254'),(1,17,41,'2025-11-22 13:40:16.389','2025-12-17 09:05:21.377'),(1,18,46,'2025-11-22 13:40:16.397','2025-12-17 09:05:21.653'),(1,19,53,'2025-11-22 13:40:16.405','2025-12-17 09:05:21.079'),(1,20,63,'2025-11-22 13:40:16.413','2025-12-17 09:05:21.084'),(1,21,32,'2025-11-22 13:40:16.420','2025-12-17 09:05:21.602'),(1,22,37,'2025-11-22 13:40:16.489','2025-12-17 09:05:21.164'),(1,23,54,'2025-11-22 13:40:16.497','2025-12-17 09:05:21.877'),(1,24,59,'2025-11-22 13:40:16.504','2025-12-17 09:05:21.598'),(1,25,69,'2025-11-22 13:40:16.512','2025-12-17 09:05:21.180'),(1,26,75,'2025-11-22 13:40:16.519','2025-12-17 09:05:21.772'),(1,27,189,'2025-11-22 13:40:16.593','2026-01-15 19:20:24.027'),(1,28,20,'2025-11-22 13:40:16.601','2025-11-22 13:40:16.601'),(1,29,45,'2025-11-22 13:40:16.608','2025-12-17 09:05:21.092'),(1,30,56,'2025-11-22 13:40:16.616','2025-12-17 09:05:21.088'),(1,31,58,'2025-11-22 13:40:16.691','2025-12-17 09:05:21.584'),(1,32,6,'2025-11-22 13:40:16.699','2025-11-22 13:40:16.699'),(1,33,7,'2025-11-22 13:40:16.707','2025-11-22 13:40:16.707'),(1,34,14,'2025-11-22 13:40:16.791','2025-11-22 13:40:16.791'),(1,35,27,'2025-11-22 13:40:16.799','2025-11-22 13:40:16.799'),(1,36,31,'2025-11-22 13:40:16.807','2025-12-17 09:05:21.886'),(1,37,62,'2025-11-22 13:40:16.814','2025-12-17 09:05:21.589'),(1,38,83,'2025-11-22 13:40:16.822','2025-12-21 15:04:24.328'),(1,39,192,'2025-11-22 13:40:16.889','2026-01-15 19:20:23.702'),(1,40,16,'2025-11-22 13:40:16.897','2025-11-22 13:40:16.897'),(1,41,61,'2025-11-22 13:40:16.905','2025-12-17 09:05:21.175'),(1,42,64,'2025-11-22 13:40:16.998','2025-12-17 09:05:21.799'),(1,43,67,'2025-11-22 13:40:17.017','2025-12-17 09:05:21.155'),(1,44,70,'2025-11-22 13:40:17.042','2025-12-17 09:05:21.281'),(1,45,76,'2025-11-22 13:40:17.060','2025-12-17 09:05:21.593'),(1,46,87,'2025-11-22 13:40:17.090','2025-12-21 15:04:24.351'),(1,47,190,'2025-11-22 13:40:17.098','2026-01-15 19:20:23.811'),(1,48,13,'2025-11-22 13:40:17.146','2025-11-22 13:40:17.146'),(1,49,25,'2025-11-22 13:40:17.189','2025-11-22 13:40:17.189'),(1,50,89,'2025-11-22 13:40:17.197','2025-12-21 15:04:24.513'),(1,51,5,'2025-11-22 13:40:17.205','2025-11-22 13:40:17.205'),(1,52,49,'2025-11-22 13:40:17.212','2025-12-17 09:05:21.068'),(1,53,60,'2025-11-22 13:40:17.287','2025-12-17 09:05:21.296'),(1,54,73,'2025-11-22 13:40:17.393','2025-12-17 09:05:21.475'),(1,55,188,'2025-11-22 13:40:17.401','2026-01-15 19:20:23.708'),(1,56,191,'2025-11-22 13:40:17.408','2026-01-15 19:20:23.644'),(1,57,11,'2025-11-22 13:40:17.415','2025-11-22 13:40:17.415'),(1,58,194,'2025-11-22 13:40:17.424','2026-01-15 19:20:24.303'),(1,59,8,'2025-11-22 13:40:17.494','2025-11-22 13:40:17.494'),(1,60,51,'2025-11-22 13:40:17.502','2025-12-17 09:05:21.354'),(1,61,55,'2025-11-22 13:40:17.510','2025-12-17 09:05:21.785'),(1,62,84,'2025-11-22 13:40:17.517','2025-12-21 15:04:24.343'),(1,63,26,'2025-11-22 13:40:17.587','2025-11-22 13:40:17.587'),(1,64,38,'2025-11-22 13:40:17.595','2025-12-17 09:05:21.160'),(1,65,47,'2025-11-22 13:40:17.603','2025-12-17 09:05:21.184'),(1,66,66,'2025-11-22 13:40:17.611','2025-12-17 09:05:21.484'),(1,67,193,'2025-11-22 13:40:17.689','2026-01-15 19:20:24.315'),(1,68,195,'2025-11-22 13:40:17.697','2026-01-15 19:20:23.467'),(1,69,3,'2025-11-22 13:40:17.705','2025-11-22 13:40:17.705'),(1,70,17,'2025-11-22 13:40:17.712','2025-11-22 13:40:17.712'),(1,71,50,'2025-11-22 13:40:17.720','2025-12-17 09:05:21.794'),(1,72,57,'2025-11-22 13:40:17.791','2025-12-17 09:05:21.581'),(1,73,72,'2025-11-22 13:40:17.799','2025-12-17 09:05:21.074'),(1,74,78,'2025-11-22 13:40:17.806','2025-12-21 15:04:24.333'),(1,75,2,'2025-11-22 13:40:17.815','2025-11-22 13:40:17.815'),(1,76,9,'2025-11-22 13:40:17.893','2025-11-22 13:40:17.893'),(1,77,33,'2025-11-22 13:40:17.901','2025-12-17 09:05:21.493'),(1,78,52,'2025-11-22 13:40:17.909','2025-12-17 09:05:21.679'),(1,79,81,'2025-11-22 13:40:17.917','2025-12-21 15:04:24.518'),(1,80,19,'2025-11-22 13:40:17.991','2025-11-22 13:40:17.991'),(1,81,22,'2025-11-22 13:40:17.999','2025-11-22 13:40:17.999'),(1,82,35,'2025-11-22 13:40:18.007','2025-12-17 09:05:21.577'),(1,83,36,'2025-11-22 13:40:18.015','2025-12-17 09:05:21.688'),(1,84,44,'2025-11-22 13:40:18.089','2025-12-17 09:05:21.381'),(1,85,71,'2025-11-22 13:40:18.097','2025-12-17 09:05:21.890'),(1,86,86,'2025-11-22 13:40:18.105','2025-12-21 15:04:24.355'),(1,87,10,'2025-11-22 13:40:18.113','2025-11-22 13:40:18.113'),(1,88,24,'2025-11-22 13:40:18.194','2025-11-22 13:40:18.194'),(1,89,29,'2025-11-22 13:40:18.202','2025-12-17 09:05:21.287'),(1,90,34,'2025-11-22 13:40:18.210','2025-12-17 09:05:21.359'),(1,91,40,'2025-11-22 13:40:18.218','2025-12-17 09:05:21.497'),(1,92,48,'2025-11-22 13:40:18.294','2025-12-17 09:05:21.385'),(1,93,68,'2025-11-22 13:40:18.303','2025-12-17 09:05:21.951'),(1,94,88,'2025-11-22 13:40:18.491','2025-12-21 15:04:24.420'),(1,95,15,'2025-11-22 13:40:18.499','2025-11-22 13:40:18.499'),(1,97,79,'2025-12-17 09:05:21.987','2025-12-21 15:04:24.347'),(1,98,28,'2025-12-17 09:05:22.053','2025-12-17 09:05:22.053'),(1,99,80,'2025-12-17 09:05:22.076','2025-12-21 15:04:24.417'),(1,100,77,'2025-12-21 15:04:24.552','2025-12-21 15:04:24.552'),(1,101,99,'2026-01-04 15:39:48.253','2026-01-07 09:26:02.994'),(1,102,91,'2026-01-04 15:39:48.262','2026-01-04 15:39:48.262'),(1,103,94,'2026-01-04 15:39:48.271','2026-01-07 09:26:03.211'),(1,104,97,'2026-01-04 15:39:48.283','2026-01-07 09:26:03.101'),(1,105,95,'2026-01-04 15:39:48.342','2026-01-07 09:26:03.294'),(1,106,96,'2026-01-04 15:39:48.351','2026-01-07 09:26:03.093'),(1,107,100,'2026-01-04 15:39:48.360','2026-01-07 09:26:02.919'),(1,108,101,'2026-01-04 15:39:48.371','2026-01-07 09:26:02.991'),(1,109,98,'2026-01-04 15:39:48.444','2026-01-07 09:26:03.233'),(1,110,104,'2026-01-04 16:34:08.554','2026-01-07 09:26:03.298'),(1,111,106,'2026-01-04 16:34:08.562','2026-01-07 09:26:03.229'),(1,112,108,'2026-01-04 16:34:08.597','2026-01-07 09:26:03.086'),(1,113,105,'2026-01-04 16:34:08.643','2026-01-07 09:26:03.190'),(1,114,109,'2026-01-04 16:34:08.652','2026-01-07 09:26:03.186'),(1,115,107,'2026-01-04 16:34:08.659','2026-01-07 09:26:03.109'),(1,116,111,'2026-01-04 16:34:08.667','2026-01-07 09:26:03.290'),(1,117,110,'2026-01-04 16:34:08.674','2026-01-07 09:26:03.013'),(1,118,119,'2026-01-05 18:55:02.814','2026-01-07 09:26:03.217'),(1,119,118,'2026-01-05 18:55:02.872','2026-01-07 09:26:03.006'),(1,120,114,'2026-01-05 18:55:02.879','2026-01-07 09:26:02.987'),(1,121,115,'2026-01-05 18:55:02.886','2026-01-07 09:26:03.221'),(1,122,112,'2026-01-05 18:55:02.894','2026-01-07 09:26:03.097'),(1,123,113,'2026-01-05 18:55:02.902','2026-01-07 09:26:02.998'),(1,124,116,'2026-01-05 18:55:02.976','2026-01-07 09:26:03.198'),(1,125,117,'2026-01-05 18:55:02.983','2026-01-07 09:26:03.002'),(1,126,92,'2026-01-07 09:26:03.310','2026-01-07 09:26:03.310'),(1,127,103,'2026-01-07 09:26:03.385','2026-01-07 09:26:03.385'),(1,128,102,'2026-01-07 09:26:03.393','2026-01-07 09:26:03.393'),(1,129,93,'2026-01-07 09:26:03.400','2026-01-07 09:26:03.400'),(1,130,129,'2026-01-11 09:37:13.004','2026-01-15 19:20:24.007'),(1,131,124,'2026-01-11 09:37:13.020','2026-01-15 19:20:24.120'),(1,132,137,'2026-01-11 09:37:13.028','2026-01-15 19:20:24.137'),(1,133,121,'2026-01-11 09:37:13.035','2026-01-15 19:20:24.216'),(1,134,128,'2026-01-11 09:37:13.045','2026-01-15 19:20:24.124'),(1,135,136,'2026-01-11 09:37:13.104','2026-01-15 19:20:23.731'),(1,136,123,'2026-01-11 09:37:13.113','2026-01-15 19:20:24.142'),(1,137,130,'2026-01-11 09:37:13.120','2026-01-15 19:20:23.632'),(1,138,131,'2026-01-11 09:37:13.128','2026-01-15 19:20:24.133'),(1,139,122,'2026-01-11 09:37:13.136','2026-01-15 19:20:23.502'),(1,140,125,'2026-01-11 09:37:13.210','2026-01-15 19:20:24.307'),(1,141,126,'2026-01-11 09:37:13.218','2026-01-15 19:20:24.112'),(1,142,127,'2026-01-11 09:37:13.225','2026-01-15 19:20:23.624'),(1,143,120,'2026-01-11 09:37:13.232','2026-01-15 19:20:23.739'),(1,144,134,'2026-01-11 09:37:13.239','2026-01-15 19:20:23.735'),(1,145,132,'2026-01-11 09:37:13.306','2026-01-15 19:20:24.107'),(1,146,135,'2026-01-11 09:37:13.314','2026-01-15 19:20:24.116'),(1,147,133,'2026-01-11 09:37:13.320','2026-01-15 19:20:23.448'),(1,148,153,'2026-01-14 08:20:47.503','2026-01-15 19:20:23.619'),(1,149,143,'2026-01-14 08:20:47.511','2026-01-15 19:20:23.713'),(1,150,141,'2026-01-14 08:20:47.519','2026-01-15 19:20:23.455'),(1,151,152,'2026-01-14 08:20:47.526','2026-01-15 06:52:16.120'),(1,152,146,'2026-01-14 08:20:47.534','2026-01-15 19:20:23.611'),(1,153,148,'2026-01-14 08:20:47.592','2026-01-15 19:20:24.206'),(1,154,145,'2026-01-14 08:20:47.599','2026-01-15 19:20:24.021'),(1,155,140,'2026-01-14 08:20:47.608','2026-01-15 19:20:23.603'),(1,156,139,'2026-01-14 08:20:47.616','2026-01-15 19:20:23.726'),(1,157,150,'2026-01-14 08:20:47.691','2026-01-15 19:20:23.815'),(1,158,144,'2026-01-14 08:20:47.700','2026-01-15 19:20:23.459'),(1,159,138,'2026-01-14 08:20:47.709','2026-01-15 19:20:24.311'),(1,160,142,'2026-01-14 08:20:47.718','2026-01-15 19:20:24.003'),(1,161,154,'2026-01-14 08:20:47.788','2026-01-15 19:20:24.129'),(1,162,147,'2026-01-14 08:20:47.813','2026-01-15 19:20:24.012'),(1,163,155,'2026-01-14 08:20:47.887','2026-01-15 19:20:23.819'),(1,164,149,'2026-01-14 08:20:47.895','2026-01-15 19:20:23.824'),(1,165,151,'2026-01-14 08:20:47.903','2026-01-15 19:20:24.016'),(1,166,160,'2026-01-15 06:52:16.136','2026-01-15 19:20:23.807'),(1,167,169,'2026-01-15 06:52:16.146','2026-01-15 19:20:23.903'),(1,168,164,'2026-01-15 06:52:16.217','2026-01-15 19:20:23.607'),(1,169,156,'2026-01-15 06:52:16.226','2026-01-15 19:20:23.640'),(1,170,163,'2026-01-15 06:52:16.320','2026-01-15 19:20:23.627'),(1,171,167,'2026-01-15 06:52:16.333','2026-01-15 19:20:24.211'),(1,172,165,'2026-01-15 06:52:16.344','2026-01-15 19:20:23.828'),(1,173,162,'2026-01-15 06:52:16.352','2026-01-15 19:20:23.463'),(1,174,161,'2026-01-15 06:52:16.361','2026-01-15 06:52:16.361'),(1,175,157,'2026-01-15 06:52:16.525','2026-01-15 19:20:23.803'),(1,176,158,'2026-01-15 06:52:16.533','2026-01-15 19:20:24.103'),(1,177,171,'2026-01-15 06:52:16.541','2026-01-15 19:20:23.616'),(1,178,166,'2026-01-15 06:52:16.548','2026-01-15 19:20:23.722'),(1,179,168,'2026-01-15 06:52:16.555','2026-01-15 19:20:23.718'),(1,180,170,'2026-01-15 06:52:16.624','2026-01-15 19:20:23.833'),(1,181,159,'2026-01-15 06:52:16.631','2026-01-15 19:20:23.636'),(1,182,185,'2026-01-15 19:20:24.325','2026-01-15 19:20:24.325'),(1,183,173,'2026-01-15 19:20:24.333','2026-01-15 19:20:24.333'),(1,184,172,'2026-01-15 19:20:24.405','2026-01-15 19:20:24.405'),(1,185,175,'2026-01-15 19:20:24.413','2026-01-15 19:20:24.413'),(1,186,177,'2026-01-15 19:20:24.422','2026-01-15 19:20:24.422'),(1,187,184,'2026-01-15 19:20:24.430','2026-01-15 19:20:24.430'),(1,188,182,'2026-01-15 19:20:24.505','2026-01-15 19:20:24.505'),(1,189,186,'2026-01-15 19:20:24.514','2026-01-15 19:20:24.514'),(1,190,178,'2026-01-15 19:20:24.531','2026-01-15 19:20:24.531'),(1,191,187,'2026-01-15 19:20:24.539','2026-01-15 19:20:24.539'),(1,192,176,'2026-01-15 19:20:24.607','2026-01-15 19:20:24.607'),(1,193,180,'2026-01-15 19:20:24.615','2026-01-15 19:20:24.615'),(1,194,174,'2026-01-15 19:20:24.623','2026-01-15 19:20:24.623'),(1,195,183,'2026-01-15 19:20:24.631','2026-01-15 19:20:24.631'),(1,196,181,'2026-01-15 19:20:24.639','2026-01-15 19:20:24.639'),(1,197,179,'2026-01-15 19:20:24.805','2026-01-15 19:20:24.805'),(1,198,199,'2026-02-18 16:59:38.558','2026-02-18 16:59:38.558'),(1,199,198,'2026-02-18 16:59:38.576','2026-02-18 16:59:38.576'),(1,200,202,'2026-02-18 16:59:38.622','2026-02-18 16:59:38.622'),(1,201,211,'2026-02-18 16:59:38.627','2026-02-18 16:59:38.627'),(1,202,203,'2026-02-18 16:59:38.632','2026-02-18 16:59:38.632'),(1,203,208,'2026-02-18 16:59:38.637','2026-02-18 16:59:38.637'),(1,204,204,'2026-02-18 16:59:38.641','2026-02-18 16:59:38.641'),(1,205,209,'2026-02-18 16:59:38.645','2026-02-18 16:59:38.645'),(1,206,196,'2026-02-18 16:59:38.725','2026-02-18 16:59:38.725'),(1,207,197,'2026-02-18 16:59:38.730','2026-02-18 16:59:38.730'),(1,208,205,'2026-02-18 16:59:38.735','2026-02-18 16:59:38.735'),(1,209,207,'2026-02-18 16:59:38.740','2026-02-18 16:59:38.740'),(1,210,200,'2026-02-18 16:59:38.820','2026-02-18 16:59:38.820'),(1,211,206,'2026-02-18 16:59:38.825','2026-02-18 16:59:38.825'),(1,212,201,'2026-02-18 16:59:38.830','2026-02-18 16:59:38.830'),(1,213,210,'2026-02-18 16:59:38.834','2026-02-18 16:59:38.834'),(1,214,212,'2026-03-24 07:25:06.735','2026-03-24 07:25:06.735'),(1,215,215,'2026-03-24 07:25:06.811','2026-03-24 07:25:06.811'),(1,216,214,'2026-03-24 07:25:06.821','2026-03-24 07:25:06.821'),(1,217,217,'2026-03-24 07:25:06.894','2026-03-24 07:25:06.894'),(1,218,216,'2026-03-24 07:25:06.903','2026-03-24 07:25:06.903'),(1,219,213,'2026-03-24 07:25:06.911','2026-03-24 07:25:06.911'),(1,220,219,'2026-03-24 07:25:06.920','2026-03-24 07:26:09.207'),(1,221,218,'2026-03-24 07:26:09.216','2026-03-24 07:26:09.216'),(1,222,223,'2026-03-30 15:03:52.313','2026-04-19 12:33:27.959'),(1,223,222,'2026-03-30 15:07:30.046','2026-04-19 12:33:27.955'),(1,224,225,'2026-04-01 09:15:19.101','2026-04-19 12:33:28.023'),(1,225,227,'2026-04-01 09:15:19.115','2026-04-19 12:33:27.950'),(1,226,226,'2026-04-01 09:15:19.122','2026-04-19 12:33:27.940'),(1,228,224,'2026-04-13 07:02:35.234','2026-04-19 12:33:27.964'),(1,229,221,'2026-04-19 12:33:28.044','2026-04-19 12:33:28.044'),(1,230,220,'2026-04-19 12:33:28.057','2026-04-19 12:33:28.057'),(2,8,0,'2025-11-22 13:40:19.793','2025-11-22 13:40:19.793'),(2,9,5,'2025-11-22 13:40:19.915','2025-11-22 13:40:19.915'),(2,12,14,'2025-11-22 13:40:19.610','2025-11-22 13:40:19.610'),(2,14,1,'2025-11-22 13:40:19.801','2025-11-22 13:40:19.801'),(2,27,23,'2026-04-11 08:31:30.386','2026-04-11 08:31:30.386'),(2,34,7,'2025-11-22 13:40:19.989','2025-11-22 13:40:19.989'),(2,40,9,'2025-11-22 13:40:19.603','2025-11-22 13:40:19.603'),(2,47,24,'2026-04-11 08:31:30.289','2026-04-11 08:31:30.289'),(2,48,6,'2025-11-22 13:40:19.808','2025-11-22 13:40:19.808'),(2,51,2,'2025-11-22 13:40:19.618','2025-11-22 13:40:19.618'),(2,55,22,'2026-04-11 08:31:30.211','2026-04-11 08:31:30.211'),(2,68,25,'2025-11-22 13:40:19.718','2026-04-11 08:31:30.099'),(2,70,10,'2025-11-22 13:40:19.899','2025-11-22 13:40:19.899'),(2,74,13,'2025-11-22 13:40:19.702','2025-11-22 13:40:19.702'),(2,76,3,'2025-11-22 13:40:19.595','2025-11-22 13:40:19.595'),(2,83,12,'2025-11-22 13:40:20.091','2025-11-22 13:40:20.091'),(2,87,4,'2025-11-22 13:40:19.907','2025-11-22 13:40:19.907'),(2,88,11,'2025-11-22 13:40:19.694','2025-11-22 13:40:19.694'),(2,95,8,'2025-11-22 13:40:19.891','2025-11-22 13:40:19.891'),(2,108,15,'2026-01-04 15:41:21.380','2026-01-04 16:36:44.760'),(2,116,16,'2026-01-04 16:34:09.473','2026-01-04 16:34:09.473'),(2,118,17,'2026-01-05 18:55:03.780','2026-01-05 18:58:17.342'),(2,132,19,'2026-01-11 09:37:14.218','2026-01-15 19:20:25.636'),(2,142,18,'2026-01-11 09:37:14.211','2026-01-15 19:20:25.700'),(2,154,20,'2026-01-14 08:20:48.900','2026-01-14 08:20:48.900'),(2,163,21,'2026-01-14 08:20:48.892','2026-01-15 19:20:25.644'),(2,199,28,'2026-04-11 08:31:30.185','2026-04-11 08:31:30.185'),(2,201,33,'2026-02-27 10:59:19.320','2026-04-11 08:31:30.103'),(2,202,29,'2026-02-27 10:59:19.341','2026-04-11 08:31:30.094'),(2,204,30,'2026-04-11 08:31:30.281','2026-04-11 08:31:30.281'),(2,206,26,'2026-04-11 08:31:30.394','2026-04-11 08:31:30.394'),(2,207,27,'2026-04-11 08:31:30.377','2026-04-11 08:31:30.377'),(2,208,31,'2026-04-11 08:31:30.194','2026-04-11 08:31:30.194'),(2,211,32,'2026-04-11 08:31:30.402','2026-04-11 08:31:30.402'),(2,220,34,'2026-03-24 07:25:08.402','2026-04-11 08:31:30.090'),(2,228,35,'2026-04-13 07:02:36.344','2026-04-19 12:33:29.339'),(3,7,11,'2025-11-22 13:40:20.599','2025-11-22 13:40:20.599'),(3,8,0,'2025-11-22 13:40:20.892','2025-11-22 13:40:20.892'),(3,10,19,'2025-11-22 13:40:20.795','2025-12-21 15:04:25.441'),(3,12,20,'2025-11-22 13:40:20.803','2025-12-21 15:04:25.521'),(3,14,1,'2025-11-22 13:40:20.187','2025-11-22 13:40:20.187'),(3,26,12,'2025-11-22 13:40:20.915','2025-11-22 13:40:20.915'),(3,27,29,'2026-04-11 08:31:30.794','2026-04-11 08:31:30.794'),(3,44,7,'2025-11-22 13:40:20.908','2025-11-22 13:40:20.908'),(3,45,13,'2025-11-22 13:40:20.609','2025-11-22 13:40:20.609'),(3,47,30,'2026-04-11 08:31:30.695','2026-04-11 08:31:30.695'),(3,51,2,'2025-11-22 13:40:20.387','2025-11-22 13:40:20.387'),(3,54,10,'2025-11-22 13:40:20.705','2025-11-22 13:40:20.705'),(3,55,28,'2026-04-11 08:31:30.801','2026-04-11 08:31:30.801'),(3,68,31,'2025-11-22 13:40:20.811','2026-04-11 08:31:30.577'),(3,73,9,'2025-11-22 13:40:20.697','2025-11-22 13:40:20.697'),(3,74,15,'2025-11-22 13:40:20.618','2025-12-21 15:04:25.514'),(3,76,3,'2025-11-22 13:40:20.591','2025-11-22 13:40:20.591'),(3,79,18,'2025-11-22 13:40:20.713','2025-12-21 15:04:25.517'),(3,83,6,'2025-11-22 13:40:20.901','2025-11-22 13:40:20.901'),(3,85,8,'2025-11-22 13:40:20.689','2025-11-22 13:40:20.689'),(3,87,4,'2025-11-22 13:40:20.195','2025-11-22 13:40:20.195'),(3,88,5,'2025-11-22 13:40:20.287','2025-11-22 13:40:20.287'),(3,97,16,'2025-12-17 09:05:23.255','2025-12-21 15:04:25.524'),(3,99,17,'2025-12-17 09:05:23.263','2025-12-21 15:04:25.528'),(3,100,14,'2025-12-21 15:04:25.536','2025-12-21 15:04:25.536'),(3,108,21,'2026-01-04 15:41:22.178','2026-01-04 16:36:44.864'),(3,116,22,'2026-01-04 16:34:09.645','2026-01-04 16:34:09.645'),(3,118,23,'2026-01-05 18:55:03.809','2026-01-05 18:58:17.440'),(3,132,25,'2026-01-11 09:37:14.306','2026-01-15 19:20:25.907'),(3,142,24,'2026-01-11 09:37:14.314','2026-01-15 19:20:25.903'),(3,154,26,'2026-01-14 08:20:49.024','2026-01-14 08:20:49.024'),(3,163,27,'2026-01-14 08:20:49.017','2026-01-15 19:20:25.911'),(3,199,34,'2026-04-11 08:31:30.711','2026-04-11 08:31:30.711'),(3,201,39,'2026-02-27 10:59:20.228','2026-04-11 08:31:30.686'),(3,202,35,'2026-02-27 10:59:20.220','2026-04-11 08:31:30.677'),(3,204,36,'2026-04-11 08:31:30.885','2026-04-11 08:31:30.885'),(3,206,32,'2026-04-11 08:31:30.703','2026-04-11 08:31:30.703'),(3,207,33,'2026-04-11 08:31:30.877','2026-04-11 08:31:30.877'),(3,208,37,'2026-04-11 08:31:30.786','2026-04-11 08:31:30.786'),(3,211,38,'2026-04-11 08:31:30.746','2026-04-11 08:31:30.746'),(3,220,40,'2026-03-24 07:25:08.506','2026-04-11 08:31:30.681'),(3,228,41,'2026-04-13 07:02:36.528','2026-04-19 12:33:29.443'),(4,8,0,'2025-11-22 13:40:21.210','2025-11-22 13:40:21.210'),(4,11,10,'2025-11-22 13:40:21.103','2025-11-22 13:40:21.103'),(4,12,15,'2025-11-22 13:40:21.187','2025-11-22 13:40:21.187'),(4,14,1,'2025-11-22 13:40:21.218','2025-11-22 13:40:21.218'),(4,27,59,'2026-04-11 08:31:31.706','2026-04-11 08:31:31.706'),(4,38,8,'2025-11-22 13:40:21.442','2025-11-22 13:40:21.442'),(4,46,12,'2025-11-22 13:40:21.397','2025-11-22 13:40:21.397'),(4,47,60,'2026-04-11 08:31:31.698','2026-04-11 08:31:31.698'),(4,50,14,'2025-11-22 13:40:21.405','2025-11-22 13:40:21.405'),(4,51,2,'2025-11-22 13:40:21.292','2025-11-22 13:40:21.292'),(4,55,58,'2026-04-11 08:31:31.715','2026-04-11 08:31:31.715'),(4,62,9,'2025-11-22 13:40:21.095','2025-11-22 13:40:21.095'),(4,68,61,'2025-11-22 13:40:21.203','2026-04-11 08:31:31.484'),(4,74,7,'2025-11-22 13:40:21.300','2025-11-22 13:40:21.300'),(4,76,3,'2025-11-22 13:40:21.491','2025-11-22 13:40:21.491'),(4,83,6,'2025-11-22 13:40:21.413','2025-11-22 13:40:21.413'),(4,86,11,'2025-11-22 13:40:21.389','2025-11-22 13:40:21.389'),(4,87,4,'2025-11-22 13:40:21.087','2025-11-22 13:40:21.087'),(4,88,5,'2025-11-22 13:40:21.195','2025-11-22 13:40:21.195'),(4,94,13,'2025-11-22 13:40:21.111','2025-11-22 13:40:21.111'),(4,102,16,'2026-01-04 15:39:49.648','2026-01-04 15:39:49.648'),(4,108,19,'2026-01-04 15:41:22.460','2026-02-02 09:56:19.438'),(4,116,20,'2026-01-04 16:34:09.851','2026-02-02 09:56:19.243'),(4,118,21,'2026-01-05 18:55:04.479','2026-02-02 09:56:19.250'),(4,126,17,'2026-01-07 09:26:05.186','2026-01-07 09:26:05.186'),(4,129,18,'2026-01-07 09:26:05.102','2026-01-07 09:26:05.102'),(4,132,23,'2026-01-11 09:37:14.519','2026-02-02 09:56:19.465'),(4,142,22,'2026-01-11 09:37:14.721','2026-02-02 09:56:19.365'),(4,154,24,'2026-01-14 08:20:49.787','2026-02-02 09:56:19.343'),(4,163,25,'2026-01-14 08:20:49.901','2026-02-02 09:56:19.452'),(4,166,30,'2026-01-15 06:52:18.443','2026-02-02 09:56:19.434'),(4,167,39,'2026-01-15 06:52:18.633','2026-02-02 09:56:19.445'),(4,168,34,'2026-01-15 06:52:18.625','2026-02-02 09:56:19.235'),(4,169,26,'2026-01-15 06:52:18.734','2026-02-02 09:56:19.232'),(4,170,33,'2026-01-15 06:52:18.540','2026-02-02 09:56:19.256'),(4,171,37,'2026-01-15 06:52:18.649','2026-02-02 09:56:19.441'),(4,172,35,'2026-01-15 06:52:18.532','2026-02-02 09:56:19.473'),(4,173,32,'2026-01-15 06:52:18.723','2026-02-02 09:56:19.227'),(4,174,31,'2026-01-15 06:52:18.922','2026-02-02 09:56:19.351'),(4,175,27,'2026-01-15 06:52:18.744','2026-02-02 09:56:19.430'),(4,176,28,'2026-01-15 06:52:19.017','2026-02-02 09:56:19.267'),(4,177,41,'2026-01-15 06:52:18.931','2026-02-02 09:56:19.469'),(4,178,36,'2026-01-15 06:52:18.617','2026-02-02 09:56:19.154'),(4,179,38,'2026-01-15 06:52:18.524','2026-02-02 09:56:19.170'),(4,180,40,'2026-01-15 06:52:18.452','2026-02-02 09:56:19.150'),(4,181,29,'2026-01-15 06:52:18.641','2026-02-02 09:56:19.061'),(4,182,55,'2026-01-15 19:20:27.714','2026-02-02 09:56:19.247'),(4,183,43,'2026-01-15 19:20:27.730','2026-02-02 09:56:19.336'),(4,184,42,'2026-01-15 19:20:27.900','2026-02-02 09:56:19.139'),(4,185,45,'2026-01-15 19:20:27.621','2026-02-02 09:56:19.370'),(4,186,47,'2026-01-15 19:20:27.826','2026-02-02 09:56:19.347'),(4,187,54,'2026-01-15 19:20:27.802','2026-02-02 09:56:19.174'),(4,188,52,'2026-01-15 19:20:27.636','2026-02-02 09:56:19.339'),(4,189,56,'2026-01-15 19:20:27.916','2026-02-02 09:56:19.332'),(4,190,48,'2026-01-15 19:20:27.629','2026-02-02 09:56:19.135'),(4,191,57,'2026-01-15 19:20:27.706','2026-02-02 09:56:19.143'),(4,192,46,'2026-01-15 19:20:27.810','2026-02-02 09:56:19.449'),(4,193,50,'2026-01-15 19:20:27.908','2026-02-02 09:56:19.239'),(4,194,44,'2026-01-15 19:20:27.613','2026-02-02 09:56:19.166'),(4,195,53,'2026-01-15 19:20:27.722','2026-02-02 09:56:19.327'),(4,196,51,'2026-01-15 19:20:27.818','2026-02-02 09:56:19.131'),(4,197,49,'2026-01-15 19:20:27.924','2026-02-02 09:56:19.261'),(4,199,64,'2026-04-11 08:31:31.592','2026-04-11 08:31:31.592'),(4,201,69,'2026-02-27 10:59:20.527','2026-04-11 08:31:31.421'),(4,202,65,'2026-02-27 10:59:20.535','2026-04-11 08:31:31.480'),(4,204,66,'2026-04-11 08:31:31.583','2026-04-11 08:31:31.583'),(4,206,62,'2026-04-11 08:31:31.600','2026-04-11 08:31:31.600'),(4,207,63,'2026-04-11 08:31:31.608','2026-04-11 08:31:31.608'),(4,208,67,'2026-04-11 08:31:31.690','2026-04-11 08:31:31.690'),(4,211,68,'2026-04-11 08:31:31.681','2026-04-11 08:31:31.681'),(4,220,70,'2026-03-24 07:25:08.894','2026-04-11 08:31:31.417'),(4,228,71,'2026-04-13 07:02:36.826','2026-04-19 12:33:29.823'),(5,8,0,'2025-11-22 13:40:21.807','2025-11-22 13:40:21.807'),(5,12,8,'2025-11-22 13:40:21.721','2025-11-22 13:40:21.721'),(5,14,1,'2025-11-22 13:40:21.706','2025-11-22 13:40:21.706'),(5,27,17,'2025-11-22 13:40:21.593','2026-01-15 19:20:29.500'),(5,39,20,'2025-11-22 13:40:21.799','2026-01-15 19:20:29.505'),(5,47,18,'2025-11-22 13:40:21.791','2026-01-15 19:20:29.518'),(5,51,2,'2025-11-22 13:40:21.889','2025-11-22 13:40:21.889'),(5,55,16,'2025-11-22 13:40:21.906','2026-01-15 19:20:29.535'),(5,56,19,'2025-11-22 13:40:21.601','2026-01-15 19:20:29.544'),(5,58,22,'2025-11-22 13:40:21.698','2026-01-15 19:20:29.441'),(5,67,21,'2025-11-22 13:40:21.689','2026-01-15 19:20:29.436'),(5,68,23,'2025-11-22 13:40:21.914','2026-01-15 19:20:29.524'),(5,74,7,'2025-11-22 13:40:21.616','2025-11-22 13:40:21.616'),(5,76,3,'2025-11-22 13:40:21.714','2025-11-22 13:40:21.714'),(5,83,6,'2025-11-22 13:40:21.515','2025-11-22 13:40:21.515'),(5,87,4,'2025-11-22 13:40:21.608','2025-11-22 13:40:21.608'),(5,88,5,'2025-11-22 13:40:21.898','2025-11-22 13:40:21.898'),(5,108,9,'2026-01-04 15:41:22.760','2026-01-04 16:36:45.751'),(5,116,10,'2026-01-04 16:34:10.653','2026-01-04 16:36:45.776'),(5,118,11,'2026-01-05 18:55:05.297','2026-01-05 18:58:18.443'),(5,132,13,'2026-01-11 09:37:15.932','2026-01-15 19:20:29.529'),(5,142,12,'2026-01-11 09:37:16.004','2026-01-15 19:20:29.512'),(5,154,14,'2026-01-14 08:20:51.789','2026-01-15 19:20:29.445'),(5,163,15,'2026-01-14 08:20:51.797','2026-01-15 19:20:29.540'),(5,198,27,'2026-02-18 16:59:40.627','2026-02-18 16:59:40.627'),(5,199,26,'2026-02-18 16:59:40.635','2026-02-18 16:59:40.635'),(5,200,30,'2026-02-18 16:59:40.623','2026-02-18 16:59:40.623'),(5,201,35,'2026-02-27 10:59:22.449','2026-04-11 08:31:37.679'),(5,202,31,'2026-02-18 16:59:40.543','2026-02-18 16:59:40.543'),(5,204,32,'2026-04-11 08:31:37.693','2026-04-11 08:31:37.693'),(5,206,24,'2026-02-18 16:59:40.547','2026-02-18 16:59:40.547'),(5,207,25,'2026-02-18 16:59:40.531','2026-02-18 16:59:40.531'),(5,208,33,'2026-04-11 08:31:37.779','2026-04-11 08:31:37.779'),(5,210,28,'2026-02-18 16:59:40.536','2026-02-18 16:59:40.536'),(5,211,34,'2026-04-11 08:31:37.796','2026-04-11 08:31:37.796'),(5,212,29,'2026-02-18 16:59:40.631','2026-02-18 16:59:40.631'),(5,220,36,'2026-03-24 07:25:10.309','2026-04-11 08:31:37.684'),(5,228,37,'2026-04-13 07:02:38.822','2026-04-19 12:33:31.732'),(6,1,5,'2025-11-22 13:40:22.090','2025-11-22 13:40:22.090'),(6,2,8,'2025-11-22 13:40:22.289','2025-11-22 13:40:22.289'),(6,8,0,'2025-11-22 13:40:22.106','2025-11-22 13:40:22.106'),(6,12,18,'2025-11-22 13:40:22.401','2025-12-17 09:05:24.254'),(6,14,1,'2025-11-22 13:40:22.409','2025-11-22 13:40:22.409'),(6,15,10,'2025-11-22 13:40:22.416','2025-11-22 13:40:22.416'),(6,27,27,'2026-04-11 08:31:46.681','2026-04-11 08:31:46.681'),(6,28,7,'2025-11-22 13:40:22.098','2025-11-22 13:40:22.098'),(6,35,14,'2025-11-22 13:40:22.345','2025-11-22 13:40:22.345'),(6,47,28,'2026-04-11 08:31:46.714','2026-04-11 08:31:46.714'),(6,49,12,'2025-11-22 13:40:22.318','2025-11-22 13:40:22.318'),(6,51,2,'2025-11-22 13:40:22.015','2025-11-22 13:40:22.015'),(6,55,26,'2026-04-11 08:31:46.705','2026-04-11 08:31:46.705'),(6,63,13,'2025-11-22 13:40:22.311','2025-11-22 13:40:22.311'),(6,68,29,'2025-11-22 13:40:22.008','2026-04-11 08:31:46.477'),(6,74,17,'2025-11-22 13:40:22.493','2025-12-17 09:05:24.260'),(6,76,3,'2025-11-22 13:40:22.191','2025-11-22 13:40:22.191'),(6,80,6,'2025-11-22 13:40:22.207','2025-11-22 13:40:22.207'),(6,81,9,'2025-11-22 13:40:22.297','2025-11-22 13:40:22.297'),(6,83,16,'2025-11-22 13:40:22.393','2025-12-17 09:05:24.265'),(6,87,4,'2025-11-22 13:40:22.200','2025-11-22 13:40:22.200'),(6,88,11,'2025-11-22 13:40:22.303','2025-11-22 13:40:22.303'),(6,98,15,'2025-12-17 09:05:24.275','2025-12-17 09:05:24.275'),(6,108,19,'2026-01-04 15:41:22.866','2026-01-04 16:36:45.871'),(6,116,20,'2026-01-04 16:34:10.750','2026-01-04 16:34:10.750'),(6,118,21,'2026-01-05 18:55:05.476','2026-01-05 18:58:18.553'),(6,132,23,'2026-01-11 09:37:16.115','2026-01-15 19:20:29.710'),(6,142,22,'2026-01-11 09:37:16.122','2026-01-15 19:20:29.700'),(6,154,24,'2026-01-14 08:20:51.922','2026-01-14 08:20:51.922'),(6,163,25,'2026-01-14 08:20:51.914','2026-01-15 19:20:29.705'),(6,199,32,'2026-04-11 08:31:46.689','2026-04-11 08:31:46.689'),(6,201,37,'2026-02-27 10:59:23.516','2026-04-11 08:31:46.406'),(6,202,33,'2026-02-27 10:59:23.444','2026-04-11 08:31:46.402'),(6,204,34,'2026-04-11 08:31:46.610','2026-04-11 08:31:46.610'),(6,206,30,'2026-04-11 08:31:46.585','2026-04-11 08:31:46.585'),(6,207,31,'2026-04-11 08:31:46.786','2026-04-11 08:31:46.786'),(6,208,35,'2026-04-11 08:31:46.602','2026-04-11 08:31:46.602'),(6,211,36,'2026-04-11 08:31:46.593','2026-04-11 08:31:46.593'),(6,214,38,'2026-03-24 07:25:14.504','2026-04-11 08:31:46.577'),(6,215,41,'2026-03-24 07:25:14.494','2026-04-11 08:31:46.494'),(6,216,40,'2026-03-24 07:25:14.515','2026-04-11 08:31:46.398'),(6,217,43,'2026-03-24 07:25:14.397','2026-04-11 08:31:46.389'),(6,218,42,'2026-03-24 07:25:14.526','2026-04-11 08:31:46.502'),(6,219,39,'2026-03-24 07:25:14.315','2026-04-11 08:31:46.410'),(6,220,45,'2026-03-24 07:25:14.406','2026-04-19 12:33:34.635'),(6,221,44,'2026-04-19 12:33:34.723','2026-04-19 12:33:34.723'),(6,222,49,'2026-03-30 15:03:57.033','2026-04-19 12:33:34.630'),(6,223,48,'2026-03-30 15:07:33.643','2026-04-19 12:33:34.551'),(6,224,51,'2026-04-01 09:15:24.005','2026-04-19 12:33:34.625'),(6,225,53,'2026-04-01 09:15:24.079','2026-04-19 12:33:34.586'),(6,226,52,'2026-04-01 09:15:24.072','2026-04-19 12:33:34.547'),(6,228,50,'2026-04-13 07:02:41.524','2026-04-19 12:33:34.591'),(6,229,47,'2026-04-19 12:33:34.643','2026-04-19 12:33:34.643'),(6,230,46,'2026-04-19 12:33:34.731','2026-04-19 12:33:34.731'),(7,6,19,'2025-11-22 13:40:22.705','2025-11-22 13:40:22.705'),(7,8,0,'2025-11-22 13:40:22.799','2025-11-22 13:40:22.799'),(7,12,25,'2025-11-22 13:40:22.791','2025-11-22 13:40:22.791'),(7,14,1,'2025-11-22 13:40:22.806','2025-11-22 13:40:22.806'),(7,19,7,'2025-11-22 13:40:23.004','2025-11-22 13:40:23.004'),(7,20,17,'2025-11-22 13:40:22.689','2025-11-22 13:40:22.689'),(7,23,8,'2025-11-22 13:40:22.891','2025-11-22 13:40:22.891'),(7,24,13,'2025-11-22 13:40:23.446','2025-11-22 13:40:23.446'),(7,25,23,'2025-11-22 13:40:23.194','2025-11-22 13:40:23.194'),(7,27,34,'2026-04-11 08:31:47.001','2026-04-11 08:31:47.001'),(7,30,10,'2025-11-22 13:40:23.412','2025-11-22 13:40:23.412'),(7,31,12,'2025-11-22 13:40:23.420','2025-11-22 13:40:23.420'),(7,37,16,'2025-11-22 13:40:22.987','2025-11-22 13:40:22.987'),(7,41,15,'2025-11-22 13:40:22.907','2025-11-22 13:40:22.907'),(7,42,18,'2025-11-22 13:40:22.697','2025-11-22 13:40:22.697'),(7,43,21,'2025-11-22 13:40:22.712','2025-11-22 13:40:22.712'),(7,47,35,'2026-04-11 08:31:47.100','2026-04-11 08:31:47.100'),(7,51,2,'2025-11-22 13:40:22.995','2025-11-22 13:40:22.995'),(7,53,14,'2025-11-22 13:40:22.590','2025-11-22 13:40:22.590'),(7,55,33,'2026-04-11 08:31:47.010','2026-04-11 08:31:47.010'),(7,61,9,'2025-11-22 13:40:23.405','2025-11-22 13:40:23.405'),(7,66,20,'2025-11-22 13:40:23.087','2025-11-22 13:40:23.087'),(7,68,36,'2025-11-22 13:40:23.389','2026-04-11 08:31:46.980'),(7,72,11,'2025-11-22 13:40:22.899','2025-11-22 13:40:22.899'),(7,74,24,'2025-11-22 13:40:23.287','2025-11-22 13:40:23.287'),(7,76,3,'2025-11-22 13:40:23.397','2025-11-22 13:40:23.397'),(7,83,6,'2025-11-22 13:40:22.610','2025-11-22 13:40:22.610'),(7,87,4,'2025-11-22 13:40:22.813','2025-11-22 13:40:22.813'),(7,88,5,'2025-11-22 13:40:22.820','2025-11-22 13:40:22.820'),(7,93,22,'2025-11-22 13:40:22.601','2025-11-22 13:40:22.601'),(7,108,26,'2026-01-04 15:41:22.970','2026-01-04 16:36:45.976'),(7,116,27,'2026-01-04 16:34:10.859','2026-01-04 16:34:10.859'),(7,118,28,'2026-01-05 18:55:05.580','2026-01-05 18:58:18.657'),(7,132,30,'2026-01-11 09:37:16.219','2026-01-15 19:20:29.833'),(7,142,29,'2026-01-11 09:37:16.212','2026-01-15 19:20:29.825'),(7,154,31,'2026-01-14 08:20:52.115','2026-01-14 08:20:52.115'),(7,163,32,'2026-01-14 08:20:52.108','2026-01-15 19:20:29.829'),(7,199,39,'2026-04-11 08:31:47.179','2026-04-11 08:31:47.179'),(7,201,44,'2026-02-27 10:59:23.617','2026-04-11 08:31:46.991'),(7,202,40,'2026-02-27 10:59:23.549','2026-04-11 08:31:46.901'),(7,204,41,'2026-04-11 08:31:47.084','2026-04-11 08:31:47.084'),(7,206,37,'2026-04-11 08:31:47.195','2026-04-11 08:31:47.195'),(7,207,38,'2026-04-11 08:31:47.018','2026-04-11 08:31:47.018'),(7,208,42,'2026-04-11 08:31:47.026','2026-04-11 08:31:47.026'),(7,211,43,'2026-04-11 08:31:47.092','2026-04-11 08:31:47.092'),(7,220,45,'2026-03-24 07:25:14.894','2026-04-11 08:31:46.897'),(7,228,46,'2026-04-13 07:02:41.626','2026-04-19 12:33:34.837'),(8,3,16,'2025-11-22 13:40:24.105','2025-11-22 13:40:24.105'),(8,4,19,'2025-11-22 13:40:23.887','2025-11-22 13:40:23.887'),(8,5,20,'2025-11-22 13:40:23.902','2025-11-22 13:40:23.902'),(8,8,0,'2025-11-22 13:40:24.008','2025-11-22 13:40:24.008'),(8,12,31,'2025-11-22 13:40:23.701','2025-11-22 13:40:23.701'),(8,14,1,'2025-11-22 13:40:23.801','2025-11-22 13:40:23.801'),(8,16,7,'2025-11-22 13:40:23.810','2025-11-22 13:40:23.810'),(8,17,18,'2025-11-22 13:40:23.993','2025-11-22 13:40:23.993'),(8,18,23,'2025-11-22 13:40:23.614','2025-11-22 13:40:23.614'),(8,21,9,'2025-11-22 13:40:23.716','2025-11-22 13:40:23.716'),(8,22,14,'2025-11-22 13:40:24.098','2025-11-22 13:40:24.098'),(8,27,40,'2026-04-11 08:31:47.488','2026-04-11 08:31:47.488'),(8,29,22,'2025-11-22 13:40:24.000','2025-11-22 13:40:24.000'),(8,36,8,'2025-11-22 13:40:24.015','2025-11-22 13:40:24.015'),(8,47,41,'2026-04-11 08:31:47.497','2026-04-11 08:31:47.497'),(8,51,2,'2025-11-22 13:40:24.299','2025-11-22 13:40:24.299'),(8,52,26,'2025-11-22 13:40:24.389','2025-11-22 13:40:24.389'),(8,55,39,'2026-04-11 08:31:47.597','2026-04-11 08:31:47.597'),(8,60,28,'2025-11-22 13:40:23.591','2025-11-22 13:40:23.591'),(8,64,15,'2025-11-22 13:40:23.606','2025-11-22 13:40:23.606'),(8,65,24,'2025-11-22 13:40:24.191','2025-11-22 13:40:24.191'),(8,68,42,'2025-11-22 13:40:23.910','2026-04-11 08:31:47.480'),(8,71,27,'2025-11-22 13:40:24.291','2025-11-22 13:40:24.291'),(8,74,30,'2025-11-22 13:40:23.693','2025-11-22 13:40:23.693'),(8,76,3,'2025-11-22 13:40:24.307','2025-11-22 13:40:24.307'),(8,77,10,'2025-11-22 13:40:24.207','2025-11-22 13:40:24.207'),(8,78,29,'2025-11-22 13:40:23.599','2025-11-22 13:40:23.599'),(8,82,12,'2025-11-22 13:40:23.723','2025-11-22 13:40:23.723'),(8,83,13,'2025-11-22 13:40:23.895','2025-11-22 13:40:23.895'),(8,84,21,'2025-11-22 13:40:23.793','2025-11-22 13:40:23.793'),(8,87,4,'2025-11-22 13:40:24.314','2025-11-22 13:40:24.314'),(8,88,5,'2025-11-22 13:40:24.199','2025-11-22 13:40:24.199'),(8,89,6,'2025-11-22 13:40:23.708','2025-11-22 13:40:23.708'),(8,90,11,'2025-11-22 13:40:24.091','2025-11-22 13:40:24.091'),(8,91,17,'2025-11-22 13:40:23.918','2025-11-22 13:40:23.918'),(8,92,25,'2025-11-22 13:40:24.214','2025-11-22 13:40:24.214'),(8,108,32,'2026-01-04 15:41:22.999','2026-01-04 16:36:46.148'),(8,116,33,'2026-01-04 16:34:10.955','2026-01-04 16:34:10.955'),(8,118,34,'2026-01-05 18:55:05.609','2026-01-05 18:58:18.762'),(8,132,36,'2026-01-11 09:37:16.245','2026-01-15 19:20:29.933'),(8,142,35,'2026-01-11 09:37:16.310','2026-01-15 19:20:30.000'),(8,154,37,'2026-01-14 08:20:52.228','2026-01-14 08:20:52.228'),(8,163,38,'2026-01-14 08:20:52.300','2026-01-15 19:20:29.937'),(8,199,45,'2026-04-11 08:31:47.689','2026-04-11 08:31:47.689'),(8,201,50,'2026-02-27 10:59:23.713','2026-04-11 08:31:47.403'),(8,202,46,'2026-02-27 10:59:23.722','2026-04-11 08:31:47.398'),(8,204,47,'2026-04-11 08:31:47.605','2026-04-11 08:31:47.605'),(8,206,43,'2026-04-11 08:31:47.579','2026-04-11 08:31:47.579'),(8,207,44,'2026-04-11 08:31:47.588','2026-04-11 08:31:47.588'),(8,208,48,'2026-04-11 08:31:47.646','2026-04-11 08:31:47.646'),(8,211,49,'2026-04-11 08:31:47.679','2026-04-11 08:31:47.679'),(8,220,51,'2026-03-24 07:25:15.007','2026-04-11 08:31:47.450'),(8,228,52,'2026-04-13 07:02:41.742','2026-04-19 12:33:35.023'),(9,3,15,'2025-11-22 13:40:24.704','2025-11-22 13:40:24.704'),(9,4,18,'2025-11-22 13:40:24.795','2025-11-22 13:40:24.795'),(9,5,19,'2025-11-22 13:40:25.005','2025-11-22 13:40:25.005'),(9,8,0,'2025-11-22 13:40:24.606','2025-11-22 13:40:24.606'),(9,12,30,'2025-11-22 13:40:24.921','2025-11-22 13:40:24.921'),(9,14,1,'2025-11-22 13:40:24.689','2025-11-22 13:40:24.689'),(9,16,7,'2025-11-22 13:40:24.989','2025-11-22 13:40:24.989'),(9,17,17,'2025-11-22 13:40:25.214','2025-11-22 13:40:25.214'),(9,18,22,'2025-11-22 13:40:24.890','2025-11-22 13:40:24.890'),(9,21,9,'2025-11-22 13:40:25.191','2025-11-22 13:40:25.191'),(9,22,13,'2025-11-22 13:40:24.697','2025-11-22 13:40:24.697'),(9,27,39,'2026-04-11 08:31:47.992','2026-04-11 08:31:47.992'),(9,29,21,'2025-11-22 13:40:24.417','2025-11-22 13:40:24.417'),(9,36,8,'2025-11-22 13:40:25.115','2025-11-22 13:40:25.115'),(9,47,40,'2026-04-11 08:31:47.903','2026-04-11 08:31:47.903'),(9,51,2,'2025-11-22 13:40:25.108','2025-11-22 13:40:25.108'),(9,52,25,'2025-11-22 13:40:25.093','2025-11-22 13:40:25.093'),(9,55,38,'2026-04-11 08:31:47.920','2026-04-11 08:31:47.920'),(9,60,27,'2025-11-22 13:40:24.495','2025-11-22 13:40:24.495'),(9,64,14,'2025-11-22 13:40:24.914','2025-11-22 13:40:24.914'),(9,65,23,'2025-11-22 13:40:24.599','2025-11-22 13:40:24.599'),(9,68,41,'2025-11-22 13:40:24.746','2026-04-11 08:31:47.886'),(9,71,26,'2025-11-22 13:40:25.101','2025-11-22 13:40:25.101'),(9,74,29,'2025-11-22 13:40:24.803','2025-11-22 13:40:24.803'),(9,76,3,'2025-11-22 13:40:24.503','2025-11-22 13:40:24.503'),(9,77,10,'2025-11-22 13:40:24.997','2025-11-22 13:40:24.997'),(9,78,28,'2025-11-22 13:40:24.906','2025-11-22 13:40:24.906'),(9,82,11,'2025-11-22 13:40:24.754','2025-11-22 13:40:24.754'),(9,83,12,'2025-11-22 13:40:25.207','2025-11-22 13:40:25.207'),(9,84,20,'2025-11-22 13:40:24.712','2025-11-22 13:40:24.712'),(9,87,4,'2025-11-22 13:40:24.510','2025-11-22 13:40:24.510'),(9,88,5,'2025-11-22 13:40:25.199','2025-11-22 13:40:25.199'),(9,89,6,'2025-11-22 13:40:24.591','2025-11-22 13:40:24.591'),(9,91,16,'2025-11-22 13:40:24.811','2025-11-22 13:40:24.811'),(9,92,24,'2025-11-22 13:40:24.898','2025-11-22 13:40:24.898'),(9,108,31,'2026-01-04 15:41:23.086','2026-01-04 16:36:46.182'),(9,116,32,'2026-01-04 16:34:11.071','2026-01-04 16:34:11.071'),(9,118,33,'2026-01-05 18:55:05.775','2026-01-05 18:58:18.945'),(9,132,35,'2026-01-11 09:37:16.410','2026-01-15 19:20:30.113'),(9,142,34,'2026-01-11 09:37:16.417','2026-01-15 19:20:30.203'),(9,154,36,'2026-01-14 08:20:52.498','2026-01-14 08:20:52.498'),(9,163,37,'2026-01-14 08:20:52.413','2026-01-15 19:20:30.208'),(9,199,44,'2026-04-11 08:31:48.095','2026-04-11 08:31:48.095'),(9,201,49,'2026-02-27 10:59:23.822','2026-04-11 08:31:47.882'),(9,202,45,'2026-02-27 10:59:23.831','2026-04-11 08:31:47.895'),(9,204,46,'2026-04-11 08:31:47.912','2026-04-11 08:31:47.912'),(9,206,42,'2026-04-11 08:31:48.001','2026-04-11 08:31:48.001'),(9,207,43,'2026-04-11 08:31:48.077','2026-04-11 08:31:48.077'),(9,208,47,'2026-04-11 08:31:48.086','2026-04-11 08:31:48.086'),(9,211,48,'2026-04-11 08:31:48.104','2026-04-11 08:31:48.104'),(9,220,50,'2026-03-24 07:25:15.198','2026-04-11 08:31:47.890'),(9,228,51,'2026-04-13 07:02:41.924','2026-04-19 12:33:35.138'),(10,8,0,'2025-11-22 13:40:25.488','2025-11-22 13:40:25.488'),(10,12,11,'2025-11-22 13:40:25.610','2025-11-22 13:40:25.610'),(10,14,1,'2025-11-22 13:40:25.497','2025-11-22 13:40:25.497'),(10,16,7,'2025-11-22 13:40:25.391','2025-11-22 13:40:25.391'),(10,27,20,'2026-04-11 08:31:48.494','2026-04-11 08:31:48.494'),(10,36,8,'2025-11-22 13:40:25.595','2025-11-22 13:40:25.595'),(10,47,21,'2026-04-11 08:31:48.297','2026-04-11 08:31:48.297'),(10,51,2,'2025-11-22 13:40:25.695','2025-11-22 13:40:25.695'),(10,55,19,'2026-04-11 08:31:48.486','2026-04-11 08:31:48.486'),(10,68,22,'2025-11-22 13:40:25.411','2026-04-11 08:31:48.288'),(10,74,10,'2025-11-22 13:40:25.401','2025-11-22 13:40:25.401'),(10,76,3,'2025-11-22 13:40:25.311','2025-11-22 13:40:25.311'),(10,83,9,'2025-11-22 13:40:25.602','2025-11-22 13:40:25.602'),(10,87,4,'2025-11-22 13:40:25.506','2025-11-22 13:40:25.506'),(10,88,5,'2025-11-22 13:40:25.513','2025-11-22 13:40:25.513'),(10,89,6,'2025-11-22 13:40:25.587','2025-11-22 13:40:25.587'),(10,108,12,'2026-01-04 15:41:23.196','2026-01-04 16:36:46.271'),(10,116,13,'2026-01-04 16:34:11.162','2026-01-04 16:34:11.162'),(10,118,14,'2026-01-05 18:55:06.074','2026-01-05 18:58:19.045'),(10,132,16,'2026-01-11 09:37:16.510','2026-01-15 19:20:30.313'),(10,142,15,'2026-01-11 09:37:16.494','2026-01-15 19:20:30.322'),(10,154,17,'2026-01-14 08:20:52.613','2026-01-14 08:20:52.613'),(10,163,18,'2026-01-14 08:20:52.606','2026-01-15 19:20:30.309'),(10,199,25,'2026-04-11 08:31:48.306','2026-04-11 08:31:48.306'),(10,201,30,'2026-02-27 10:59:23.946','2026-04-11 08:31:48.284'),(10,202,26,'2026-02-27 10:59:23.937','2026-04-11 08:31:48.213'),(10,204,27,'2026-04-11 08:31:48.502','2026-04-11 08:31:48.502'),(10,206,23,'2026-04-11 08:31:48.348','2026-04-11 08:31:48.348'),(10,207,24,'2026-04-11 08:31:48.381','2026-04-11 08:31:48.381'),(10,208,28,'2026-04-11 08:31:48.477','2026-04-11 08:31:48.477'),(10,211,29,'2026-04-11 08:31:48.510','2026-04-11 08:31:48.510'),(10,220,31,'2026-03-24 07:25:15.391','2026-04-11 08:31:48.280'),(10,228,32,'2026-04-13 07:02:42.035','2026-04-19 12:33:35.330'),(11,3,10,'2025-11-22 13:40:26.206','2025-11-22 13:40:26.206'),(11,4,13,'2025-11-22 13:40:26.299','2025-11-22 13:40:26.299'),(11,5,14,'2025-11-22 13:40:26.215','2025-11-22 13:40:26.215'),(11,8,0,'2025-11-22 13:40:26.229','2025-11-22 13:40:26.229'),(11,12,16,'2025-11-22 13:40:26.004','2025-11-22 13:40:26.004'),(11,14,1,'2025-11-22 13:40:26.406','2025-11-22 13:40:26.406'),(11,17,12,'2025-11-22 13:40:26.390','2025-11-22 13:40:26.390'),(11,22,8,'2025-11-22 13:40:26.198','2025-11-22 13:40:26.198'),(11,27,25,'2026-04-11 08:31:48.811','2026-04-11 08:31:48.811'),(11,47,26,'2026-04-11 08:31:48.881','2026-04-11 08:31:48.881'),(11,51,2,'2025-11-22 13:40:25.798','2025-11-22 13:40:25.798'),(11,55,24,'2026-04-11 08:31:49.005','2026-04-11 08:31:49.005'),(11,64,9,'2025-11-22 13:40:25.988','2025-11-22 13:40:25.988'),(11,68,27,'2025-11-22 13:40:26.089','2026-04-11 08:31:48.711'),(11,74,15,'2025-11-22 13:40:26.399','2025-11-22 13:40:26.399'),(11,76,3,'2025-11-22 13:40:26.291','2025-11-22 13:40:26.291'),(11,83,7,'2025-11-22 13:40:26.190','2025-11-22 13:40:26.190'),(11,87,4,'2025-11-22 13:40:26.097','2025-11-22 13:40:26.097'),(11,88,5,'2025-11-22 13:40:26.105','2025-11-22 13:40:26.105'),(11,89,6,'2025-11-22 13:40:26.307','2025-11-22 13:40:26.307'),(11,91,11,'2025-11-22 13:40:25.996','2025-11-22 13:40:25.996'),(11,108,17,'2026-01-04 15:41:23.358','2026-01-04 16:36:46.358'),(11,116,18,'2026-01-04 16:34:11.252','2026-01-04 16:34:11.252'),(11,118,19,'2026-01-05 18:55:06.196','2026-01-05 18:58:19.145'),(11,132,21,'2026-01-11 09:37:16.626','2026-01-15 19:20:30.527'),(11,142,20,'2026-01-11 09:37:16.615','2026-01-15 19:20:30.523'),(11,154,22,'2026-01-14 08:20:52.714','2026-01-14 08:20:52.714'),(11,163,23,'2026-01-14 08:20:52.789','2026-01-15 19:20:30.531'),(11,199,30,'2026-04-11 08:31:48.899','2026-04-11 08:31:48.899'),(11,201,35,'2026-02-27 10:59:24.049','2026-04-11 08:31:48.701'),(11,202,31,'2026-02-27 10:59:24.040','2026-04-11 08:31:48.707'),(11,204,32,'2026-04-11 08:31:48.788','2026-04-11 08:31:48.788'),(11,206,28,'2026-04-11 08:31:48.890','2026-04-11 08:31:48.890'),(11,207,29,'2026-04-11 08:31:48.779','2026-04-11 08:31:48.779'),(11,208,33,'2026-04-11 08:31:48.985','2026-04-11 08:31:48.985'),(11,211,34,'2026-04-11 08:31:48.802','2026-04-11 08:31:48.802'),(11,220,36,'2026-03-24 07:25:15.496','2026-04-11 08:31:48.697'),(11,228,37,'2026-04-13 07:02:42.224','2026-04-19 12:33:35.441'),(12,8,0,'2025-11-22 13:40:26.702','2025-11-22 13:40:26.702'),(12,12,18,'2025-11-22 13:40:26.910','2025-11-22 13:40:26.910'),(12,14,1,'2025-11-22 13:40:26.710','2025-11-22 13:40:26.710'),(12,18,10,'2025-11-22 13:40:26.918','2025-11-22 13:40:26.918'),(12,29,9,'2025-11-22 13:40:26.813','2025-11-22 13:40:26.813'),(12,51,2,'2025-11-22 13:40:26.790','2025-11-22 13:40:26.790'),(12,52,13,'2025-11-22 13:40:26.989','2025-11-22 13:40:26.989'),(12,60,15,'2025-11-22 13:40:26.618','2025-11-22 13:40:26.618'),(12,65,11,'2025-11-22 13:40:26.887','2025-11-22 13:40:26.887'),(12,68,26,'2025-11-22 13:40:26.518','2026-01-15 19:20:30.700'),(12,71,14,'2025-11-22 13:40:26.998','2025-11-22 13:40:26.998'),(12,74,17,'2025-11-22 13:40:26.692','2025-11-22 13:40:26.692'),(12,76,3,'2025-11-22 13:40:26.895','2025-11-22 13:40:26.895'),(12,78,16,'2025-11-22 13:40:26.510','2025-11-22 13:40:26.510'),(12,83,7,'2025-11-22 13:40:26.903','2025-11-22 13:40:26.903'),(12,84,8,'2025-11-22 13:40:26.805','2025-11-22 13:40:26.805'),(12,87,4,'2025-11-22 13:40:26.593','2025-11-22 13:40:26.593'),(12,88,5,'2025-11-22 13:40:26.798','2025-11-22 13:40:26.798'),(12,89,6,'2025-11-22 13:40:26.601','2025-11-22 13:40:26.601'),(12,92,12,'2025-11-22 13:40:26.610','2025-11-22 13:40:26.610'),(12,108,19,'2026-01-04 15:41:23.462','2026-01-04 16:36:46.395'),(12,116,20,'2026-01-04 16:34:11.361','2026-01-04 16:34:11.361'),(12,118,21,'2026-01-05 18:55:06.387','2026-01-05 18:58:19.247'),(12,132,23,'2026-01-11 09:37:16.694','2026-01-15 19:20:30.710'),(12,142,22,'2026-01-11 09:37:16.710','2026-01-15 19:20:30.705'),(12,154,24,'2026-01-14 08:20:52.910','2026-01-14 08:20:52.910'),(12,163,25,'2026-01-14 08:20:52.989','2026-01-15 19:20:30.635'),(12,201,28,'2026-02-27 10:59:24.318','2026-02-27 10:59:24.318'),(12,202,27,'2026-02-27 10:59:24.415','2026-02-27 10:59:24.415'),(12,220,29,'2026-03-24 07:25:15.608','2026-03-24 07:25:15.608'),(13,8,0,'2025-11-22 13:40:27.321','2025-11-22 13:40:27.321'),(13,12,12,'2025-11-22 13:40:27.305','2025-11-22 13:40:27.305'),(13,14,1,'2025-11-22 13:40:27.391','2025-11-22 13:40:27.391'),(13,51,2,'2025-11-22 13:40:27.399','2025-11-22 13:40:27.399'),(13,60,9,'2025-11-22 13:40:27.212','2025-11-22 13:40:27.212'),(13,68,20,'2025-11-22 13:40:27.313','2026-01-15 19:20:30.817'),(13,74,11,'2025-11-22 13:40:27.297','2025-11-22 13:40:27.297'),(13,76,3,'2025-11-22 13:40:27.407','2025-11-22 13:40:27.407'),(13,83,7,'2025-11-22 13:40:27.205','2025-11-22 13:40:27.205'),(13,84,8,'2025-11-22 13:40:27.197','2025-11-22 13:40:27.197'),(13,87,4,'2025-11-22 13:40:27.414','2025-11-22 13:40:27.414'),(13,88,5,'2025-11-22 13:40:27.491','2025-11-22 13:40:27.491'),(13,89,6,'2025-11-22 13:40:27.189','2025-11-22 13:40:27.189'),(13,96,10,'2025-11-22 13:40:27.289','2025-11-22 13:40:27.289'),(13,108,13,'2026-01-04 15:41:23.560','2026-01-04 16:36:46.557'),(13,116,14,'2026-01-04 16:34:11.464','2026-01-04 16:34:11.464'),(13,118,15,'2026-01-05 18:55:06.478','2026-01-05 18:58:19.447'),(13,132,17,'2026-01-11 09:37:16.812','2026-01-15 19:20:30.813'),(13,142,16,'2026-01-11 09:37:16.819','2026-01-15 19:20:30.821'),(13,154,18,'2026-01-14 08:20:53.105','2026-01-14 08:20:53.105'),(13,163,19,'2026-01-14 08:20:53.112','2026-01-15 19:20:30.808'),(13,201,22,'2026-02-27 10:59:24.443','2026-02-27 10:59:24.443'),(13,202,21,'2026-02-27 10:59:24.517','2026-02-27 10:59:24.517'),(13,220,23,'2026-03-24 07:25:15.701','2026-03-24 07:25:15.701'),(14,8,0,'2025-11-22 13:40:27.695','2025-11-22 13:40:27.695'),(14,11,13,'2026-02-02 09:56:24.346','2026-02-02 09:56:24.346'),(14,12,14,'2025-11-22 13:40:27.789','2026-02-02 09:56:24.130'),(14,14,1,'2025-11-22 13:40:27.589','2025-11-22 13:40:27.589'),(14,27,60,'2026-04-11 08:31:50.605','2026-04-11 08:31:50.605'),(14,36,8,'2025-11-22 13:40:27.604','2026-02-02 09:56:24.233'),(14,38,11,'2026-02-02 09:56:24.447','2026-02-02 09:56:24.447'),(14,47,61,'2026-04-11 08:31:50.511','2026-04-11 08:31:50.511'),(14,49,6,'2025-12-16 10:32:15.338','2026-02-02 09:56:24.260'),(14,51,2,'2025-11-22 13:40:27.703','2025-11-22 13:40:27.703'),(14,55,59,'2026-04-11 08:31:50.688','2026-04-11 08:31:50.688'),(14,62,12,'2026-02-02 09:56:24.662','2026-02-02 09:56:24.662'),(14,63,7,'2025-12-16 10:32:15.417','2026-02-02 09:56:24.256'),(14,68,62,'2025-11-22 13:40:27.687','2026-04-11 08:31:50.397'),(14,74,10,'2025-11-22 13:40:27.619','2026-02-02 09:56:24.134'),(14,76,3,'2025-11-22 13:40:27.597','2025-11-22 13:40:27.597'),(14,83,9,'2025-11-22 13:40:27.611','2026-02-02 09:56:24.265'),(14,87,4,'2026-02-02 09:56:24.339','2026-02-02 09:56:24.339'),(14,88,5,'2025-11-22 13:40:27.710','2026-02-02 09:56:24.331'),(14,103,15,'2026-02-27 10:59:25.137','2026-02-27 10:59:25.137'),(14,105,16,'2026-02-27 10:59:25.345','2026-02-27 10:59:25.345'),(14,106,17,'2026-02-27 10:59:25.145','2026-02-27 10:59:25.145'),(14,108,18,'2026-01-04 15:41:23.670','2026-02-27 10:59:25.040'),(14,110,19,'2026-02-27 10:59:25.219','2026-02-27 10:59:25.219'),(14,111,21,'2026-02-27 10:59:25.413','2026-02-27 10:59:25.413'),(14,113,20,'2026-02-27 10:59:25.228','2026-02-27 10:59:25.228'),(14,116,22,'2026-01-04 16:34:11.572','2026-02-27 10:59:25.044'),(14,118,26,'2026-01-05 18:55:06.574','2026-02-27 10:59:24.913'),(14,120,25,'2026-02-27 10:59:25.443','2026-02-27 10:59:25.443'),(14,122,23,'2026-02-27 10:59:25.264','2026-02-27 10:59:25.264'),(14,123,24,'2026-02-27 10:59:25.528','2026-02-27 10:59:25.528'),(14,132,34,'2026-01-11 09:37:16.907','2026-02-27 10:59:25.028'),(14,133,28,'2026-02-27 10:59:25.243','2026-02-27 10:59:25.243'),(14,137,31,'2026-02-27 10:59:25.251','2026-02-27 10:59:25.251'),(14,138,32,'2026-02-27 10:59:25.128','2026-02-27 10:59:25.128'),(14,139,29,'2026-02-27 10:59:25.421','2026-02-27 10:59:25.421'),(14,142,30,'2026-01-11 09:37:16.915','2026-02-27 10:59:24.918'),(14,143,27,'2026-02-27 10:59:25.235','2026-02-27 10:59:25.235'),(14,145,33,'2026-02-27 10:59:25.536','2026-02-27 10:59:25.536'),(14,153,39,'2026-02-27 10:59:25.450','2026-02-27 10:59:25.450'),(14,154,38,'2026-01-14 08:20:53.295','2026-02-27 10:59:24.941'),(14,155,37,'2026-02-27 10:59:25.429','2026-02-27 10:59:25.429'),(14,156,36,'2026-02-27 10:59:25.330','2026-02-27 10:59:25.330'),(14,157,41,'2026-02-27 10:59:25.519','2026-02-27 10:59:25.519'),(14,159,35,'2026-02-27 10:59:25.322','2026-02-27 10:59:25.322'),(14,163,42,'2026-01-14 08:20:53.304','2026-02-27 10:59:24.922'),(14,164,40,'2026-02-27 10:59:25.337','2026-02-27 10:59:25.337'),(14,168,47,'2026-02-02 09:56:24.633','2026-02-27 10:59:25.048'),(14,169,43,'2026-02-02 09:56:24.546','2026-02-27 10:59:25.036'),(14,170,46,'2026-02-02 09:56:24.454','2026-02-27 10:59:25.116'),(14,172,48,'2026-02-02 09:56:24.735','2026-02-27 10:59:24.933'),(14,175,44,'2026-02-02 09:56:24.461','2026-02-27 10:59:25.015'),(14,176,45,'2026-02-02 09:56:24.353','2026-02-27 10:59:25.120'),(14,177,50,'2026-02-02 09:56:24.539','2026-02-27 10:59:25.019'),(14,178,49,'2026-02-02 09:56:24.531','2026-02-27 10:59:24.851'),(14,183,52,'2026-02-02 09:56:24.647','2026-02-27 10:59:24.926'),(14,184,51,'2026-02-02 09:56:24.429','2026-02-27 10:59:24.929'),(14,188,57,'2026-02-02 09:56:24.655','2026-02-27 10:59:25.056'),(14,191,58,'2026-02-02 09:56:24.833','2026-02-27 10:59:25.032'),(14,193,55,'2026-02-02 09:56:24.641','2026-02-27 10:59:25.023'),(14,194,53,'2026-02-02 09:56:24.743','2026-02-27 10:59:24.847'),(14,196,56,'2026-02-02 09:56:24.440','2026-02-27 10:59:24.938'),(14,197,54,'2026-02-02 09:56:24.750','2026-02-27 10:59:25.052'),(14,199,65,'2026-04-11 08:31:50.679','2026-04-11 08:31:50.679'),(14,201,70,'2026-02-27 10:59:25.436','2026-04-11 08:31:50.401'),(14,202,66,'2026-02-27 10:59:25.543','2026-04-11 08:31:50.392'),(14,204,67,'2026-04-11 08:31:50.485','2026-04-11 08:31:50.485'),(14,206,63,'2026-04-11 08:31:50.597','2026-04-11 08:31:50.597'),(14,207,64,'2026-04-11 08:31:50.588','2026-04-11 08:31:50.588'),(14,208,68,'2026-04-11 08:31:50.579','2026-04-11 08:31:50.579'),(14,211,69,'2026-04-11 08:31:50.494','2026-04-11 08:31:50.494'),(14,220,71,'2026-03-24 07:25:15.823','2026-04-11 08:31:50.387'),(14,228,72,'2026-04-13 07:02:42.622','2026-04-19 12:33:35.831'),(15,8,0,'2025-11-22 13:40:27.894','2025-11-22 13:40:27.894'),(15,12,8,'2025-11-22 13:40:28.014','2025-11-22 13:40:28.014'),(15,14,1,'2025-11-22 13:40:27.916','2025-11-22 13:40:27.916'),(15,27,17,'2026-04-11 08:31:51.088','2026-04-11 08:31:51.088'),(15,47,18,'2026-04-11 08:31:51.096','2026-04-11 08:31:51.096'),(15,51,2,'2025-11-22 13:40:27.924','2025-11-22 13:40:27.924'),(15,55,16,'2026-04-11 08:31:50.896','2026-04-11 08:31:50.896'),(15,68,19,'2025-11-22 13:40:28.095','2026-04-11 08:31:50.884'),(15,74,7,'2025-11-22 13:40:28.007','2025-11-22 13:40:28.007'),(15,76,3,'2025-11-22 13:40:27.902','2025-11-22 13:40:27.902'),(15,83,6,'2025-11-22 13:40:27.909','2025-11-22 13:40:27.909'),(15,87,4,'2025-11-22 13:40:27.992','2025-11-22 13:40:27.992'),(15,88,5,'2025-11-22 13:40:27.999','2025-11-22 13:40:27.999'),(15,108,9,'2026-01-04 15:41:23.770','2026-01-04 16:36:46.760'),(15,116,10,'2026-01-04 16:34:11.672','2026-01-04 16:34:11.672'),(15,118,11,'2026-01-05 18:55:06.612','2026-01-05 18:58:19.663'),(15,132,13,'2026-01-11 09:37:17.010','2026-01-15 19:20:31.133'),(15,142,12,'2026-01-11 09:37:17.017','2026-01-15 19:20:31.129'),(15,154,14,'2026-01-14 08:20:53.687','2026-01-14 08:20:53.687'),(15,163,15,'2026-01-14 08:20:53.608','2026-01-15 19:20:31.121'),(15,199,22,'2026-04-11 08:31:51.079','2026-04-11 08:31:51.079'),(15,201,27,'2026-02-27 10:59:25.727','2026-04-11 08:31:50.888'),(15,202,23,'2026-02-27 10:59:25.720','2026-04-11 08:31:50.879'),(15,204,24,'2026-04-11 08:31:51.187','2026-04-11 08:31:51.187'),(15,206,20,'2026-04-11 08:31:51.249','2026-04-11 08:31:51.249'),(15,207,21,'2026-04-11 08:31:50.905','2026-04-11 08:31:50.905'),(15,208,25,'2026-04-11 08:31:51.195','2026-04-11 08:31:51.195'),(15,211,26,'2026-04-11 08:31:51.105','2026-04-11 08:31:51.105'),(15,220,28,'2026-03-24 07:25:15.912','2026-04-11 08:31:50.805'),(15,228,29,'2026-04-13 07:02:43.024','2026-04-19 12:33:35.934'),(16,8,0,'2025-12-17 09:05:23.476','2025-12-17 09:05:23.476'),(16,12,10,'2025-12-17 09:05:23.369','2025-12-17 09:05:23.369'),(16,14,1,'2025-12-17 09:05:23.377','2025-12-17 09:05:23.377'),(16,27,19,'2026-04-11 08:31:31.101','2026-04-11 08:31:31.101'),(16,44,7,'2025-12-17 09:05:23.654','2025-12-17 09:05:23.654'),(16,47,20,'2026-04-11 08:31:31.117','2026-04-11 08:31:31.117'),(16,51,2,'2025-12-17 09:05:23.385','2025-12-17 09:05:23.385'),(16,55,18,'2026-04-11 08:31:31.192','2026-04-11 08:31:31.192'),(16,68,21,'2025-12-17 09:05:23.467','2026-04-11 08:31:31.092'),(16,74,8,'2025-12-17 09:05:23.662','2025-12-17 09:05:23.662'),(16,76,3,'2025-12-17 09:05:23.458','2025-12-17 09:05:23.458'),(16,79,9,'2025-12-17 09:05:23.361','2025-12-17 09:05:23.361'),(16,83,6,'2025-12-17 09:05:23.574','2025-12-17 09:05:23.574'),(16,87,4,'2025-12-17 09:05:23.551','2025-12-17 09:05:23.551'),(16,88,5,'2025-12-17 09:05:23.560','2025-12-17 09:05:23.560'),(16,108,11,'2026-01-04 15:41:22.360','2026-01-04 16:36:44.955'),(16,116,12,'2026-01-04 16:34:09.753','2026-01-04 16:34:09.753'),(16,118,13,'2026-01-05 18:55:04.190','2026-01-05 18:58:17.543'),(16,132,15,'2026-01-11 09:37:14.429','2026-01-15 19:20:26.020'),(16,142,14,'2026-01-11 09:37:14.421','2026-01-15 19:20:26.016'),(16,154,16,'2026-01-14 08:20:49.198','2026-01-14 08:20:49.198'),(16,163,17,'2026-01-14 08:20:49.205','2026-01-15 19:20:26.024'),(16,199,24,'2026-04-11 08:31:31.200','2026-04-11 08:31:31.200'),(16,201,29,'2026-02-27 10:59:20.330','2026-04-11 08:31:31.084'),(16,202,25,'2026-02-27 10:59:20.321','2026-04-11 08:31:31.088'),(16,204,26,'2026-04-11 08:31:31.285','2026-04-11 08:31:31.285'),(16,206,22,'2026-04-11 08:31:31.208','2026-04-11 08:31:31.208'),(16,207,23,'2026-04-11 08:31:31.293','2026-04-11 08:31:31.293'),(16,208,27,'2026-04-11 08:31:31.277','2026-04-11 08:31:31.277'),(16,211,28,'2026-04-11 08:31:31.184','2026-04-11 08:31:31.184'),(16,220,30,'2026-03-24 07:25:08.692','2026-04-11 08:31:31.079'),(16,228,31,'2026-04-13 07:02:36.634','2026-04-19 12:33:29.628'),(17,8,0,'2026-01-04 15:39:49.853','2026-01-04 15:39:49.853'),(17,12,8,'2026-01-04 15:39:50.061','2026-01-04 15:39:50.061'),(17,14,1,'2026-01-04 15:39:49.961','2026-01-04 15:39:49.961'),(17,27,40,'2026-04-11 08:31:33.146','2026-04-11 08:31:33.146'),(17,47,41,'2026-04-11 08:31:33.379','2026-04-11 08:31:33.379'),(17,51,2,'2026-01-04 15:39:50.143','2026-01-04 15:39:50.143'),(17,55,39,'2026-04-11 08:31:33.294','2026-04-11 08:31:33.294'),(17,68,42,'2026-01-04 15:39:49.938','2026-04-11 08:31:33.095'),(17,74,7,'2026-01-04 15:39:50.053','2026-01-04 15:39:50.053'),(17,76,3,'2026-01-04 15:39:50.036','2026-01-04 15:39:50.036'),(17,83,6,'2026-01-04 15:39:50.045','2026-01-04 15:39:50.045'),(17,87,4,'2026-01-04 15:39:49.860','2026-01-04 15:39:49.860'),(17,88,5,'2026-01-04 15:39:49.753','2026-01-04 15:39:49.753'),(17,101,14,'2026-01-04 15:39:49.845','2026-01-04 16:36:45.493'),(17,103,9,'2026-01-04 15:39:49.836','2026-01-04 16:36:45.485'),(17,104,12,'2026-01-04 15:39:50.069','2026-01-04 16:36:45.477'),(17,105,10,'2026-01-04 15:39:50.151','2026-01-04 16:36:45.455'),(17,106,11,'2026-01-04 15:39:50.159','2026-01-04 16:36:45.566'),(17,107,15,'2026-01-04 15:39:49.946','2026-01-04 16:36:45.466'),(17,108,16,'2026-01-04 15:39:49.954','2026-01-04 16:36:45.481'),(17,109,13,'2026-01-04 15:39:50.166','2026-01-04 16:36:45.559'),(17,110,19,'2026-01-04 16:34:10.062','2026-01-07 09:26:05.494'),(17,111,21,'2026-01-04 16:34:10.074','2026-01-07 09:26:05.604'),(17,112,23,'2026-01-04 16:34:10.143','2026-01-07 09:26:05.486'),(17,113,20,'2026-01-04 16:34:10.068','2026-01-07 09:26:05.590'),(17,114,24,'2026-01-04 16:34:10.243','2026-01-07 09:26:05.607'),(17,115,22,'2026-01-04 16:34:10.157','2026-01-07 09:26:05.505'),(17,116,26,'2026-01-04 16:34:10.251','2026-01-07 09:26:05.502'),(17,117,25,'2026-01-04 16:34:10.150','2026-01-07 09:26:05.597'),(17,118,34,'2026-01-05 18:55:05.183','2026-01-07 09:26:05.520'),(17,119,33,'2026-01-05 18:55:05.072','2026-01-07 09:26:05.498'),(17,120,29,'2026-01-05 18:55:05.106','2026-01-07 09:26:05.491'),(17,121,30,'2026-01-05 18:55:05.089','2026-01-07 09:26:05.516'),(17,122,27,'2026-01-05 18:55:05.098','2026-01-07 09:26:05.509'),(17,123,28,'2026-01-05 18:55:05.081','2026-01-07 09:26:05.593'),(17,124,31,'2026-01-05 18:55:05.192','2026-01-07 09:26:05.513'),(17,125,32,'2026-01-05 18:55:05.174','2026-01-07 09:26:05.586'),(17,127,18,'2026-01-07 09:26:05.683','2026-01-07 09:26:05.683'),(17,128,17,'2026-01-07 09:26:05.614','2026-01-07 09:26:05.614'),(17,132,36,'2026-01-11 09:37:14.913','2026-01-15 19:20:28.114'),(17,142,35,'2026-01-11 09:37:14.921','2026-01-15 19:20:28.121'),(17,154,37,'2026-01-14 08:20:50.216','2026-01-14 08:20:50.216'),(17,163,38,'2026-01-14 08:20:50.209','2026-01-15 19:20:28.117'),(17,199,45,'2026-04-11 08:31:33.200','2026-04-11 08:31:33.200'),(17,201,50,'2026-02-27 10:59:21.015','2026-04-11 08:31:33.108'),(17,202,46,'2026-02-27 10:59:20.943','2026-04-11 08:31:33.099'),(17,204,47,'2026-04-11 08:31:33.277','2026-04-11 08:31:33.277'),(17,206,43,'2026-04-11 08:31:33.387','2026-04-11 08:31:33.387'),(17,207,44,'2026-04-11 08:31:33.285','2026-04-11 08:31:33.285'),(17,208,48,'2026-04-11 08:31:33.183','2026-04-11 08:31:33.183'),(17,211,49,'2026-04-11 08:31:33.192','2026-04-11 08:31:33.192'),(17,220,51,'2026-03-24 07:25:09.214','2026-04-11 08:31:33.104'),(17,228,52,'2026-04-13 07:02:37.229','2026-04-19 12:33:30.223'),(18,8,0,'2026-01-11 09:37:15.619','2026-01-11 09:37:15.619'),(18,12,8,'2026-01-11 09:37:15.626','2026-01-11 09:37:15.626'),(18,14,1,'2026-01-11 09:37:15.537','2026-01-11 09:37:15.537'),(18,27,33,'2026-04-11 08:31:34.600','2026-04-11 08:31:34.600'),(18,47,34,'2026-04-11 08:31:34.492','2026-04-11 08:31:34.492'),(18,51,2,'2026-01-11 09:37:15.218','2026-01-11 09:37:15.218'),(18,55,32,'2026-04-11 08:31:34.583','2026-04-11 08:31:34.583'),(18,68,35,'2026-01-11 09:37:15.334','2026-04-11 08:31:34.394'),(18,74,7,'2026-01-11 09:37:15.126','2026-01-11 09:37:15.126'),(18,76,3,'2026-01-11 09:37:15.118','2026-01-11 09:37:15.118'),(18,83,6,'2026-01-11 09:37:15.508','2026-01-11 09:37:15.508'),(18,87,4,'2026-01-11 09:37:15.322','2026-01-11 09:37:15.322'),(18,88,5,'2026-01-11 09:37:15.306','2026-01-11 09:37:15.306'),(18,108,9,'2026-01-11 09:37:15.328','2026-01-11 09:37:15.328'),(18,116,10,'2026-01-11 09:37:15.226','2026-01-11 09:37:15.226'),(18,118,11,'2026-01-11 09:37:15.516','2026-01-11 09:37:15.516'),(18,130,21,'2026-01-11 09:37:15.110','2026-01-15 19:20:28.542'),(18,131,16,'2026-01-11 09:37:15.210','2026-01-15 19:20:28.500'),(18,132,29,'2026-01-11 09:37:15.233','2026-01-14 08:20:50.494'),(18,133,13,'2026-01-11 09:37:15.523','2026-01-15 19:20:28.407'),(18,134,20,'2026-01-11 09:37:15.028','2026-01-15 19:20:28.522'),(18,135,28,'2026-01-11 09:37:15.612','2026-01-15 19:20:28.430'),(18,136,15,'2026-01-11 09:37:15.713','2026-01-15 19:20:28.426'),(18,137,22,'2026-01-11 09:37:15.633','2026-01-15 19:20:28.418'),(18,138,23,'2026-01-11 09:37:15.417','2026-01-15 19:20:28.527'),(18,139,14,'2026-01-11 09:37:15.425','2026-01-15 19:20:28.434'),(18,140,17,'2026-01-11 09:37:15.443','2026-01-15 19:20:28.411'),(18,141,18,'2026-01-11 09:37:15.530','2026-01-15 19:20:28.600'),(18,142,19,'2026-01-11 09:37:15.020','2026-01-15 19:20:28.505'),(18,143,12,'2026-01-11 09:37:15.410','2026-01-15 19:20:28.530'),(18,144,26,'2026-01-11 09:37:15.314','2026-01-15 19:20:28.509'),(18,145,24,'2026-01-11 09:37:15.706','2026-01-15 19:20:28.514'),(18,146,27,'2026-01-11 09:37:15.435','2026-01-15 19:20:28.414'),(18,147,25,'2026-01-11 09:37:15.035','2026-01-15 19:20:28.534'),(18,154,30,'2026-01-14 08:20:50.513','2026-01-15 19:20:28.518'),(18,163,31,'2026-01-14 08:20:50.505','2026-01-15 19:20:28.538'),(18,199,38,'2026-04-11 08:31:34.592','2026-04-11 08:31:34.592'),(18,201,43,'2026-02-27 10:59:21.329','2026-04-11 08:31:34.406'),(18,202,39,'2026-02-27 10:59:21.321','2026-04-11 08:31:34.402'),(18,204,40,'2026-04-11 08:31:34.484','2026-04-11 08:31:34.484'),(18,206,36,'2026-04-11 08:31:34.608','2026-04-11 08:31:34.608'),(18,207,37,'2026-04-11 08:31:34.500','2026-04-11 08:31:34.500'),(18,208,41,'2026-04-11 08:31:34.679','2026-04-11 08:31:34.679'),(18,211,42,'2026-04-11 08:31:34.687','2026-04-11 08:31:34.687'),(18,220,44,'2026-03-24 07:25:09.615','2026-04-11 08:31:34.398'),(18,228,45,'2026-04-13 07:02:37.937','2026-04-19 12:33:30.840'),(19,8,0,'2026-01-14 08:20:50.787','2026-01-14 08:20:50.787'),(19,12,8,'2026-01-14 08:20:51.187','2026-01-14 08:20:51.187'),(19,14,1,'2026-01-14 08:20:51.404','2026-01-14 08:20:51.404'),(19,27,33,'2026-04-11 08:31:36.411','2026-04-11 08:31:36.411'),(19,47,34,'2026-04-11 08:31:36.495','2026-04-11 08:31:36.495'),(19,51,2,'2026-01-14 08:20:50.794','2026-01-14 08:20:50.794'),(19,55,32,'2026-04-11 08:31:36.403','2026-04-11 08:31:36.403'),(19,68,35,'2026-01-14 08:20:51.485','2026-04-11 08:31:36.215'),(19,74,7,'2026-01-14 08:20:50.603','2026-01-14 08:20:50.603'),(19,76,3,'2026-01-14 08:20:50.997','2026-01-14 08:20:50.997'),(19,83,6,'2026-01-14 08:20:51.307','2026-01-14 08:20:51.307'),(19,87,4,'2026-01-14 08:20:51.300','2026-01-14 08:20:51.300'),(19,88,5,'2026-01-14 08:20:51.500','2026-01-14 08:20:51.500'),(19,108,9,'2026-01-14 08:20:50.610','2026-01-14 08:20:50.610'),(19,116,10,'2026-01-14 08:20:51.507','2026-01-14 08:20:51.507'),(19,118,11,'2026-01-14 08:20:51.391','2026-01-14 08:20:51.391'),(19,132,13,'2026-01-14 08:20:51.492','2026-01-15 19:20:28.915'),(19,142,12,'2026-01-14 08:20:50.991','2026-01-15 19:20:28.839'),(19,148,29,'2026-01-14 08:20:51.587','2026-01-15 19:20:29.025'),(19,149,19,'2026-01-14 08:20:50.720','2026-01-15 19:20:28.923'),(19,150,17,'2026-01-14 08:20:50.810','2026-01-15 19:20:29.009'),(19,151,28,'2026-01-14 08:20:50.887','2026-01-15 19:20:28.911'),(19,152,22,'2026-01-14 08:20:51.285','2026-01-15 19:20:29.017'),(19,153,24,'2026-01-14 08:20:51.195','2026-01-15 19:20:28.903'),(19,154,21,'2026-01-14 08:20:50.903','2026-01-15 19:20:28.936'),(19,155,16,'2026-01-14 08:20:50.802','2026-01-15 19:20:28.919'),(19,156,15,'2026-01-14 08:20:50.696','2026-01-15 19:20:29.029'),(19,157,26,'2026-01-14 08:20:50.705','2026-01-15 19:20:28.928'),(19,158,20,'2026-01-14 08:20:50.895','2026-01-15 19:20:29.021'),(19,159,14,'2026-01-14 08:20:51.201','2026-01-14 08:20:51.201'),(19,160,18,'2026-01-14 08:20:51.513','2026-01-15 19:20:29.000'),(19,161,30,'2026-01-14 08:20:50.617','2026-01-15 19:20:28.932'),(19,162,23,'2026-01-14 08:20:51.293','2026-01-15 19:20:28.843'),(19,163,31,'2026-01-14 08:20:51.397','2026-01-15 19:20:29.005'),(19,164,25,'2026-01-14 08:20:50.624','2026-01-15 19:20:28.907'),(19,165,27,'2026-01-14 08:20:50.712','2026-01-15 19:20:28.835'),(19,199,38,'2026-04-11 08:31:36.583','2026-04-11 08:31:36.583'),(19,201,43,'2026-02-27 10:59:21.735','2026-04-11 08:31:36.386'),(19,202,39,'2026-02-27 10:59:21.727','2026-04-11 08:31:36.382'),(19,204,40,'2026-04-11 08:31:36.503','2026-04-11 08:31:36.503'),(19,206,36,'2026-04-11 08:31:36.394','2026-04-11 08:31:36.394'),(19,207,37,'2026-04-11 08:31:36.479','2026-04-11 08:31:36.479'),(19,208,41,'2026-04-11 08:31:36.592','2026-04-11 08:31:36.592'),(19,211,42,'2026-04-11 08:31:36.487','2026-04-11 08:31:36.487'),(19,220,44,'2026-03-24 07:25:09.994','2026-04-11 08:31:36.377'),(19,228,45,'2026-04-13 07:02:38.337','2026-04-19 12:33:31.225'),(20,8,0,'2026-02-02 09:11:12.772','2026-02-02 09:11:12.772'),(20,12,8,'2026-02-02 09:11:12.749','2026-02-02 09:11:12.749'),(20,14,1,'2026-02-02 09:11:12.664','2026-02-02 09:11:12.664'),(20,27,35,'2026-04-11 08:31:33.791','2026-04-11 08:31:33.791'),(20,47,36,'2026-04-11 08:31:33.799','2026-04-11 08:31:33.799'),(20,51,2,'2026-02-02 09:11:12.873','2026-02-02 09:11:12.873'),(20,55,34,'2026-04-11 08:31:33.689','2026-04-11 08:31:33.689'),(20,68,37,'2026-02-02 09:11:12.864','2026-04-11 08:31:33.548'),(20,74,7,'2026-02-02 09:11:12.688','2026-02-02 09:11:12.688'),(20,76,3,'2026-02-02 09:11:12.672','2026-02-02 09:11:12.672'),(20,83,6,'2026-02-02 09:11:12.466','2026-02-02 09:11:12.466'),(20,87,4,'2026-02-02 09:11:12.969','2026-02-02 09:11:12.969'),(20,88,5,'2026-02-02 09:11:12.680','2026-02-02 09:11:12.680'),(20,101,14,'2026-02-02 09:11:13.077','2026-02-02 09:11:13.077'),(20,103,9,'2026-02-02 09:11:13.070','2026-02-02 09:11:13.070'),(20,104,12,'2026-02-02 09:11:12.484','2026-02-02 09:11:12.484'),(20,105,10,'2026-02-02 09:11:12.756','2026-02-02 09:11:12.756'),(20,106,11,'2026-02-02 09:11:12.583','2026-02-02 09:11:12.583'),(20,108,15,'2026-02-02 09:11:12.976','2026-02-02 09:11:12.976'),(20,109,13,'2026-02-02 09:11:13.157','2026-02-02 09:11:13.157'),(20,110,16,'2026-02-02 09:11:12.983','2026-02-02 09:11:12.983'),(20,111,18,'2026-02-02 09:11:12.551','2026-02-02 09:11:12.551'),(20,112,20,'2026-02-02 09:11:12.559','2026-02-02 09:11:12.559'),(20,113,17,'2026-02-02 09:11:12.955','2026-02-02 09:11:12.955'),(20,114,21,'2026-02-02 09:11:13.055','2026-02-02 09:11:13.055'),(20,115,19,'2026-02-02 09:11:12.849','2026-02-02 09:11:12.849'),(20,116,22,'2026-02-02 09:11:13.083','2026-02-02 09:11:13.083'),(20,118,29,'2026-02-02 09:11:13.149','2026-02-02 09:11:13.149'),(20,120,25,'2026-02-02 09:11:12.962','2026-02-02 09:11:12.962'),(20,121,26,'2026-02-02 09:11:12.856','2026-02-02 09:11:12.856'),(20,122,23,'2026-02-02 09:11:13.165','2026-02-02 09:11:13.165'),(20,123,24,'2026-02-02 09:11:12.656','2026-02-02 09:11:12.656'),(20,124,27,'2026-02-02 09:11:12.764','2026-02-02 09:11:12.764'),(20,125,28,'2026-02-02 09:11:13.173','2026-02-02 09:11:13.173'),(20,132,31,'2026-02-02 09:11:12.567','2026-02-02 09:11:12.567'),(20,142,30,'2026-02-02 09:11:13.251','2026-02-02 09:11:13.251'),(20,154,32,'2026-02-02 09:11:12.575','2026-02-02 09:11:12.575'),(20,163,33,'2026-02-02 09:11:13.062','2026-02-02 09:11:13.062'),(20,199,40,'2026-04-11 08:31:33.782','2026-04-11 08:31:33.782'),(20,201,45,'2026-02-27 10:59:21.043','2026-04-11 08:31:33.496'),(20,202,41,'2026-02-27 10:59:21.051','2026-04-11 08:31:33.579'),(20,204,42,'2026-04-11 08:31:33.681','2026-04-11 08:31:33.681'),(20,206,38,'2026-04-11 08:31:33.698','2026-04-11 08:31:33.698'),(20,207,39,'2026-04-11 08:31:33.706','2026-04-11 08:31:33.706'),(20,208,43,'2026-04-11 08:31:33.596','2026-04-11 08:31:33.596'),(20,211,44,'2026-04-11 08:31:33.877','2026-04-11 08:31:33.877'),(20,220,46,'2026-03-24 07:25:09.321','2026-04-11 08:31:33.492'),(20,228,47,'2026-04-13 07:02:37.354','2026-04-19 12:33:30.533'),(21,8,0,'2026-02-02 09:11:14.757','2026-02-02 09:11:14.757'),(21,12,8,'2026-02-02 09:11:14.170','2026-02-02 09:11:14.170'),(21,14,1,'2026-02-02 09:11:14.572','2026-02-02 09:11:14.572'),(21,27,26,'2026-04-11 08:31:34.179','2026-04-11 08:31:34.179'),(21,47,27,'2026-04-11 08:31:34.100','2026-04-11 08:31:34.100'),(21,51,2,'2026-02-02 09:11:14.370','2026-02-02 09:11:14.370'),(21,55,25,'2026-04-11 08:31:34.195','2026-04-11 08:31:34.195'),(21,68,28,'2026-02-02 09:11:14.362','2026-04-11 08:31:34.003'),(21,74,7,'2026-02-02 09:11:14.162','2026-02-02 09:11:14.162'),(21,76,3,'2026-02-02 09:11:14.376','2026-02-02 09:11:14.376'),(21,83,6,'2026-02-02 09:11:14.456','2026-02-02 09:11:14.456'),(21,87,4,'2026-02-02 09:11:14.384','2026-02-02 09:11:14.384'),(21,88,5,'2026-02-02 09:11:14.267','2026-02-02 09:11:14.267'),(21,103,9,'2026-02-02 09:11:14.465','2026-02-02 09:11:14.465'),(21,105,10,'2026-02-02 09:11:14.473','2026-02-02 09:11:14.473'),(21,106,11,'2026-02-02 09:11:14.276','2026-02-02 09:11:14.276'),(21,108,12,'2026-02-02 09:11:14.581','2026-02-02 09:11:14.581'),(21,110,13,'2026-02-02 09:11:14.651','2026-02-02 09:11:14.651'),(21,111,15,'2026-02-02 09:11:14.556','2026-02-02 09:11:14.556'),(21,113,14,'2026-02-02 09:11:14.659','2026-02-02 09:11:14.659'),(21,116,16,'2026-02-02 09:11:14.177','2026-02-02 09:11:14.177'),(21,118,20,'2026-02-02 09:11:14.251','2026-02-02 09:11:14.251'),(21,120,19,'2026-02-02 09:11:14.355','2026-02-02 09:11:14.355'),(21,122,17,'2026-02-02 09:11:14.667','2026-02-02 09:11:14.667'),(21,123,18,'2026-02-02 09:11:14.284','2026-02-02 09:11:14.284'),(21,132,22,'2026-02-02 09:11:14.565','2026-02-02 09:11:14.565'),(21,142,21,'2026-02-02 09:11:14.675','2026-02-02 09:11:14.675'),(21,154,23,'2026-02-02 09:11:14.259','2026-02-02 09:11:14.259'),(21,163,24,'2026-02-02 09:11:14.749','2026-02-02 09:11:14.749'),(21,199,31,'2026-04-11 08:31:34.204','2026-04-11 08:31:34.204'),(21,201,36,'2026-02-27 10:59:21.219','2026-04-11 08:31:33.998'),(21,202,32,'2026-02-27 10:59:21.138','2026-04-11 08:31:34.008'),(21,204,33,'2026-04-11 08:31:34.288','2026-04-11 08:31:34.288'),(21,206,29,'2026-04-11 08:31:34.084','2026-04-11 08:31:34.084'),(21,207,30,'2026-04-11 08:31:34.187','2026-04-11 08:31:34.187'),(21,208,34,'2026-04-11 08:31:34.279','2026-04-11 08:31:34.279'),(21,211,35,'2026-04-11 08:31:34.108','2026-04-11 08:31:34.108'),(21,220,37,'2026-03-24 07:25:09.501','2026-04-11 08:31:33.992'),(21,228,38,'2026-04-13 07:02:37.829','2026-04-19 12:33:30.641'),(22,8,0,'2026-02-02 09:29:34.989','2026-02-02 09:29:34.989'),(22,12,8,'2026-02-02 09:29:35.009','2026-02-02 09:29:35.009'),(22,14,1,'2026-02-02 09:29:35.280','2026-02-02 09:29:35.280'),(22,27,29,'2026-04-11 08:31:35.289','2026-04-11 08:31:35.289'),(22,47,30,'2026-04-11 08:31:35.103','2026-04-11 08:31:35.103'),(22,51,2,'2026-02-02 09:29:35.184','2026-02-02 09:29:35.184'),(22,55,28,'2026-04-11 08:31:35.111','2026-04-11 08:31:35.111'),(22,68,31,'2026-02-02 09:29:35.385','2026-04-11 08:31:34.906'),(22,74,7,'2026-02-02 09:29:34.890','2026-02-02 09:29:34.890'),(22,76,3,'2026-02-02 09:29:34.996','2026-02-02 09:29:34.996'),(22,83,6,'2026-02-02 09:29:35.003','2026-02-02 09:29:35.003'),(22,87,4,'2026-02-02 09:29:35.191','2026-02-02 09:29:35.191'),(22,88,5,'2026-02-02 09:29:35.406','2026-02-02 09:29:35.406'),(22,108,9,'2026-02-02 09:29:35.512','2026-02-02 09:29:35.512'),(22,116,10,'2026-02-02 09:29:35.422','2026-02-02 09:29:35.422'),(22,118,11,'2026-02-02 09:29:35.080','2026-02-02 09:29:35.080'),(22,131,16,'2026-02-02 09:29:35.176','2026-02-02 09:29:35.176'),(22,132,25,'2026-02-02 09:29:35.504','2026-02-02 09:29:35.504'),(22,133,13,'2026-02-02 09:29:35.096','2026-02-02 09:29:35.096'),(22,136,15,'2026-02-02 09:29:35.482','2026-02-02 09:29:35.482'),(22,137,19,'2026-02-02 09:29:35.392','2026-02-02 09:29:35.392'),(22,138,20,'2026-02-02 09:29:35.399','2026-02-02 09:29:35.399'),(22,139,14,'2026-02-02 09:29:35.520','2026-02-02 09:29:35.520'),(22,140,17,'2026-02-02 09:29:34.898','2026-02-02 09:29:34.898'),(22,142,18,'2026-02-02 09:29:34.982','2026-02-02 09:29:34.982'),(22,143,12,'2026-02-02 09:29:35.088','2026-02-02 09:29:35.088'),(22,144,23,'2026-02-02 09:29:35.288','2026-02-02 09:29:35.288'),(22,145,21,'2026-02-02 09:29:35.199','2026-02-02 09:29:35.199'),(22,146,24,'2026-02-02 09:29:35.206','2026-02-02 09:29:35.206'),(22,147,22,'2026-02-02 09:29:35.414','2026-02-02 09:29:35.414'),(22,154,26,'2026-02-02 09:29:35.298','2026-02-02 09:29:35.298'),(22,163,27,'2026-02-02 09:29:35.378','2026-02-02 09:29:35.378'),(22,199,34,'2026-04-11 08:31:34.984','2026-04-11 08:31:34.984'),(22,201,39,'2026-02-27 10:59:21.438','2026-04-11 08:31:34.910'),(22,202,35,'2026-02-27 10:59:21.445','2026-04-11 08:31:34.914'),(22,204,36,'2026-04-11 08:31:35.095','2026-04-11 08:31:35.095'),(22,206,32,'2026-04-11 08:31:35.087','2026-04-11 08:31:35.087'),(22,207,33,'2026-04-11 08:31:35.013','2026-04-11 08:31:35.013'),(22,208,37,'2026-04-11 08:31:35.004','2026-04-11 08:31:35.004'),(22,211,38,'2026-04-11 08:31:35.281','2026-04-11 08:31:35.281'),(22,220,40,'2026-03-24 07:25:09.712','2026-04-11 08:31:34.901'),(22,228,41,'2026-04-13 07:02:38.124','2026-04-19 12:33:30.941'),(23,8,0,'2026-02-02 09:29:36.594','2026-02-02 09:29:36.594'),(23,12,8,'2026-02-02 09:29:36.882','2026-02-02 09:29:36.882'),(23,14,1,'2026-02-02 09:29:36.704','2026-02-02 09:29:36.704'),(23,27,23,'2026-04-11 08:31:35.993','2026-04-11 08:31:35.993'),(23,47,24,'2026-04-11 08:31:36.001','2026-04-11 08:31:36.001'),(23,51,2,'2026-02-02 09:29:36.816','2026-02-02 09:29:36.816'),(23,55,22,'2026-04-11 08:31:36.102','2026-04-11 08:31:36.102'),(23,68,25,'2026-02-02 09:29:36.980','2026-04-11 08:31:35.806'),(23,74,7,'2026-02-02 09:29:37.078','2026-02-02 09:29:37.078'),(23,76,3,'2026-02-02 09:29:36.987','2026-02-02 09:29:36.987'),(23,83,6,'2026-02-02 09:29:36.787','2026-02-02 09:29:36.787'),(23,87,4,'2026-02-02 09:29:36.683','2026-02-02 09:29:36.683'),(23,88,5,'2026-02-02 09:29:36.778','2026-02-02 09:29:36.778'),(23,108,9,'2026-02-02 09:29:36.690','2026-02-02 09:29:36.690'),(23,116,10,'2026-02-02 09:29:36.891','2026-02-02 09:29:36.891'),(23,118,11,'2026-02-02 09:29:36.697','2026-02-02 09:29:36.697'),(23,132,19,'2026-02-02 09:29:36.904','2026-02-02 09:29:36.904'),(23,133,13,'2026-02-02 09:29:36.278','2026-02-02 09:29:36.278'),(23,137,16,'2026-02-02 09:29:36.809','2026-02-02 09:29:36.809'),(23,138,17,'2026-02-02 09:29:36.482','2026-02-02 09:29:36.482'),(23,139,14,'2026-02-02 09:29:36.898','2026-02-02 09:29:36.898'),(23,142,15,'2026-02-02 09:29:36.801','2026-02-02 09:29:36.801'),(23,143,12,'2026-02-02 09:29:36.794','2026-02-02 09:29:36.794'),(23,145,18,'2026-02-02 09:29:36.580','2026-02-02 09:29:36.580'),(23,154,20,'2026-02-02 09:29:36.911','2026-02-02 09:29:36.911'),(23,163,21,'2026-02-02 09:29:36.587','2026-02-02 09:29:36.587'),(23,199,28,'2026-04-11 08:31:35.900','2026-04-11 08:31:35.900'),(23,201,33,'2026-02-27 10:59:21.623','2026-04-11 08:31:35.801'),(23,202,29,'2026-02-27 10:59:21.616','2026-04-11 08:31:35.793'),(23,204,30,'2026-04-11 08:31:36.085','2026-04-11 08:31:36.085'),(23,206,26,'2026-04-11 08:31:36.077','2026-04-11 08:31:36.077'),(23,207,27,'2026-04-11 08:31:35.884','2026-04-11 08:31:35.884'),(23,208,31,'2026-04-11 08:31:35.984','2026-04-11 08:31:35.984'),(23,211,32,'2026-04-11 08:31:35.892','2026-04-11 08:31:35.892'),(23,220,34,'2026-03-24 07:25:09.803','2026-04-11 08:31:35.797'),(23,228,35,'2026-04-13 07:02:38.231','2026-04-19 12:33:31.123'),(24,8,0,'2026-02-02 09:32:26.589','2026-02-02 09:32:26.589'),(24,12,8,'2026-02-02 09:32:26.575','2026-02-02 09:32:26.575'),(24,14,1,'2026-02-02 09:32:26.563','2026-02-02 09:32:26.563'),(24,27,29,'2026-04-11 08:31:37.002','2026-04-11 08:31:37.002'),(24,47,30,'2026-04-11 08:31:36.995','2026-04-11 08:31:36.995'),(24,51,2,'2026-02-02 09:32:26.889','2026-02-02 09:32:26.889'),(24,55,28,'2026-04-11 08:31:36.892','2026-04-11 08:31:36.892'),(24,68,31,'2026-02-02 09:32:26.774','2026-04-11 08:31:36.806'),(24,74,7,'2026-02-02 09:32:26.672','2026-02-02 09:32:26.672'),(24,76,3,'2026-02-02 09:32:26.465','2026-02-02 09:32:26.465'),(24,83,6,'2026-02-02 09:32:26.312','2026-02-02 09:32:26.312'),(24,87,4,'2026-02-02 09:32:26.569','2026-02-02 09:32:26.569'),(24,88,5,'2026-02-02 09:32:26.663','2026-02-02 09:32:26.663'),(24,108,9,'2026-02-02 09:32:26.780','2026-02-02 09:32:26.780'),(24,116,10,'2026-02-02 09:32:26.471','2026-02-02 09:32:26.471'),(24,118,11,'2026-02-02 09:32:26.787','2026-02-02 09:32:26.787'),(24,132,13,'2026-02-02 09:32:26.795','2026-02-02 09:32:26.795'),(24,142,12,'2026-02-02 09:32:26.582','2026-02-02 09:32:26.582'),(24,148,26,'2026-02-02 09:32:26.388','2026-02-02 09:32:26.388'),(24,149,19,'2026-02-02 09:32:26.381','2026-02-02 09:32:26.381'),(24,150,17,'2026-02-02 09:32:26.679','2026-02-02 09:32:26.679'),(24,151,25,'2026-02-02 09:32:26.883','2026-02-02 09:32:26.883'),(24,153,21,'2026-02-02 09:32:26.686','2026-02-02 09:32:26.686'),(24,154,20,'2026-02-02 09:32:26.877','2026-02-02 09:32:26.877'),(24,155,16,'2026-02-02 09:32:26.556','2026-02-02 09:32:26.556'),(24,156,15,'2026-02-02 09:32:26.374','2026-02-02 09:32:26.374'),(24,157,23,'2026-02-02 09:32:26.808','2026-02-02 09:32:26.808'),(24,159,14,'2026-02-02 09:32:26.478','2026-02-02 09:32:26.478'),(24,160,18,'2026-02-02 09:32:26.801','2026-02-02 09:32:26.801'),(24,163,27,'2026-02-02 09:32:26.458','2026-02-02 09:32:26.458'),(24,164,22,'2026-02-02 09:32:26.754','2026-02-02 09:32:26.754'),(24,165,24,'2026-02-02 09:32:26.656','2026-02-02 09:32:26.656'),(24,199,34,'2026-04-11 08:31:36.884','2026-04-11 08:31:36.884'),(24,201,39,'2026-02-27 10:59:22.113','2026-04-11 08:31:36.794'),(24,202,35,'2026-02-27 10:59:21.838','2026-04-11 08:31:36.803'),(24,204,36,'2026-04-11 08:31:36.900','2026-04-11 08:31:36.900'),(24,206,32,'2026-04-11 08:31:36.814','2026-04-11 08:31:36.814'),(24,207,33,'2026-04-11 08:31:36.979','2026-04-11 08:31:36.979'),(24,208,37,'2026-04-11 08:31:37.079','2026-04-11 08:31:37.079'),(24,211,38,'2026-04-11 08:31:36.908','2026-04-11 08:31:36.908'),(24,220,40,'2026-03-24 07:25:10.099','2026-04-11 08:31:36.799'),(24,228,41,'2026-04-13 07:02:38.483','2026-04-19 12:33:31.434'),(25,8,0,'2026-02-02 09:32:28.093','2026-02-02 09:32:28.093'),(25,12,8,'2026-02-02 09:32:28.270','2026-02-02 09:32:28.270'),(25,14,1,'2026-02-02 09:32:28.172','2026-02-02 09:32:28.172'),(25,27,23,'2026-04-11 08:31:37.488','2026-04-11 08:31:37.488'),(25,47,24,'2026-04-11 08:31:37.405','2026-04-11 08:31:37.405'),(25,51,2,'2026-02-02 09:32:27.984','2026-02-02 09:32:27.984'),(25,55,22,'2026-04-11 08:31:37.397','2026-04-11 08:31:37.397'),(25,68,25,'2026-02-02 09:32:28.398','2026-04-11 08:31:37.293'),(25,74,7,'2026-02-02 09:32:28.204','2026-02-02 09:32:28.204'),(25,76,3,'2026-02-02 09:32:28.191','2026-02-02 09:32:28.191'),(25,83,6,'2026-02-02 09:32:28.356','2026-02-02 09:32:28.356'),(25,87,4,'2026-02-02 09:32:27.990','2026-02-02 09:32:27.990'),(25,88,5,'2026-02-02 09:32:28.197','2026-02-02 09:32:28.197'),(25,108,9,'2026-02-02 09:32:28.277','2026-02-02 09:32:28.277'),(25,116,10,'2026-02-02 09:32:27.996','2026-02-02 09:32:27.996'),(25,118,11,'2026-02-02 09:32:28.284','2026-02-02 09:32:28.284'),(25,132,13,'2026-02-02 09:32:28.291','2026-02-02 09:32:28.291'),(25,142,12,'2026-02-02 09:32:28.073','2026-02-02 09:32:28.073'),(25,153,18,'2026-02-02 09:32:28.086','2026-02-02 09:32:28.086'),(25,154,17,'2026-02-02 09:32:28.185','2026-02-02 09:32:28.185'),(25,155,16,'2026-02-02 09:32:28.298','2026-02-02 09:32:28.298'),(25,156,15,'2026-02-02 09:32:28.179','2026-02-02 09:32:28.179'),(25,157,20,'2026-02-02 09:32:28.384','2026-02-02 09:32:28.384'),(25,159,14,'2026-02-02 09:32:28.079','2026-02-02 09:32:28.079'),(25,163,21,'2026-02-02 09:32:28.391','2026-02-02 09:32:28.391'),(25,164,19,'2026-02-02 09:32:28.377','2026-02-02 09:32:28.377'),(25,199,28,'2026-04-11 08:31:37.379','2026-04-11 08:31:37.379'),(25,201,33,'2026-02-27 10:59:22.418','2026-04-11 08:31:37.297'),(25,202,29,'2026-02-27 10:59:22.331','2026-04-11 08:31:37.288'),(25,204,30,'2026-04-11 08:31:37.479','2026-04-11 08:31:37.479'),(25,206,26,'2026-04-11 08:31:37.305','2026-04-11 08:31:37.305'),(25,207,27,'2026-04-11 08:31:37.583','2026-04-11 08:31:37.583'),(25,208,31,'2026-04-11 08:31:37.496','2026-04-11 08:31:37.496'),(25,211,32,'2026-04-11 08:31:37.504','2026-04-11 08:31:37.504'),(25,220,34,'2026-03-24 07:25:10.194','2026-04-11 08:31:37.284'),(25,228,35,'2026-04-13 07:02:38.622','2026-04-19 12:33:31.628'),(26,8,0,'2026-02-02 09:56:21.142','2026-02-02 09:56:21.142'),(26,11,10,'2026-02-02 09:56:21.339','2026-02-02 09:56:21.339'),(26,12,14,'2026-02-02 09:56:20.334','2026-02-02 09:56:20.334'),(26,14,1,'2026-02-02 09:56:21.331','2026-02-02 09:56:21.331'),(26,27,51,'2026-04-11 08:31:32.014','2026-04-11 08:31:32.014'),(26,38,8,'2026-02-02 09:56:20.846','2026-02-02 09:56:20.846'),(26,46,12,'2026-02-02 09:56:20.455','2026-02-02 09:56:20.455'),(26,47,52,'2026-04-11 08:31:32.195','2026-04-11 08:31:32.195'),(26,51,2,'2026-02-02 09:56:20.255','2026-02-02 09:56:20.255'),(26,55,50,'2026-04-11 08:31:31.986','2026-04-11 08:31:31.986'),(26,62,9,'2026-02-02 09:56:20.852','2026-02-02 09:56:20.852'),(26,68,53,'2026-02-02 09:56:20.627','2026-04-11 08:31:31.903'),(26,74,7,'2026-02-02 09:56:21.029','2026-02-02 09:56:21.029'),(26,76,3,'2026-02-02 09:56:20.838','2026-02-02 09:56:20.838'),(26,83,6,'2026-02-02 09:56:20.653','2026-02-02 09:56:20.653'),(26,86,11,'2026-02-02 09:56:20.738','2026-02-02 09:56:20.738'),(26,87,4,'2026-02-02 09:56:20.638','2026-02-02 09:56:20.638'),(26,88,5,'2026-02-02 09:56:20.445','2026-02-02 09:56:20.445'),(26,94,13,'2026-02-02 09:56:21.151','2026-02-02 09:56:21.151'),(26,108,15,'2026-02-02 09:56:21.440','2026-02-02 09:56:21.440'),(26,116,16,'2026-02-02 09:56:20.929','2026-02-02 09:56:20.929'),(26,118,17,'2026-02-02 09:56:21.158','2026-02-02 09:56:21.158'),(26,132,19,'2026-02-02 09:56:21.347','2026-02-02 09:56:21.347'),(26,142,18,'2026-02-02 09:56:21.230','2026-02-02 09:56:21.230'),(26,154,20,'2026-02-02 09:56:20.463','2026-02-02 09:56:20.463'),(26,163,21,'2026-02-02 09:56:21.448','2026-02-02 09:56:21.448'),(26,166,26,'2026-02-02 09:56:20.533','2026-02-02 09:56:20.533'),(26,167,34,'2026-02-02 09:56:20.544','2026-02-02 09:56:20.544'),(26,168,29,'2026-02-02 09:56:21.045','2026-02-02 09:56:21.045'),(26,169,22,'2026-02-02 09:56:20.342','2026-02-02 09:56:20.342'),(26,170,28,'2026-02-02 09:56:21.237','2026-02-02 09:56:21.237'),(26,171,32,'2026-02-02 09:56:21.354','2026-02-02 09:56:21.354'),(26,172,30,'2026-02-02 09:56:20.937','2026-02-02 09:56:20.937'),(26,174,27,'2026-02-02 09:56:20.430','2026-02-02 09:56:20.430'),(26,175,23,'2026-02-02 09:56:21.037','2026-02-02 09:56:21.037'),(26,176,24,'2026-02-02 09:56:20.350','2026-02-02 09:56:20.350'),(26,177,35,'2026-02-02 09:56:20.438','2026-02-02 09:56:20.438'),(26,178,31,'2026-02-02 09:56:21.052','2026-02-02 09:56:21.052'),(26,179,33,'2026-02-02 09:56:20.754','2026-02-02 09:56:20.754'),(26,181,25,'2026-02-02 09:56:20.745','2026-02-02 09:56:20.745'),(26,182,48,'2026-02-02 09:56:21.135','2026-02-02 09:56:21.135'),(26,183,37,'2026-02-02 09:56:21.127','2026-02-02 09:56:21.127'),(26,184,36,'2026-02-02 09:56:20.945','2026-02-02 09:56:20.945'),(26,185,39,'2026-02-02 09:56:21.246','2026-02-02 09:56:21.246'),(26,186,41,'2026-02-02 09:56:20.952','2026-02-02 09:56:20.952'),(26,187,47,'2026-02-02 09:56:20.830','2026-02-02 09:56:20.830'),(26,188,45,'2026-02-02 09:56:20.768','2026-02-02 09:56:20.768'),(26,191,49,'2026-02-02 09:56:20.562','2026-02-02 09:56:20.562'),(26,192,40,'2026-02-02 09:56:20.554','2026-02-02 09:56:20.554'),(26,193,43,'2026-02-02 09:56:21.455','2026-02-02 09:56:21.455'),(26,194,38,'2026-02-02 09:56:20.761','2026-02-02 09:56:20.761'),(26,195,46,'2026-02-02 09:56:21.431','2026-02-02 09:56:21.431'),(26,196,44,'2026-02-02 09:56:21.462','2026-02-02 09:56:21.462'),(26,197,42,'2026-02-02 09:56:20.959','2026-02-02 09:56:20.959'),(26,199,56,'2026-04-11 08:31:32.187','2026-04-11 08:31:32.187'),(26,201,61,'2026-02-27 10:59:20.717','2026-04-11 08:31:31.908'),(26,202,57,'2026-02-27 10:59:20.652','2026-04-11 08:31:31.913'),(26,204,58,'2026-04-11 08:31:32.083','2026-04-11 08:31:32.083'),(26,206,54,'2026-04-11 08:31:32.006','2026-04-11 08:31:32.006'),(26,207,55,'2026-04-11 08:31:32.099','2026-04-11 08:31:32.099'),(26,208,59,'2026-04-11 08:31:32.179','2026-04-11 08:31:32.179'),(26,211,60,'2026-04-11 08:31:31.994','2026-04-11 08:31:31.994'),(26,220,62,'2026-03-24 07:25:08.948','2026-04-11 08:31:31.899'),(26,228,63,'2026-04-13 07:02:36.936','2026-04-19 12:33:29.871'),(27,8,0,'2026-02-02 09:56:22.080','2026-02-02 09:56:22.080'),(27,11,10,'2026-02-02 09:56:22.565','2026-02-02 09:56:22.565'),(27,12,11,'2026-02-02 09:56:22.333','2026-02-02 09:56:22.333'),(27,14,1,'2026-02-02 09:56:22.034','2026-02-02 09:56:22.034'),(27,27,36,'2026-04-11 08:31:32.789','2026-04-11 08:31:32.789'),(27,38,8,'2026-02-02 09:56:22.042','2026-02-02 09:56:22.042'),(27,47,37,'2026-04-11 08:31:32.879','2026-04-11 08:31:32.879'),(27,51,2,'2026-02-02 09:56:22.266','2026-02-02 09:56:22.266'),(27,55,35,'2026-04-11 08:31:32.797','2026-04-11 08:31:32.797'),(27,62,9,'2026-02-02 09:56:22.240','2026-02-02 09:56:22.240'),(27,68,38,'2026-02-02 09:56:22.533','2026-04-11 08:31:32.392'),(27,74,7,'2026-02-02 09:56:21.739','2026-02-02 09:56:21.739'),(27,76,3,'2026-02-02 09:56:21.732','2026-02-02 09:56:21.732'),(27,83,6,'2026-02-02 09:56:22.541','2026-02-02 09:56:22.541'),(27,87,4,'2026-02-02 09:56:22.447','2026-02-02 09:56:22.447'),(27,88,5,'2026-02-02 09:56:22.232','2026-02-02 09:56:22.232'),(27,108,12,'2026-02-02 09:56:21.833','2026-02-02 09:56:21.833'),(27,116,13,'2026-02-02 09:56:21.841','2026-02-02 09:56:21.841'),(27,118,14,'2026-02-02 09:56:22.454','2026-02-02 09:56:22.454'),(27,132,16,'2026-02-02 09:56:22.050','2026-02-02 09:56:22.050'),(27,142,15,'2026-02-02 09:56:22.135','2026-02-02 09:56:22.135'),(27,154,17,'2026-02-02 09:56:22.341','2026-02-02 09:56:22.341'),(27,163,18,'2026-02-02 09:56:22.144','2026-02-02 09:56:22.144'),(27,168,23,'2026-02-02 09:56:22.248','2026-02-02 09:56:22.248'),(27,169,19,'2026-02-02 09:56:22.152','2026-02-02 09:56:22.152'),(27,170,22,'2026-02-02 09:56:22.461','2026-02-02 09:56:22.461'),(27,172,24,'2026-02-02 09:56:22.348','2026-02-02 09:56:22.348'),(27,175,20,'2026-02-02 09:56:22.548','2026-02-02 09:56:22.548'),(27,176,21,'2026-02-02 09:56:21.849','2026-02-02 09:56:21.849'),(27,177,26,'2026-02-02 09:56:22.062','2026-02-02 09:56:22.062'),(27,178,25,'2026-02-02 09:56:22.470','2026-02-02 09:56:22.470'),(27,183,28,'2026-02-02 09:56:22.165','2026-02-02 09:56:22.165'),(27,184,27,'2026-02-02 09:56:22.433','2026-02-02 09:56:22.433'),(27,188,33,'2026-02-02 09:56:21.948','2026-02-02 09:56:21.948'),(27,191,34,'2026-02-02 09:56:22.441','2026-02-02 09:56:22.441'),(27,193,31,'2026-02-02 09:56:22.257','2026-02-02 09:56:22.257'),(27,194,29,'2026-02-02 09:56:21.934','2026-02-02 09:56:21.934'),(27,196,32,'2026-02-02 09:56:22.176','2026-02-02 09:56:22.176'),(27,197,30,'2026-02-02 09:56:21.941','2026-02-02 09:56:21.941'),(27,199,41,'2026-04-11 08:31:32.781','2026-04-11 08:31:32.781'),(27,201,46,'2026-02-27 10:59:20.836','2026-04-11 08:31:32.388'),(27,202,42,'2026-02-27 10:59:20.829','2026-04-11 08:31:32.384'),(27,204,43,'2026-04-11 08:31:32.401','2026-04-11 08:31:32.401'),(27,206,39,'2026-04-11 08:31:32.806','2026-04-11 08:31:32.806'),(27,207,40,'2026-04-11 08:31:32.889','2026-04-11 08:31:32.889'),(27,208,44,'2026-04-11 08:31:32.896','2026-04-11 08:31:32.896'),(27,211,45,'2026-04-11 08:31:32.814','2026-04-11 08:31:32.814'),(27,220,47,'2026-03-24 07:25:09.107','2026-04-11 08:31:32.380'),(27,228,48,'2026-04-13 07:02:37.131','2026-04-19 12:33:30.032'),(28,8,0,'2026-02-18 16:59:40.829','2026-02-18 16:59:40.829'),(28,12,8,'2026-02-18 16:59:40.734','2026-02-18 16:59:40.734'),(28,14,1,'2026-02-18 16:59:40.920','2026-02-18 16:59:40.920'),(28,27,17,'2026-02-18 16:59:40.741','2026-02-18 16:59:40.741'),(28,39,20,'2026-02-18 16:59:40.935','2026-02-18 16:59:40.935'),(28,47,18,'2026-02-18 16:59:40.747','2026-02-18 16:59:40.747'),(28,51,2,'2026-02-18 16:59:41.141','2026-02-18 16:59:41.141'),(28,55,16,'2026-02-18 16:59:41.434','2026-02-18 16:59:41.434'),(28,56,19,'2026-02-18 16:59:40.930','2026-02-18 16:59:40.930'),(28,67,21,'2026-02-18 16:59:41.121','2026-02-18 16:59:41.121'),(28,68,22,'2026-02-18 16:59:40.945','2026-02-18 16:59:40.945'),(28,74,7,'2026-02-18 16:59:40.838','2026-02-18 16:59:40.838'),(28,76,3,'2026-02-18 16:59:40.833','2026-02-18 16:59:40.833'),(28,83,6,'2026-02-18 16:59:40.925','2026-02-18 16:59:40.925'),(28,87,4,'2026-02-18 16:59:41.222','2026-02-18 16:59:41.222'),(28,88,5,'2026-02-18 16:59:41.232','2026-02-18 16:59:41.232'),(28,108,9,'2026-02-18 16:59:41.028','2026-02-18 16:59:41.028'),(28,116,10,'2026-02-18 16:59:41.421','2026-02-18 16:59:41.421'),(28,118,11,'2026-02-18 16:59:41.033','2026-02-18 16:59:41.033'),(28,132,13,'2026-02-18 16:59:41.426','2026-02-18 16:59:41.426'),(28,142,12,'2026-02-18 16:59:40.843','2026-02-18 16:59:40.843'),(28,154,14,'2026-02-18 16:59:41.430','2026-02-18 16:59:41.430'),(28,163,15,'2026-02-18 16:59:41.039','2026-02-18 16:59:41.039'),(28,198,26,'2026-02-18 16:59:40.940','2026-02-18 16:59:40.940'),(28,199,25,'2026-02-18 16:59:41.227','2026-02-18 16:59:41.227'),(28,201,33,'2026-02-27 10:59:22.543','2026-04-11 08:31:37.906'),(28,202,29,'2026-02-18 16:59:40.825','2026-02-18 16:59:40.825'),(28,204,30,'2026-04-11 08:31:37.988','2026-04-11 08:31:37.988'),(28,206,23,'2026-02-18 16:59:41.024','2026-02-18 16:59:41.024'),(28,207,24,'2026-02-18 16:59:41.127','2026-02-18 16:59:41.127'),(28,208,31,'2026-04-11 08:31:37.998','2026-04-11 08:31:37.998'),(28,210,27,'2026-02-18 16:59:41.132','2026-02-18 16:59:41.132'),(28,211,32,'2026-04-11 08:31:38.006','2026-04-11 08:31:38.006'),(28,212,28,'2026-02-18 16:59:41.137','2026-02-18 16:59:41.137'),(28,220,34,'2026-03-24 07:25:10.494','2026-04-11 08:31:37.902'),(28,228,35,'2026-04-13 07:02:38.924','2026-04-19 12:33:31.834'),(29,8,0,'2026-02-18 16:59:41.538','2026-02-18 16:59:41.538'),(29,12,8,'2026-02-18 16:59:41.730','2026-02-18 16:59:41.730'),(29,14,1,'2026-02-18 16:59:41.543','2026-02-18 16:59:41.543'),(29,27,17,'2026-02-18 16:59:41.930','2026-02-18 16:59:41.930'),(29,47,18,'2026-02-18 16:59:41.845','2026-02-18 16:59:41.845'),(29,51,2,'2026-02-18 16:59:41.720','2026-02-18 16:59:41.720'),(29,55,16,'2026-02-18 16:59:41.636','2026-02-18 16:59:41.636'),(29,68,19,'2026-02-18 16:59:41.740','2026-02-18 16:59:41.740'),(29,74,7,'2026-02-18 16:59:41.828','2026-02-18 16:59:41.828'),(29,76,3,'2026-02-18 16:59:41.725','2026-02-18 16:59:41.725'),(29,83,6,'2026-02-18 16:59:41.823','2026-02-18 16:59:41.823'),(29,87,4,'2026-02-18 16:59:41.922','2026-02-18 16:59:41.922'),(29,88,5,'2026-02-18 16:59:41.622','2026-02-18 16:59:41.622'),(29,108,9,'2026-02-18 16:59:41.735','2026-02-18 16:59:41.735'),(29,116,10,'2026-02-18 16:59:41.626','2026-02-18 16:59:41.626'),(29,118,11,'2026-02-18 16:59:41.832','2026-02-18 16:59:41.832'),(29,132,13,'2026-02-18 16:59:41.836','2026-02-18 16:59:41.836'),(29,142,12,'2026-02-18 16:59:41.927','2026-02-18 16:59:41.927'),(29,154,14,'2026-02-18 16:59:41.631','2026-02-18 16:59:41.631'),(29,163,15,'2026-02-18 16:59:41.840','2026-02-18 16:59:41.840'),(29,199,22,'2026-02-18 16:59:41.532','2026-02-18 16:59:41.532'),(29,201,27,'2026-02-27 10:59:22.640','2026-04-11 08:31:38.097'),(29,202,23,'2026-02-18 16:59:41.744','2026-02-18 16:59:41.744'),(29,204,24,'2026-04-11 08:31:38.177','2026-04-11 08:31:38.177'),(29,206,20,'2026-02-18 16:59:41.528','2026-02-18 16:59:41.528'),(29,207,21,'2026-02-18 16:59:41.641','2026-02-18 16:59:41.641'),(29,208,25,'2026-04-11 08:31:38.194','2026-04-11 08:31:38.194'),(29,211,26,'2026-04-11 08:31:38.186','2026-04-11 08:31:38.186'),(29,220,28,'2026-03-24 07:25:10.597','2026-04-11 08:31:38.093'),(29,228,29,'2026-04-13 07:02:39.036','2026-04-19 12:33:31.988'),(30,8,0,'2026-02-18 16:59:42.346','2026-02-18 16:59:42.346'),(30,12,8,'2026-02-18 16:59:42.324','2026-02-18 16:59:42.324'),(30,14,1,'2026-02-18 16:59:42.046','2026-02-18 16:59:42.046'),(30,27,17,'2026-04-11 08:31:39.000','2026-04-11 08:31:39.000'),(30,47,18,'2026-04-11 08:31:39.008','2026-04-11 08:31:39.008'),(30,51,2,'2026-02-18 16:59:42.524','2026-02-18 16:59:42.524'),(30,55,16,'2026-04-11 08:31:39.086','2026-04-11 08:31:39.086'),(30,68,19,'2026-02-18 16:59:42.433','2026-04-11 08:31:38.777'),(30,74,7,'2026-02-18 16:59:42.220','2026-02-18 16:59:42.220'),(30,76,3,'2026-02-18 16:59:42.528','2026-02-18 16:59:42.528'),(30,83,6,'2026-02-18 16:59:42.122','2026-02-18 16:59:42.122'),(30,87,4,'2026-02-18 16:59:42.024','2026-02-18 16:59:42.024'),(30,88,5,'2026-02-18 16:59:42.424','2026-02-18 16:59:42.424'),(30,108,9,'2026-02-18 16:59:42.127','2026-02-18 16:59:42.127'),(30,116,10,'2026-02-18 16:59:42.131','2026-02-18 16:59:42.131'),(30,118,11,'2026-02-18 16:59:42.029','2026-02-18 16:59:42.029'),(30,132,13,'2026-02-18 16:59:42.428','2026-02-18 16:59:42.428'),(30,142,12,'2026-02-18 16:59:42.328','2026-02-18 16:59:42.328'),(30,154,14,'2026-02-18 16:59:42.333','2026-02-18 16:59:42.333'),(30,163,15,'2026-02-18 16:59:42.034','2026-02-18 16:59:42.034'),(30,199,22,'2026-04-11 08:31:38.992','2026-04-11 08:31:38.992'),(30,201,31,'2026-02-18 16:59:42.042','2026-04-11 08:31:38.782'),(30,202,23,'2026-02-27 10:59:22.928','2026-04-11 08:31:38.493'),(30,203,28,'2026-02-18 16:59:42.140','2026-04-11 08:31:38.680'),(30,204,24,'2026-02-18 16:59:42.436','2026-04-11 08:31:38.685'),(30,205,29,'2026-02-18 16:59:42.038','2026-04-11 08:31:38.488'),(30,206,20,'2026-04-11 08:31:38.798','2026-04-11 08:31:38.798'),(30,207,21,'2026-04-11 08:31:38.983','2026-04-11 08:31:38.983'),(30,208,25,'2026-02-18 16:59:42.337','2026-04-11 08:31:38.790'),(30,209,27,'2026-02-18 16:59:42.135','2026-04-11 08:31:38.690'),(30,211,26,'2026-02-18 16:59:42.342','2026-04-11 08:31:38.484'),(30,213,30,'2026-02-18 16:59:42.441','2026-04-11 08:31:38.498'),(30,220,32,'2026-03-24 07:25:10.707','2026-04-11 08:31:38.786'),(30,228,33,'2026-04-13 07:02:39.226','2026-04-19 12:33:32.126'),(31,8,0,'2026-02-18 16:59:42.728','2026-02-18 16:59:42.728'),(31,12,8,'2026-02-18 16:59:42.632','2026-02-18 16:59:42.632'),(31,14,1,'2026-02-18 16:59:42.732','2026-02-18 16:59:42.732'),(31,27,17,'2026-04-11 08:31:39.550','2026-04-11 08:31:39.550'),(31,47,18,'2026-04-11 08:31:39.579','2026-04-11 08:31:39.579'),(31,51,2,'2026-02-18 16:59:42.737','2026-02-18 16:59:42.737'),(31,55,16,'2026-04-11 08:31:39.683','2026-04-11 08:31:39.683'),(31,68,19,'2026-02-18 16:59:42.835','2026-04-11 08:31:39.493'),(31,74,7,'2026-02-18 16:59:42.826','2026-02-18 16:59:42.826'),(31,76,3,'2026-02-18 16:59:43.120','2026-02-18 16:59:43.120'),(31,83,6,'2026-02-18 16:59:42.628','2026-02-18 16:59:42.628'),(31,87,4,'2026-02-18 16:59:42.820','2026-02-18 16:59:42.820'),(31,88,5,'2026-02-18 16:59:42.920','2026-02-18 16:59:42.920'),(31,108,9,'2026-02-18 16:59:42.925','2026-02-18 16:59:42.925'),(31,116,10,'2026-02-18 16:59:42.830','2026-02-18 16:59:42.830'),(31,118,11,'2026-02-18 16:59:42.546','2026-02-18 16:59:42.546'),(31,132,13,'2026-02-18 16:59:42.641','2026-02-18 16:59:42.641'),(31,142,12,'2026-02-18 16:59:42.637','2026-02-18 16:59:42.637'),(31,154,14,'2026-02-18 16:59:42.929','2026-02-18 16:59:42.929'),(31,163,15,'2026-02-18 16:59:42.624','2026-02-18 16:59:42.624'),(31,199,22,'2026-04-11 08:31:39.502','2026-04-11 08:31:39.502'),(31,201,30,'2026-02-18 16:59:42.946','2026-04-11 08:31:39.484'),(31,202,23,'2026-02-27 10:59:23.157','2026-04-11 08:31:39.390'),(31,203,28,'2026-02-18 16:59:42.723','2026-04-11 08:31:39.410'),(31,204,24,'2026-02-18 16:59:42.644','2026-04-11 08:31:39.385'),(31,205,29,'2026-02-18 16:59:42.942','2026-04-11 08:31:39.479'),(31,206,20,'2026-04-11 08:31:39.598','2026-04-11 08:31:39.598'),(31,207,21,'2026-04-11 08:31:39.589','2026-04-11 08:31:39.589'),(31,208,25,'2026-02-18 16:59:42.840','2026-04-11 08:31:39.489'),(31,209,27,'2026-02-18 16:59:42.938','2026-04-11 08:31:39.406'),(31,211,26,'2026-02-18 16:59:42.933','2026-04-11 08:31:39.395'),(31,220,31,'2026-03-24 07:25:11.116','2026-04-11 08:31:39.400'),(31,228,32,'2026-04-13 07:02:39.336','2026-04-19 12:33:32.251'),(32,8,0,'2026-02-18 16:59:43.344','2026-02-18 16:59:43.344'),(32,12,8,'2026-02-18 16:59:43.328','2026-02-18 16:59:43.328'),(32,14,1,'2026-02-18 16:59:43.721','2026-02-18 16:59:43.721'),(32,27,17,'2026-04-11 08:31:39.990','2026-04-11 08:31:39.990'),(32,47,18,'2026-04-11 08:31:39.981','2026-04-11 08:31:39.981'),(32,51,2,'2026-02-18 16:59:43.139','2026-02-18 16:59:43.139'),(32,55,16,'2026-04-11 08:31:40.065','2026-04-11 08:31:40.065'),(32,68,19,'2026-02-18 16:59:43.437','2026-04-11 08:31:39.889'),(32,74,7,'2026-02-18 16:59:43.730','2026-02-18 16:59:43.730'),(32,76,3,'2026-02-18 16:59:43.726','2026-02-18 16:59:43.726'),(32,83,6,'2026-02-18 16:59:43.145','2026-02-18 16:59:43.145'),(32,87,4,'2026-02-18 16:59:43.423','2026-02-18 16:59:43.423'),(32,88,5,'2026-02-18 16:59:43.428','2026-02-18 16:59:43.428'),(32,108,9,'2026-02-18 16:59:43.150','2026-02-18 16:59:43.150'),(32,116,10,'2026-02-18 16:59:43.820','2026-02-18 16:59:43.820'),(32,118,11,'2026-02-18 16:59:43.433','2026-02-18 16:59:43.433'),(32,132,13,'2026-02-18 16:59:43.332','2026-02-18 16:59:43.332'),(32,142,12,'2026-02-18 16:59:43.825','2026-02-18 16:59:43.825'),(32,154,14,'2026-02-18 16:59:43.830','2026-02-18 16:59:43.830'),(32,163,15,'2026-02-18 16:59:43.336','2026-02-18 16:59:43.336'),(32,199,22,'2026-04-11 08:31:39.924','2026-04-11 08:31:39.924'),(32,201,27,'2026-02-18 16:59:43.446','2026-04-11 08:31:39.914'),(32,202,23,'2026-02-27 10:59:23.337','2026-04-11 08:31:39.894'),(32,204,24,'2026-02-18 16:59:43.441','2026-04-11 08:31:39.885'),(32,206,20,'2026-04-11 08:31:40.046','2026-04-11 08:31:40.046'),(32,207,21,'2026-04-11 08:31:40.079','2026-04-11 08:31:40.079'),(32,208,25,'2026-02-18 16:59:43.323','2026-04-11 08:31:39.905'),(32,211,26,'2026-02-18 16:59:43.340','2026-04-11 08:31:39.900'),(32,220,28,'2026-03-24 07:25:11.392','2026-04-11 08:31:39.910'),(32,228,29,'2026-04-13 07:02:39.521','2026-04-19 12:33:32.440'),(33,8,0,'2026-03-24 07:25:11.698','2026-03-24 07:25:11.698'),(33,12,8,'2026-03-24 07:25:11.715','2026-03-24 07:25:11.715'),(33,14,1,'2026-03-24 07:25:11.906','2026-03-24 07:25:11.906'),(33,27,17,'2026-04-11 08:31:40.479','2026-04-11 08:31:40.479'),(33,47,18,'2026-04-11 08:31:40.586','2026-04-11 08:31:40.586'),(33,51,2,'2026-03-24 07:25:11.707','2026-03-24 07:25:11.707'),(33,55,16,'2026-04-11 08:31:40.457','2026-04-11 08:31:40.457'),(33,68,19,'2026-03-24 07:25:11.602','2026-04-11 08:31:40.377'),(33,74,7,'2026-03-24 07:25:12.199','2026-03-24 07:25:12.199'),(33,76,3,'2026-03-24 07:25:11.514','2026-03-24 07:25:11.514'),(33,83,6,'2026-03-24 07:25:11.594','2026-03-24 07:25:11.594'),(33,87,4,'2026-03-24 07:25:11.914','2026-03-24 07:25:11.914'),(33,88,5,'2026-03-24 07:25:12.148','2026-03-24 07:25:12.148'),(33,108,9,'2026-03-24 07:25:12.209','2026-03-24 07:25:12.209'),(33,116,10,'2026-03-24 07:25:11.723','2026-03-24 07:25:11.723'),(33,118,11,'2026-03-24 07:25:12.254','2026-03-24 07:25:12.254'),(33,132,13,'2026-03-24 07:25:11.922','2026-03-24 07:25:11.922'),(33,142,12,'2026-03-24 07:25:12.296','2026-03-24 07:25:12.296'),(33,154,14,'2026-03-24 07:25:11.994','2026-03-24 07:25:11.994'),(33,163,15,'2026-03-24 07:25:12.002','2026-03-24 07:25:12.002'),(33,199,22,'2026-04-11 08:31:40.554','2026-04-11 08:31:40.554'),(33,201,27,'2026-03-24 07:25:12.011','2026-04-11 08:31:40.382'),(33,202,23,'2026-03-24 07:25:11.497','2026-04-11 08:31:40.368'),(33,204,24,'2026-04-11 08:31:40.577','2026-04-11 08:31:40.577'),(33,206,20,'2026-04-11 08:31:40.652','2026-04-11 08:31:40.652'),(33,207,21,'2026-04-11 08:31:40.660','2026-04-11 08:31:40.660'),(33,208,25,'2026-04-11 08:31:40.546','2026-04-11 08:31:40.546'),(33,211,26,'2026-04-11 08:31:40.679','2026-04-11 08:31:40.679'),(33,214,28,'2026-03-24 07:25:11.610','2026-04-11 08:31:40.353'),(33,215,31,'2026-03-24 07:25:11.505','2026-04-11 08:31:40.348'),(33,216,30,'2026-03-24 07:25:11.803','2026-04-11 08:31:40.363'),(33,217,33,'2026-03-24 07:25:11.898','2026-04-11 08:31:40.448'),(33,218,32,'2026-03-24 07:25:11.811','2026-04-11 08:31:40.358'),(33,219,29,'2026-03-24 07:25:11.794','2026-04-11 08:31:40.372'),(33,220,35,'2026-03-24 07:25:12.103','2026-04-11 08:31:40.271'),(33,221,34,'2026-03-24 07:25:12.094','2026-04-11 08:31:40.387'),(33,228,38,'2026-04-13 07:02:39.626','2026-04-19 12:33:32.634'),(33,229,37,'2026-04-19 12:33:32.654','2026-04-19 12:33:32.654'),(33,230,36,'2026-04-19 12:33:32.646','2026-04-19 12:33:32.646'),(34,8,0,'2026-03-24 07:25:13.101','2026-03-24 07:25:13.101'),(34,12,8,'2026-03-24 07:25:13.201','2026-03-24 07:25:13.201'),(34,14,1,'2026-03-24 07:25:12.594','2026-03-24 07:25:12.594'),(34,27,17,'2026-04-11 08:31:41.191','2026-04-11 08:31:41.191'),(34,47,18,'2026-04-11 08:31:41.109','2026-04-11 08:31:41.109'),(34,51,2,'2026-03-24 07:25:12.811','2026-03-24 07:25:12.811'),(34,55,16,'2026-04-11 08:31:41.296','2026-04-11 08:31:41.296'),(34,68,19,'2026-03-24 07:25:12.412','2026-04-11 08:31:40.892'),(34,74,7,'2026-03-24 07:25:13.118','2026-03-24 07:25:13.118'),(34,76,3,'2026-03-24 07:25:12.603','2026-03-24 07:25:12.603'),(34,83,6,'2026-03-24 07:25:12.696','2026-03-24 07:25:12.696'),(34,87,4,'2026-03-24 07:25:13.109','2026-03-24 07:25:13.109'),(34,88,5,'2026-03-24 07:25:12.611','2026-03-24 07:25:12.611'),(34,108,9,'2026-03-24 07:25:12.897','2026-03-24 07:25:12.897'),(34,116,10,'2026-03-24 07:25:12.905','2026-03-24 07:25:12.905'),(34,118,11,'2026-03-24 07:25:13.211','2026-03-24 07:25:13.211'),(34,132,13,'2026-03-24 07:25:12.913','2026-03-24 07:25:12.913'),(34,142,12,'2026-03-24 07:25:12.704','2026-03-24 07:25:12.704'),(34,154,14,'2026-03-24 07:25:12.712','2026-03-24 07:25:12.712'),(34,163,15,'2026-03-24 07:25:12.794','2026-03-24 07:25:12.794'),(34,199,22,'2026-04-11 08:31:41.348','2026-04-11 08:31:41.348'),(34,201,27,'2026-03-24 07:25:12.803','2026-04-11 08:31:41.100'),(34,202,23,'2026-03-24 07:25:12.421','2026-04-11 08:31:40.910'),(34,204,24,'2026-04-11 08:31:41.288','2026-04-11 08:31:41.288'),(34,206,20,'2026-04-11 08:31:41.357','2026-04-11 08:31:41.357'),(34,207,21,'2026-04-11 08:31:41.200','2026-04-11 08:31:41.200'),(34,208,25,'2026-04-11 08:31:41.209','2026-04-11 08:31:41.209'),(34,211,26,'2026-04-11 08:31:41.183','2026-04-11 08:31:41.183'),(34,214,28,'2026-03-24 07:25:13.295','2026-04-11 08:31:40.897'),(34,215,31,'2026-03-24 07:25:12.496','2026-04-11 08:31:40.906'),(34,216,30,'2026-03-24 07:25:13.007','2026-04-11 08:31:41.091'),(34,217,33,'2026-03-24 07:25:12.504','2026-04-11 08:31:41.086'),(34,218,32,'2026-03-24 07:25:13.307','2026-04-11 08:31:41.096'),(34,219,29,'2026-03-24 07:25:12.999','2026-04-11 08:31:41.080'),(34,220,34,'2026-03-24 07:25:13.092','2026-04-11 08:31:40.901'),(34,228,36,'2026-04-13 07:02:39.728','2026-04-13 07:02:39.728'),(34,229,35,'2026-04-19 12:33:32.754','2026-04-19 12:33:32.754'),(35,8,0,'2026-03-24 07:25:14.003','2026-03-24 07:25:14.003'),(35,12,8,'2026-03-24 07:25:13.498','2026-03-24 07:25:13.498'),(35,14,1,'2026-03-24 07:25:13.396','2026-03-24 07:25:13.396'),(35,27,17,'2026-04-11 08:31:42.292','2026-04-11 08:31:42.292'),(35,47,18,'2026-04-11 08:31:42.301','2026-04-11 08:31:42.301'),(35,51,2,'2026-03-24 07:25:14.108','2026-03-24 07:25:14.108'),(35,55,16,'2026-04-11 08:31:42.179','2026-04-11 08:31:42.179'),(35,68,19,'2026-03-24 07:25:13.592','2026-04-11 08:31:41.607'),(35,74,7,'2026-03-24 07:25:14.196','2026-03-24 07:25:14.196'),(35,76,3,'2026-03-24 07:25:14.146','2026-03-24 07:25:14.146'),(35,83,6,'2026-03-24 07:25:13.707','2026-03-24 07:25:13.707'),(35,87,4,'2026-03-24 07:25:13.406','2026-03-24 07:25:13.406'),(35,88,5,'2026-03-24 07:25:14.012','2026-03-24 07:25:14.012'),(35,108,9,'2026-03-24 07:25:13.715','2026-03-24 07:25:13.715'),(35,116,10,'2026-03-24 07:25:13.507','2026-03-24 07:25:13.507'),(35,118,11,'2026-03-24 07:25:14.204','2026-03-24 07:25:14.204'),(35,132,13,'2026-03-24 07:25:14.050','2026-03-24 07:25:14.050'),(35,142,12,'2026-03-24 07:25:14.021','2026-03-24 07:25:14.021'),(35,154,14,'2026-03-24 07:25:13.723','2026-03-24 07:25:13.723'),(35,163,15,'2026-03-24 07:25:14.100','2026-03-24 07:25:14.100'),(35,199,22,'2026-04-11 08:31:41.707','2026-04-11 08:31:41.707'),(35,201,27,'2026-03-24 07:25:13.609','2026-04-11 08:31:41.689'),(35,202,23,'2026-03-24 07:25:13.601','2026-04-11 08:31:41.603'),(35,204,24,'2026-04-11 08:31:41.780','2026-04-11 08:31:41.780'),(35,206,20,'2026-04-11 08:31:42.197','2026-04-11 08:31:42.197'),(35,207,21,'2026-04-11 08:31:42.205','2026-04-11 08:31:42.205'),(35,208,25,'2026-04-11 08:31:42.188','2026-04-11 08:31:42.188'),(35,211,26,'2026-04-11 08:31:41.981','2026-04-11 08:31:41.981'),(35,214,28,'2026-03-24 07:25:13.799','2026-04-11 08:31:41.694'),(35,216,30,'2026-03-24 07:25:13.808','2026-04-11 08:31:41.698'),(35,219,29,'2026-03-24 07:25:13.699','2026-04-11 08:31:41.680'),(35,220,31,'2026-03-24 07:25:13.994','2026-04-11 08:31:41.684'),(35,228,32,'2026-04-13 07:02:39.839','2026-04-19 12:33:32.852'),(36,8,0,'2026-03-24 07:46:01.737','2026-03-24 07:46:01.737'),(36,12,12,'2026-03-24 07:46:02.425','2026-03-24 07:46:02.425'),(36,14,1,'2026-03-24 07:46:01.946','2026-03-24 07:46:01.946'),(36,27,21,'2026-04-11 08:31:50.116','2026-04-11 08:31:50.116'),(36,47,22,'2026-04-11 08:31:49.980','2026-04-11 08:31:49.980'),(36,51,2,'2026-03-24 07:46:02.029','2026-03-24 07:46:02.029'),(36,55,20,'2026-04-11 08:31:50.008','2026-04-11 08:31:50.008'),(36,60,9,'2026-03-24 07:46:01.833','2026-03-24 07:46:01.833'),(36,68,23,'2026-03-24 07:46:02.436','2026-04-11 08:31:49.912'),(36,74,11,'2026-03-24 07:46:02.350','2026-03-24 07:46:02.350'),(36,76,3,'2026-03-24 07:46:02.341','2026-03-24 07:46:02.341'),(36,83,7,'2026-03-24 07:46:01.825','2026-03-24 07:46:01.825'),(36,84,8,'2026-03-24 07:46:02.047','2026-03-24 07:46:02.047'),(36,87,4,'2026-03-24 07:46:02.038','2026-03-24 07:46:02.038'),(36,88,5,'2026-03-24 07:46:02.229','2026-03-24 07:46:02.229'),(36,89,6,'2026-03-24 07:46:02.236','2026-03-24 07:46:02.236'),(36,96,10,'2026-03-24 07:46:02.127','2026-03-24 07:46:02.127'),(36,108,13,'2026-03-24 07:46:01.845','2026-03-24 07:46:01.845'),(36,116,14,'2026-03-24 07:46:02.324','2026-03-24 07:46:02.324'),(36,118,15,'2026-03-24 07:46:02.135','2026-03-24 07:46:02.135'),(36,132,17,'2026-03-24 07:46:01.929','2026-03-24 07:46:01.929'),(36,142,16,'2026-03-24 07:46:01.857','2026-03-24 07:46:01.857'),(36,154,18,'2026-03-24 07:46:02.143','2026-03-24 07:46:02.143'),(36,163,19,'2026-03-24 07:46:01.938','2026-03-24 07:46:01.938'),(36,199,26,'2026-04-11 08:31:50.084','2026-04-11 08:31:50.084'),(36,201,31,'2026-03-24 07:46:02.332','2026-04-11 08:31:49.902'),(36,202,27,'2026-03-24 07:46:02.152','2026-04-11 08:31:49.897'),(36,204,28,'2026-04-11 08:31:50.095','2026-04-11 08:31:50.095'),(36,206,24,'2026-04-11 08:31:50.187','2026-04-11 08:31:50.187'),(36,207,25,'2026-04-11 08:31:49.990','2026-04-11 08:31:49.990'),(36,208,29,'2026-04-11 08:31:50.108','2026-04-11 08:31:50.108'),(36,211,30,'2026-04-11 08:31:50.196','2026-04-11 08:31:50.196'),(36,220,32,'2026-03-24 07:46:01.728','2026-04-11 08:31:49.907'),(36,228,33,'2026-04-13 07:02:42.445','2026-04-19 12:33:35.731'),(37,8,0,'2026-03-30 15:03:55.638','2026-03-30 15:03:55.638'),(37,12,8,'2026-03-30 15:03:55.042','2026-03-30 15:03:55.042'),(37,14,1,'2026-03-30 15:03:54.929','2026-03-30 15:03:54.929'),(37,27,17,'2026-04-11 08:31:42.677','2026-04-11 08:31:42.677'),(37,47,18,'2026-04-11 08:31:42.796','2026-04-11 08:31:42.796'),(37,51,2,'2026-03-30 15:03:55.430','2026-03-30 15:03:55.430'),(37,55,16,'2026-04-11 08:31:42.595','2026-04-11 08:31:42.595'),(37,68,19,'2026-03-30 15:03:55.317','2026-04-11 08:31:42.512'),(37,74,7,'2026-03-30 15:03:55.445','2026-03-30 15:03:55.445'),(37,76,3,'2026-03-30 15:03:55.016','2026-03-30 15:03:55.016'),(37,83,6,'2026-03-30 15:03:55.616','2026-03-30 15:03:55.616'),(37,87,4,'2026-03-30 15:03:55.438','2026-03-30 15:03:55.438'),(37,88,5,'2026-03-30 15:03:55.033','2026-03-30 15:03:55.033'),(37,108,9,'2026-03-30 15:03:55.145','2026-03-30 15:03:55.145'),(37,116,10,'2026-03-30 15:03:55.119','2026-03-30 15:03:55.119'),(37,118,11,'2026-03-30 15:03:55.221','2026-03-30 15:03:55.221'),(37,132,13,'2026-03-30 15:03:55.128','2026-03-30 15:03:55.128'),(37,142,12,'2026-03-30 15:03:55.624','2026-03-30 15:03:55.624'),(37,154,14,'2026-03-30 15:03:55.137','2026-03-30 15:03:55.137'),(37,163,15,'2026-03-30 15:03:55.230','2026-03-30 15:03:55.230'),(37,199,22,'2026-04-11 08:31:42.787','2026-04-11 08:31:42.787'),(37,201,27,'2026-03-30 15:03:55.517','2026-04-11 08:31:42.508'),(37,202,23,'2026-03-30 15:03:55.324','2026-04-11 08:31:42.503'),(37,204,24,'2026-04-11 08:31:42.586','2026-04-11 08:31:42.586'),(37,206,20,'2026-04-11 08:31:42.686','2026-04-11 08:31:42.686'),(37,207,21,'2026-04-11 08:31:42.577','2026-04-11 08:31:42.577'),(37,208,25,'2026-04-11 08:31:42.879','2026-04-11 08:31:42.879'),(37,211,26,'2026-04-11 08:31:42.695','2026-04-11 08:31:42.695'),(37,220,28,'2026-03-30 15:03:55.631','2026-04-11 08:31:42.517'),(37,222,30,'2026-03-30 15:07:32.859','2026-04-11 08:31:42.499'),(37,223,29,'2026-03-30 15:07:32.937','2026-04-11 08:31:42.495'),(37,228,31,'2026-04-13 07:02:39.951','2026-04-19 12:33:33.045'),(38,8,0,'2026-03-30 15:03:56.114','2026-03-30 15:03:56.114'),(38,12,8,'2026-03-30 15:03:55.742','2026-03-30 15:03:55.742'),(38,14,1,'2026-03-30 15:03:56.350','2026-03-30 15:03:56.350'),(38,27,17,'2026-04-11 08:31:43.281','2026-04-11 08:31:43.281'),(38,47,18,'2026-04-11 08:31:43.379','2026-04-11 08:31:43.379'),(38,51,2,'2026-03-30 15:03:56.122','2026-03-30 15:03:56.122'),(38,55,16,'2026-04-11 08:31:43.102','2026-04-11 08:31:43.102'),(38,68,19,'2026-03-30 15:03:55.823','2026-04-11 08:31:43.084'),(38,74,7,'2026-03-30 15:03:56.143','2026-03-30 15:03:56.143'),(38,76,3,'2026-03-30 15:03:55.735','2026-03-30 15:03:55.735'),(38,83,6,'2026-03-30 15:03:56.319','2026-03-30 15:03:56.319'),(38,87,4,'2026-03-30 15:03:56.129','2026-03-30 15:03:56.129'),(38,88,5,'2026-03-30 15:03:56.136','2026-03-30 15:03:56.136'),(38,108,9,'2026-03-30 15:03:56.417','2026-03-30 15:03:56.417'),(38,116,10,'2026-03-30 15:03:56.425','2026-03-30 15:03:56.425'),(38,118,11,'2026-03-30 15:03:56.326','2026-03-30 15:03:56.326'),(38,132,13,'2026-03-30 15:03:56.432','2026-03-30 15:03:56.432'),(38,142,12,'2026-03-30 15:03:55.816','2026-03-30 15:03:55.816'),(38,154,14,'2026-03-30 15:03:56.150','2026-03-30 15:03:56.150'),(38,163,15,'2026-03-30 15:03:56.334','2026-03-30 15:03:56.334'),(38,199,22,'2026-04-11 08:31:43.397','2026-04-11 08:31:43.397'),(38,201,27,'2026-03-30 15:03:56.439','2026-04-11 08:31:43.080'),(38,202,23,'2026-03-30 15:03:55.830','2026-04-11 08:31:43.000'),(38,204,24,'2026-04-11 08:31:43.446','2026-04-11 08:31:43.446'),(38,206,20,'2026-04-11 08:31:43.388','2026-04-11 08:31:43.388'),(38,207,21,'2026-04-11 08:31:43.298','2026-04-11 08:31:43.298'),(38,208,25,'2026-04-11 08:31:43.290','2026-04-11 08:31:43.290'),(38,211,26,'2026-04-11 08:31:43.307','2026-04-11 08:31:43.307'),(38,220,28,'2026-03-30 15:03:56.216','2026-04-11 08:31:42.996'),(38,222,30,'2026-03-30 15:03:56.341','2026-04-11 08:31:43.089'),(38,223,29,'2026-03-30 15:07:33.340','2026-04-11 08:31:43.093'),(38,228,31,'2026-04-13 07:02:40.426','2026-04-19 12:33:33.325'),(39,8,0,'2026-03-30 15:03:56.735','2026-03-30 15:03:56.735'),(39,12,8,'2026-03-30 15:03:56.824','2026-03-30 15:03:56.824'),(39,14,1,'2026-03-30 15:03:56.866','2026-03-30 15:03:56.866'),(39,27,17,'2026-04-11 08:31:43.803','2026-04-11 08:31:43.803'),(39,47,18,'2026-04-11 08:31:43.990','2026-04-11 08:31:43.990'),(39,51,2,'2026-03-30 15:03:56.742','2026-03-30 15:03:56.742'),(39,55,16,'2026-04-11 08:31:43.795','2026-04-11 08:31:43.795'),(39,68,19,'2026-03-30 15:03:56.934','2026-04-11 08:31:43.780'),(39,74,7,'2026-03-30 15:03:56.633','2026-03-30 15:03:56.633'),(39,76,3,'2026-03-30 15:03:56.919','2026-03-30 15:03:56.919'),(39,83,6,'2026-03-30 15:03:56.817','2026-03-30 15:03:56.817'),(39,87,4,'2026-03-30 15:03:56.626','2026-03-30 15:03:56.626'),(39,88,5,'2026-03-30 15:03:56.754','2026-03-30 15:03:56.754'),(39,108,9,'2026-03-30 15:03:56.839','2026-03-30 15:03:56.839'),(39,116,10,'2026-03-30 15:03:56.832','2026-03-30 15:03:56.832'),(39,118,11,'2026-03-30 15:03:56.851','2026-03-30 15:03:56.851'),(39,132,13,'2026-03-30 15:03:56.926','2026-03-30 15:03:56.926'),(39,142,12,'2026-03-30 15:03:56.639','2026-03-30 15:03:56.639'),(39,154,14,'2026-03-30 15:03:56.646','2026-03-30 15:03:56.646'),(39,163,15,'2026-03-30 15:03:56.654','2026-03-30 15:03:56.654'),(39,199,22,'2026-04-11 08:31:43.888','2026-04-11 08:31:43.888'),(39,201,27,'2026-03-30 15:03:56.858','2026-04-11 08:31:43.711'),(39,202,23,'2026-03-30 15:03:56.662','2026-04-11 08:31:43.707'),(39,204,24,'2026-04-11 08:31:43.999','2026-04-11 08:31:43.999'),(39,206,20,'2026-04-11 08:31:43.879','2026-04-11 08:31:43.879'),(39,207,21,'2026-04-11 08:31:43.896','2026-04-11 08:31:43.896'),(39,208,25,'2026-04-11 08:31:43.979','2026-04-11 08:31:43.979'),(39,211,26,'2026-04-11 08:31:43.812','2026-04-11 08:31:43.812'),(39,220,28,'2026-03-30 15:03:56.728','2026-04-11 08:31:43.702'),(39,223,29,'2026-03-30 15:07:33.459','2026-04-11 08:31:43.786'),(39,228,30,'2026-04-13 07:02:40.622','2026-04-19 12:33:33.637'),(40,8,0,'2026-03-30 15:03:57.718','2026-03-30 15:03:57.718'),(40,12,18,'2026-03-30 15:03:57.755','2026-03-30 15:03:57.755'),(40,14,1,'2026-03-30 15:03:57.652','2026-03-30 15:03:57.652'),(40,18,10,'2026-03-30 15:03:57.545','2026-03-30 15:03:57.545'),(40,27,27,'2026-04-11 08:31:49.707','2026-04-11 08:31:49.707'),(40,29,9,'2026-03-30 15:03:57.732','2026-03-30 15:03:57.732'),(40,47,28,'2026-04-11 08:31:49.486','2026-04-11 08:31:49.486'),(40,51,2,'2026-03-30 15:03:57.523','2026-03-30 15:03:57.523'),(40,52,13,'2026-03-30 15:03:57.441','2026-03-30 15:03:57.441'),(40,55,26,'2026-04-11 08:31:49.477','2026-04-11 08:31:49.477'),(40,60,15,'2026-03-30 15:03:57.747','2026-03-30 15:03:57.747'),(40,65,11,'2026-03-30 15:03:57.429','2026-03-30 15:03:57.429'),(40,68,29,'2026-03-30 15:03:57.626','2026-04-11 08:31:49.395'),(40,71,14,'2026-03-30 15:03:57.660','2026-03-30 15:03:57.660'),(40,74,17,'2026-03-30 15:03:57.667','2026-03-30 15:03:57.667'),(40,76,3,'2026-03-30 15:03:57.531','2026-03-30 15:03:57.531'),(40,78,16,'2026-03-30 15:03:57.553','2026-03-30 15:03:57.553'),(40,83,7,'2026-03-30 15:03:57.740','2026-03-30 15:03:57.740'),(40,84,8,'2026-03-30 15:03:57.726','2026-03-30 15:03:57.726'),(40,87,4,'2026-03-30 15:03:57.924','2026-03-30 15:03:57.924'),(40,88,5,'2026-03-30 15:03:57.538','2026-03-30 15:03:57.538'),(40,89,6,'2026-03-30 15:03:57.937','2026-03-30 15:03:57.937'),(40,92,12,'2026-03-30 15:03:57.930','2026-03-30 15:03:57.930'),(40,108,19,'2026-03-30 15:03:57.820','2026-03-30 15:03:57.820'),(40,116,20,'2026-03-30 15:03:57.449','2026-03-30 15:03:57.449'),(40,118,21,'2026-03-30 15:03:57.457','2026-03-30 15:03:57.457'),(40,132,23,'2026-03-30 15:03:57.835','2026-03-30 15:03:57.835'),(40,142,22,'2026-03-30 15:03:57.827','2026-03-30 15:03:57.827'),(40,154,24,'2026-03-30 15:03:57.619','2026-03-30 15:03:57.619'),(40,163,25,'2026-03-30 15:03:57.916','2026-03-30 15:03:57.916'),(40,199,32,'2026-04-11 08:31:49.495','2026-04-11 08:31:49.495'),(40,201,37,'2026-03-30 15:03:57.633','2026-04-11 08:31:49.382'),(40,202,33,'2026-03-30 15:03:57.842','2026-04-11 08:31:49.390'),(40,204,34,'2026-04-11 08:31:49.690','2026-04-11 08:31:49.690'),(40,206,30,'2026-04-11 08:31:49.681','2026-04-11 08:31:49.681'),(40,207,31,'2026-04-11 08:31:49.777','2026-04-11 08:31:49.777'),(40,208,35,'2026-04-11 08:31:49.403','2026-04-11 08:31:49.403'),(40,211,36,'2026-04-11 08:31:49.504','2026-04-11 08:31:49.504'),(40,220,38,'2026-03-30 15:03:57.516','2026-04-11 08:31:49.386'),(40,228,39,'2026-04-13 07:02:42.337','2026-04-19 12:33:35.548'),(41,8,0,'2026-04-01 09:15:22.677','2026-04-01 09:15:22.677'),(41,12,8,'2026-04-01 09:15:22.580','2026-04-01 09:15:22.580'),(41,14,1,'2026-04-01 09:15:21.990','2026-04-01 09:15:21.990'),(41,27,17,'2026-04-11 08:31:44.399','2026-04-11 08:31:44.399'),(41,47,18,'2026-04-11 08:31:44.481','2026-04-11 08:31:44.481'),(41,51,2,'2026-04-01 09:15:22.503','2026-04-01 09:15:22.503'),(41,55,16,'2026-04-11 08:31:44.491','2026-04-11 08:31:44.491'),(41,68,19,'2026-04-01 09:15:22.277','2026-04-11 08:31:44.280'),(41,74,7,'2026-04-01 09:15:22.701','2026-04-01 09:15:22.701'),(41,76,3,'2026-04-01 09:15:22.574','2026-04-01 09:15:22.574'),(41,83,6,'2026-04-01 09:15:22.693','2026-04-01 09:15:22.693'),(41,87,4,'2026-04-01 09:15:22.377','2026-04-01 09:15:22.377'),(41,88,5,'2026-04-01 09:15:22.685','2026-04-01 09:15:22.685'),(41,108,9,'2026-04-01 09:15:22.588','2026-04-01 09:15:22.588'),(41,116,10,'2026-04-01 09:15:22.768','2026-04-01 09:15:22.768'),(41,118,11,'2026-04-01 09:15:22.385','2026-04-01 09:15:22.385'),(41,132,13,'2026-04-01 09:15:22.393','2026-04-01 09:15:22.393'),(41,142,12,'2026-04-01 09:15:22.072','2026-04-01 09:15:22.072'),(41,154,14,'2026-04-01 09:15:22.473','2026-04-01 09:15:22.473'),(41,163,15,'2026-04-01 09:15:22.268','2026-04-01 09:15:22.268'),(41,199,22,'2026-04-11 08:31:44.381','2026-04-11 08:31:44.381'),(41,201,27,'2026-04-01 09:15:22.370','2026-04-11 08:31:44.298'),(41,202,23,'2026-04-01 09:15:22.481','2026-04-11 08:31:44.289'),(41,204,24,'2026-04-11 08:31:44.508','2026-04-11 08:31:44.508'),(41,206,20,'2026-04-11 08:31:44.577','2026-04-11 08:31:44.577'),(41,207,21,'2026-04-11 08:31:44.499','2026-04-11 08:31:44.499'),(41,208,25,'2026-04-11 08:31:44.390','2026-04-11 08:31:44.390'),(41,211,26,'2026-04-11 08:31:44.586','2026-04-11 08:31:44.586'),(41,220,28,'2026-04-01 09:15:22.489','2026-04-11 08:31:44.302'),(41,224,30,'2026-04-01 09:15:22.775','2026-04-19 12:33:33.853'),(41,225,32,'2026-04-01 09:15:22.595','2026-04-19 12:33:33.928'),(41,226,31,'2026-04-01 09:15:22.496','2026-04-19 12:33:33.923'),(41,228,29,'2026-04-13 07:02:40.829','2026-04-19 12:33:33.848'),(42,8,0,'2026-04-01 09:15:23.375','2026-04-01 09:15:23.375'),(42,12,8,'2026-04-01 09:15:23.089','2026-04-01 09:15:23.089'),(42,14,1,'2026-04-01 09:15:22.884','2026-04-01 09:15:22.884'),(42,27,17,'2026-04-11 08:31:44.879','2026-04-11 08:31:44.879'),(42,47,18,'2026-04-11 08:31:44.984','2026-04-11 08:31:44.984'),(42,51,2,'2026-04-01 09:15:23.073','2026-04-01 09:15:23.073'),(42,55,16,'2026-04-11 08:31:44.850','2026-04-11 08:31:44.850'),(42,68,19,'2026-04-01 09:15:22.993','2026-04-11 08:31:44.780'),(42,74,7,'2026-04-01 09:15:22.976','2026-04-01 09:15:22.976'),(42,76,3,'2026-04-01 09:15:23.275','2026-04-01 09:15:23.275'),(42,83,6,'2026-04-01 09:15:23.282','2026-04-01 09:15:23.282'),(42,87,4,'2026-04-01 09:15:23.081','2026-04-01 09:15:23.081'),(42,88,5,'2026-04-01 09:15:22.968','2026-04-01 09:15:22.968'),(42,108,9,'2026-04-01 09:15:22.868','2026-04-01 09:15:22.868'),(42,116,10,'2026-04-01 09:15:22.876','2026-04-01 09:15:22.876'),(42,118,11,'2026-04-01 09:15:23.172','2026-04-01 09:15:23.172'),(42,132,13,'2026-04-01 09:15:23.186','2026-04-01 09:15:23.186'),(42,142,12,'2026-04-01 09:15:23.179','2026-04-01 09:15:23.179'),(42,154,14,'2026-04-01 09:15:22.985','2026-04-01 09:15:22.985'),(42,163,15,'2026-04-01 09:15:23.194','2026-04-01 09:15:23.194'),(42,199,22,'2026-04-11 08:31:45.080','2026-04-11 08:31:45.080'),(42,201,27,'2026-04-01 09:15:23.289','2026-04-11 08:31:44.788'),(42,202,23,'2026-04-01 09:15:23.002','2026-04-11 08:31:44.792'),(42,204,24,'2026-04-11 08:31:44.992','2026-04-11 08:31:44.992'),(42,206,20,'2026-04-11 08:31:45.089','2026-04-11 08:31:45.089'),(42,207,21,'2026-04-11 08:31:44.887','2026-04-11 08:31:44.887'),(42,208,25,'2026-04-11 08:31:45.000','2026-04-11 08:31:45.000'),(42,211,26,'2026-04-11 08:31:44.895','2026-04-11 08:31:44.895'),(42,220,28,'2026-04-01 09:15:23.009','2026-04-11 08:31:44.708'),(42,224,30,'2026-04-01 09:15:23.202','2026-04-19 12:33:34.135'),(42,225,32,'2026-04-01 09:15:23.305','2026-04-19 12:33:34.125'),(42,226,31,'2026-04-01 09:15:23.297','2026-04-19 12:33:34.130'),(42,228,29,'2026-04-13 07:02:41.049','2026-04-19 12:33:34.050'),(43,8,0,'2026-04-01 09:15:23.486','2026-04-01 09:15:23.486'),(43,12,8,'2026-04-01 09:15:23.573','2026-04-01 09:15:23.573'),(43,14,1,'2026-04-01 09:15:23.699','2026-04-01 09:15:23.699'),(43,27,17,'2026-04-11 08:31:45.401','2026-04-11 08:31:45.401'),(43,47,18,'2026-04-11 08:31:45.308','2026-04-11 08:31:45.308'),(43,51,2,'2026-04-01 09:15:23.596','2026-04-01 09:15:23.596'),(43,55,16,'2026-04-11 08:31:45.589','2026-04-11 08:31:45.589'),(43,68,19,'2026-04-01 09:15:23.472','2026-04-11 08:31:45.287'),(43,74,7,'2026-04-01 09:15:23.902','2026-04-01 09:15:23.902'),(43,76,3,'2026-04-01 09:15:23.773','2026-04-01 09:15:23.773'),(43,83,6,'2026-04-01 09:15:23.781','2026-04-01 09:15:23.781'),(43,87,4,'2026-04-01 09:15:23.894','2026-04-01 09:15:23.894'),(43,88,5,'2026-04-01 09:15:23.493','2026-04-01 09:15:23.493'),(43,108,9,'2026-04-01 09:15:23.668','2026-04-01 09:15:23.668'),(43,116,10,'2026-04-01 09:15:23.970','2026-04-01 09:15:23.970'),(43,118,11,'2026-04-01 09:15:23.787','2026-04-01 09:15:23.787'),(43,132,13,'2026-04-01 09:15:23.675','2026-04-01 09:15:23.675'),(43,142,12,'2026-04-01 09:15:23.581','2026-04-01 09:15:23.581'),(43,154,14,'2026-04-01 09:15:23.588','2026-04-01 09:15:23.588'),(43,163,15,'2026-04-01 09:15:23.795','2026-04-01 09:15:23.795'),(43,199,22,'2026-04-11 08:31:45.384','2026-04-11 08:31:45.384'),(43,201,27,'2026-04-01 09:15:23.870','2026-04-11 08:31:45.277'),(43,202,23,'2026-04-01 09:15:23.684','2026-04-11 08:31:45.298'),(43,204,24,'2026-04-11 08:31:45.486','2026-04-11 08:31:45.486'),(43,206,20,'2026-04-11 08:31:45.477','2026-04-11 08:31:45.477'),(43,207,21,'2026-04-11 08:31:45.581','2026-04-11 08:31:45.581'),(43,208,25,'2026-04-11 08:31:45.393','2026-04-11 08:31:45.393'),(43,211,26,'2026-04-11 08:31:45.503','2026-04-11 08:31:45.503'),(43,220,28,'2026-04-01 09:15:23.479','2026-04-11 08:31:45.208'),(43,224,30,'2026-04-01 09:15:23.691','2026-04-19 12:33:34.248'),(43,225,32,'2026-04-01 09:15:23.886','2026-04-19 12:33:34.326'),(43,226,31,'2026-04-01 09:15:23.878','2026-04-19 12:33:34.330'),(43,228,29,'2026-04-13 07:02:41.248','2026-04-19 12:33:34.334');
/*!40000 ALTER TABLE `role_permissions` ENABLE KEYS */;
UNLOCK TABLES;

--
-- Dumping data for table `roles`
--

LOCK TABLES `roles` WRITE;
/*!40000 ALTER TABLE `roles` DISABLE KEYS */;
INSERT  IGNORE INTO `roles` (`id`, `project_rid`, `rid`, `display_name`, `created_at`, `updated_at`) VALUES (1,'mindful','admin','Administrator','2025-11-22 13:40:15.730','2026-06-05 15:51:01.872'),(2,'mindful','iam-role-admin','Role Administrator','2025-11-22 13:40:19.587','2026-06-05 15:51:01.903'),(3,'mindful','storage-object-admin','Object Administrator','2025-11-22 13:40:20.107','2026-06-05 15:51:01.921'),(4,'mindful','content-content-admin','Content Administrator','2025-11-22 13:40:21.005','2026-06-05 15:51:02.073'),(5,'mindful','billing-sku-admin','Sku Administrator','2025-11-22 13:40:21.507','2026-06-05 15:51:03.277'),(6,'mindful','user-user-admin','User Administrator','2025-11-22 13:40:22.000','2026-06-05 15:51:04.309'),(7,'mindful','email-email-admin','Email Administrator','2025-11-22 13:40:22.510','2026-06-05 15:51:04.388'),(8,'mindful','user-organization-admin','Organization Administrator','2025-11-22 13:40:23.510','2026-06-05 15:51:04.579'),(9,'mindful','user-organization-editor','Organization Editor','2025-11-22 13:40:24.409','2026-06-05 15:51:04.677'),(10,'mindful','user-organization-viewer','Organization Viewer','2025-11-22 13:40:25.301','2026-06-05 15:51:04.696'),(11,'mindful','user-membership-admin','Membership Administrator','2025-11-22 13:40:25.790','2026-06-05 15:51:04.776'),(12,'mindful','user-membership-invitation-admin','Membership Invitation Administrator','2025-11-22 13:40:26.503','2026-03-30 13:06:17.661'),(13,'mindful','user-membership-invitation-user','Membership Invitation User','2025-11-22 13:40:27.090','2026-03-24 07:26:13.209'),(14,'mindful','customer','Customer','2025-11-22 13:40:27.507','2026-06-05 15:51:05.002'),(15,'mindful','guest','Guest','2025-11-22 13:40:27.805','2026-06-05 15:51:05.083'),(16,'mindful','storage-object-viewer','Object Viewer','2025-12-17 09:05:23.351','2026-06-05 15:51:01.989'),(17,'mindful','content-instructor-admin','Instructor Administrator','2026-01-04 15:39:49.744','2026-06-05 15:51:02.477'),(18,'mindful','content-tag-admin','Tag Administrator','2026-01-11 09:37:15.013','2026-06-05 15:51:02.673'),(19,'mindful','content-category-admin','Category Administrator','2026-01-14 08:20:50.596','2026-06-05 15:51:02.996'),(20,'mindful','content-instructor-editor','Instructor Editor','2026-02-02 09:11:12.452','2026-06-05 15:51:02.499'),(21,'mindful','content-instructor-viewer','Instructor Viewer','2026-02-02 09:11:14.154','2026-06-05 15:51:02.579'),(22,'mindful','content-tag-editor','Tag Editor','2026-02-02 09:29:34.879','2026-06-05 15:51:02.772'),(23,'mindful','content-tag-viewer','Tag Viewer','2026-02-02 09:29:36.192','2026-06-05 15:51:02.973'),(24,'mindful','content-category-editor','Category Editor','2026-02-02 09:32:26.298','2026-06-05 15:51:03.087'),(25,'mindful','content-category-viewer','Category Viewer','2026-02-02 09:32:27.977','2026-06-05 15:51:03.186'),(26,'mindful','content-content-editor','Content Editor','2026-02-02 09:56:20.246','2026-06-05 15:51:02.278'),(27,'mindful','content-content-viewer','Content Viewer','2026-02-02 09:56:21.547','2026-06-05 15:51:02.379'),(28,'mindful','billing-sku-editor','Sku Editor','2026-02-18 16:59:40.729','2026-06-05 15:51:03.299'),(29,'mindful','billing-sku-viewer','Sku Viewer','2026-02-18 16:59:41.524','2026-06-05 15:51:03.385'),(30,'mindful','billing-tier-admin','Tier Administrator','2026-02-18 16:59:41.941','2026-06-05 15:51:03.405'),(31,'mindful','billing-tier-editor','Tier Editor','2026-02-18 16:59:42.541','2026-06-05 15:51:03.485'),(32,'mindful','billing-tier-viewer','Tier Viewer','2026-02-18 16:59:43.134','2026-06-05 15:51:03.576'),(33,'mindful','billing-userBillingAccount-admin','User Billing Account Administrator','2026-03-24 07:25:11.414','2026-06-05 15:51:03.673'),(34,'mindful','billing-userBillingAccount-editor','User Billing Account Editor','2026-03-24 07:25:12.403','2026-06-05 15:51:03.695'),(35,'mindful','billing-userBillingAccount-viewer','User Billing Account Viewer','2026-03-24 07:25:13.330','2026-06-05 15:51:03.873'),(36,'mindful','user-membershipInvitation-user','Membership Invitation User','2026-03-24 07:46:01.647','2026-06-05 15:51:04.979'),(37,'mindful','billing-userBillingInfo-admin','User Billing Info Administrator','2026-03-30 15:03:54.918','2026-06-05 15:51:03.973'),(38,'mindful','billing-userBillingInfo-editor','User Billing Info Editor','2026-03-30 15:03:55.727','2026-06-05 15:51:03.993'),(39,'mindful','billing-userBillingInfo-viewer','User Billing Info Viewer','2026-03-30 15:03:56.618','2026-06-05 15:51:04.010'),(40,'mindful','user-membershipInvitation-admin','Membership Invitation Administrator','2026-03-30 15:03:57.419','2026-06-05 15:51:04.883'),(41,'mindful','billing-userEntitlement-admin','User Entitlement Administrator','2026-04-01 09:15:21.978','2026-06-05 15:51:04.083'),(42,'mindful','billing-userEntitlement-editor','User Entitlement Editor','2026-04-01 09:15:22.794','2026-06-05 15:51:04.184'),(43,'mindful','billing-userEntitlement-viewer','User Entitlement Viewer','2026-04-01 09:15:23.391','2026-06-05 15:51:04.289');
/*!40000 ALTER TABLE `roles` ENABLE KEYS */;
UNLOCK TABLES;
/*!40103 SET TIME_ZONE=@OLD_TIME_ZONE */;

/*!40101 SET SQL_MODE=@OLD_SQL_MODE */;
/*!40014 SET FOREIGN_KEY_CHECKS=@OLD_FOREIGN_KEY_CHECKS */;
/*!40014 SET UNIQUE_CHECKS=@OLD_UNIQUE_CHECKS */;
/*!40101 SET CHARACTER_SET_CLIENT=@OLD_CHARACTER_SET_CLIENT */;
/*!40101 SET CHARACTER_SET_RESULTS=@OLD_CHARACTER_SET_RESULTS */;
/*!40101 SET COLLATION_CONNECTION=@OLD_COLLATION_CONNECTION */;
/*!40111 SET SQL_NOTES=@OLD_SQL_NOTES */;

-- Dump completed on 2026-06-09  8:19:47
