-- MySQL dump 10.13  Distrib 8.4.9, for macos15 (arm64)
--
-- Host: 127.0.0.1    Database: master
-- ------------------------------------------------------
-- Server version	8.0.44-google

/*!40101 SET @OLD_CHARACTER_SET_CLIENT=@@CHARACTER_SET_CLIENT */;
/*!40101 SET @OLD_CHARACTER_SET_RESULTS=@@CHARACTER_SET_RESULTS */;
/*!40101 SET @OLD_COLLATION_CONNECTION=@@COLLATION_CONNECTION */;
/*!50503 SET NAMES utf8mb4 */;
/*!40103 SET @OLD_TIME_ZONE=@@TIME_ZONE */;
/*!40103 SET TIME_ZONE='+00:00' */;
/*!40014 SET @OLD_UNIQUE_CHECKS=@@UNIQUE_CHECKS, UNIQUE_CHECKS=0 */;
/*!40014 SET @OLD_FOREIGN_KEY_CHECKS=@@FOREIGN_KEY_CHECKS, FOREIGN_KEY_CHECKS=0 */;
/*!40101 SET @OLD_SQL_MODE=@@SQL_MODE, SQL_MODE='NO_AUTO_VALUE_ON_ZERO' */;
/*!40111 SET @OLD_SQL_NOTES=@@SQL_NOTES, SQL_NOTES=0 */;

--
-- Dumping data for table `permissions`
--

LOCK TABLES `permissions` WRITE;
/*!40000 ALTER TABLE `permissions` DISABLE KEYS */;
INSERT  IGNORE INTO `permissions` (`id`, `rid`, `created_at`, `updated_at`) VALUES (1,'user_organization_create','2025-10-12 16:45:57.811','2025-10-12 16:45:57.811'),(2,'user_organization_delete','2025-10-12 16:45:57.822','2025-10-12 16:45:57.822'),(3,'email_email_batchGet','2025-10-12 16:45:57.901','2025-10-12 16:45:57.901'),(4,'auth_account_testIamPermissions','2025-10-12 16:45:57.908','2025-10-12 16:45:57.908'),(5,'user_membership_list','2025-10-12 16:45:57.916','2025-10-12 16:45:57.916'),(6,'email_email_create','2025-10-12 16:45:57.924','2025-10-12 16:45:57.924'),(7,'email_email_delete','2025-10-12 16:45:58.002','2025-10-12 16:45:58.002'),(8,'resourcemanager_project_getIamPolicy','2025-10-12 16:45:58.009','2025-10-12 16:45:58.009'),(9,'resourcemanager_project_setIamPolicy','2025-10-12 16:45:58.017','2025-10-12 16:45:58.017'),(10,'iam_role_list','2025-10-12 16:45:58.025','2025-10-12 16:45:58.025'),(11,'user_organization_batchGet','2025-10-12 16:45:58.103','2025-10-12 16:45:58.103'),(12,'user_membership_delete','2025-10-12 16:45:58.110','2025-10-12 16:45:58.110'),(13,'resourcemanager_projectConfig_update','2025-10-12 16:45:58.117','2025-10-12 16:45:58.117'),(14,'auth_account_sendEmailLogin','2025-10-12 16:45:58.124','2025-10-12 16:45:58.124'),(15,'user_user_update','2025-10-12 16:45:58.132','2025-10-12 16:45:58.132'),(16,'user_organization_list','2025-10-12 16:45:58.203','2025-10-12 16:45:58.203'),(17,'user_membershipInvitation_batchGet','2025-10-12 16:45:58.212','2025-10-12 16:45:58.212'),(18,'email_emailConfig_get','2025-10-12 16:45:58.300','2025-10-12 16:45:58.300'),(19,'email_email_list','2025-10-12 16:45:58.310','2025-10-12 16:45:58.310'),(20,'email_emailTemplate_get','2025-10-12 16:45:58.318','2025-10-12 16:45:58.318'),(21,'email_emailTemplate_delete','2025-10-12 16:45:58.325','2025-10-12 16:45:58.325'),(22,'auth_account_get','2025-10-12 16:45:58.334','2025-10-12 16:45:58.334'),(23,'user_membershipInvitation_get','2025-10-12 16:45:58.341','2025-10-12 16:45:58.341'),(24,'user_membershipInvitation_getIamPolicy','2025-10-12 16:45:58.402','2025-10-12 16:45:58.402'),(25,'email_emailConfig_update','2025-10-12 16:45:58.410','2025-10-12 16:45:58.410'),(26,'resourcemanager_project_testIamPermissions','2025-10-12 16:45:58.418','2025-10-12 16:45:58.418'),(27,'user_organization_getIamPolicy','2025-10-12 16:45:58.427','2025-10-12 16:45:58.427'),(28,'user_membership_get','2025-10-12 16:45:58.501','2025-10-12 16:45:58.501'),(29,'user_membershipInvitation_update','2025-10-12 16:45:58.508','2025-10-12 16:45:58.508'),(30,'iam_role_batchGet','2025-10-12 16:45:58.516','2025-10-12 16:45:58.516'),(31,'user_membershipInvitation_create','2025-10-12 16:45:58.524','2025-10-12 16:45:58.524'),(32,'resourcemanager_project_get','2025-10-12 16:45:58.598','2025-10-12 16:45:58.598'),(33,'authorization_authorizationModel_get','2025-10-12 16:45:58.605','2025-10-12 16:45:58.605'),(34,'iam_role_get','2025-10-12 16:45:58.611','2025-10-12 16:45:58.611'),(35,'user_membership_getIamPolicy','2025-10-12 16:45:58.619','2025-10-12 16:45:58.619'),(36,'resourcemanager_projectConfig_batchGet','2025-10-12 16:45:58.627','2025-10-12 16:45:58.627'),(37,'user_profile_batchGet','2025-10-12 16:45:58.635','2025-10-12 16:45:58.635'),(38,'user_organization_testIamPermissions','2025-10-12 16:45:58.705','2025-10-12 16:45:58.705'),(39,'user_membership_update','2025-10-12 16:45:58.712','2025-10-12 16:45:58.712'),(40,'user_membership_testIamPermissions','2025-10-12 16:45:58.720','2025-10-12 16:45:58.720'),(41,'email_emailTemplate_batchGet','2025-10-12 16:45:58.798','2025-10-12 16:45:58.798'),(42,'email_emailTemplate_update','2025-10-12 16:45:58.806','2025-10-12 16:45:58.806'),(43,'user_membershipInvitation_testIamPermissions','2025-10-12 16:45:58.813','2025-10-12 16:45:58.813'),(44,'user_membershipInvitation_resend','2025-10-12 16:45:58.820','2025-10-12 16:45:58.820'),(45,'iam_role_create','2025-10-12 16:45:58.904','2025-10-12 16:45:58.904'),(46,'user_profile_get','2025-10-12 16:45:58.911','2025-10-12 16:45:58.911'),(47,'user_membershipInvitation_list','2025-10-12 16:45:58.919','2025-10-12 16:45:58.919'),(48,'user_user_getIamPolicy','2025-10-12 16:45:58.927','2025-10-12 16:45:58.927'),(49,'user_membership_batchGet','2025-10-12 16:45:58.936','2025-10-12 16:45:58.936'),(50,'user_membershipInvitation_delete','2025-10-12 16:45:59.004','2025-10-12 16:45:59.004'),(51,'email_operation_list','2025-10-12 16:45:59.012','2025-10-12 16:45:59.012'),(52,'email_email_update','2025-10-12 16:45:59.020','2025-10-12 16:45:59.020'),(53,'email_email_send','2025-10-12 16:45:59.027','2025-10-12 16:45:59.027'),(54,'iam_role_update','2025-10-12 16:45:59.104','2025-10-12 16:45:59.104'),(55,'user_user_get','2025-10-12 16:45:59.112','2025-10-12 16:45:59.112'),(56,'user_user_list','2025-10-12 16:45:59.120','2025-10-12 16:45:59.120'),(57,'email_email_get','2025-10-12 16:45:59.130','2025-10-12 16:45:59.130'),(58,'email_emailTemplate_create','2025-10-12 16:45:59.138','2025-10-12 16:45:59.138'),(59,'user_user_batchGet','2025-10-12 16:45:59.198','2025-10-12 16:45:59.198'),(60,'user_user_delete','2025-10-12 16:45:59.206','2025-10-12 16:45:59.206'),(61,'resourcemanager_project_batchGet','2025-10-12 16:45:59.214','2025-10-12 16:45:59.214'),(62,'iam_role_delete','2025-10-12 16:45:59.221','2025-10-12 16:45:59.221'),(63,'user_user_testIamPermissions','2025-10-12 16:45:59.301','2025-10-12 16:45:59.301'),(64,'user_profile_update','2025-10-12 16:45:59.308','2025-10-12 16:45:59.308'),(65,'user_organization_get','2025-10-12 16:45:59.316','2025-10-12 16:45:59.316'),(66,'user_organization_update','2025-10-12 16:45:59.323','2025-10-12 16:45:59.323'),(67,'email_operation_get','2025-10-12 16:45:59.403','2025-10-12 16:45:59.403'),(68,'email_emailTemplate_list','2025-10-12 16:45:59.410','2025-10-12 16:45:59.410'),(69,'resourcemanager_projectConfig_get','2025-10-12 16:45:59.418','2025-10-12 16:45:59.418'),(70,'user_membershipInvitation_accept','2025-10-12 16:46:05.623','2025-10-12 16:46:05.623'),(71,'storage_object_list','2025-10-21 19:12:05.963','2025-10-21 19:12:05.963'),(72,'storage_object_update','2025-10-21 19:12:06.054','2025-10-21 19:12:06.054'),(73,'storage_object_create','2025-10-21 19:12:06.077','2025-10-21 19:12:06.077'),(74,'storage_object_delete','2025-10-21 19:12:06.147','2025-10-21 19:12:06.147'),(75,'storage_object_sign','2025-10-21 19:12:06.154','2025-10-21 19:12:06.154'),(76,'storage_object_get','2025-10-21 19:12:06.163','2025-10-21 19:12:06.163'),(77,'storage_object_batchGet','2025-10-21 19:12:06.168','2025-10-21 19:12:06.168'),(78,'storage_object_upload','2025-10-21 19:12:06.172','2025-10-21 19:12:06.172'),(79,'storage_object_testIamPermissions','2025-11-15 10:22:30.656','2025-11-15 10:22:30.656'),(80,'content_content_get','2025-11-15 10:22:30.670','2025-11-15 10:22:30.670'),(81,'content_content_batchGet','2025-11-15 10:22:30.678','2025-11-15 10:22:30.678'),(82,'content_content_delete','2025-11-15 10:22:30.738','2025-11-15 10:22:30.738'),(83,'content_content_list','2025-11-15 10:22:30.746','2025-11-15 10:22:30.746'),(84,'content_content_testIamPermissions','2025-11-15 10:22:30.753','2025-11-15 10:22:30.753'),(85,'content_content_getIamPolicy','2025-11-15 10:22:30.761','2025-11-15 10:22:30.761'),(86,'content_content_create','2025-11-15 10:22:30.834','2025-11-15 10:22:30.834'),(87,'content_content_update','2025-11-15 10:22:30.842','2025-11-15 10:22:30.842'),(88,'storage_object_getIamPolicy','2025-11-15 10:22:30.850','2025-11-15 10:22:30.850'),(89,'billing_sku_create','2025-11-22 07:14:27.442','2025-11-22 07:14:27.442'),(90,'billing_sku_update','2025-11-22 07:14:27.467','2025-11-22 07:14:27.467'),(91,'billing_sku_get','2025-11-22 07:14:27.476','2025-11-22 07:14:27.476'),(92,'billing_sku_getIamPolicy','2025-11-22 07:14:27.515','2025-11-22 07:14:27.515'),(93,'billing_sku_testIamPermissions','2025-11-22 07:14:27.526','2025-11-22 07:14:27.526'),(94,'billing_sku_delete','2025-11-22 07:14:27.535','2025-11-22 07:14:27.535'),(95,'billing_sku_batchGet','2025-11-22 07:14:27.554','2025-11-22 07:14:27.554'),(96,'billing_sku_list','2025-11-22 07:14:27.564','2025-11-22 07:14:27.564'),(97,'storage_object_invalidate','2025-12-17 10:01:02.686','2025-12-17 10:01:02.686'),(98,'storage_object_clear','2025-12-17 10:01:02.753','2025-12-17 10:01:02.753'),(99,'user_profile_uploadImage','2025-12-17 10:01:02.762','2025-12-17 10:01:02.762'),(100,'storage_object_setIamPolicy','2025-12-22 06:26:33.628','2025-12-22 06:26:33.628'),(101,'content_instructorProfile_update','2026-01-28 16:20:48.510','2026-01-28 16:20:48.510'),(102,'content_instructorImage_list','2026-01-28 16:20:48.558','2026-01-28 16:20:48.558'),(103,'content_instructorImage_delete','2026-01-28 16:20:48.585','2026-01-28 16:20:48.585'),(104,'content_tag_getIamPolicy','2026-01-28 16:20:48.593','2026-01-28 16:20:48.593'),(105,'content_instructor_update','2026-01-28 16:20:48.683','2026-01-28 16:20:48.683'),(106,'content_tag_testIamPermissions','2026-01-28 16:20:48.693','2026-01-28 16:20:48.693'),(107,'content_tag_publish','2026-01-28 16:20:48.701','2026-01-28 16:20:48.701'),(108,'content_tagInfo_testIamPermissions','2026-01-28 16:20:48.711','2026-01-28 16:20:48.711'),(109,'content_category_unpublish','2026-01-28 16:20:48.781','2026-01-28 16:20:48.781'),(110,'content_contentImage_batchGet','2026-01-28 16:20:48.788','2026-01-28 16:20:48.788'),(111,'content_tagInfo_get','2026-01-28 16:20:48.796','2026-01-28 16:20:48.796'),(112,'content_category_batchGet','2026-01-28 16:20:48.804','2026-01-28 16:20:48.804'),(113,'content_category_list','2026-01-28 16:20:48.811','2026-01-28 16:20:48.811'),(114,'content_contentVideo_update','2026-01-28 16:20:48.886','2026-01-28 16:20:48.886'),(115,'content_instructor_batchGet','2026-01-28 16:20:48.894','2026-01-28 16:20:48.894'),(116,'content_tag_batchGet','2026-01-28 16:20:48.902','2026-01-28 16:20:48.902'),(117,'content_contentAudio_list','2026-01-28 16:20:48.983','2026-01-28 16:20:48.983'),(118,'content_tag_update','2026-01-28 16:20:48.993','2026-01-28 16:20:48.993'),(119,'content_contentImage_testIamPermissions','2026-01-28 16:20:49.079','2026-01-28 16:20:49.079'),(120,'content_categoryInfo_list','2026-01-28 16:20:49.087','2026-01-28 16:20:49.087'),(121,'content_contentVideo_getIamPolicy','2026-01-28 16:20:49.096','2026-01-28 16:20:49.096'),(122,'content_instructorImage_get','2026-01-28 16:20:49.104','2026-01-28 16:20:49.104'),(123,'content_tag_get','2026-01-28 16:20:49.279','2026-01-28 16:20:49.279'),(124,'content_tagInfo_list','2026-01-28 16:20:49.288','2026-01-28 16:20:49.288'),(125,'content_contentImage_list','2026-01-28 16:20:49.296','2026-01-28 16:20:49.296'),(126,'content_tag_delete','2026-01-28 16:20:49.304','2026-01-28 16:20:49.304'),(127,'content_contentAudio_batchGet','2026-01-28 16:20:49.313','2026-01-28 16:20:49.313'),(128,'content_instructor_getIamPolicy','2026-01-28 16:20:49.320','2026-01-28 16:20:49.320'),(129,'content_instructor_testIamPermissions','2026-01-28 16:20:49.386','2026-01-28 16:20:49.386'),(130,'content_contentInfo_getIamPolicy','2026-01-28 16:20:49.394','2026-01-28 16:20:49.394'),(131,'content_contentAudio_get','2026-01-28 16:20:49.402','2026-01-28 16:20:49.402'),(132,'content_categoryInfo_getIamPolicy','2026-01-28 16:20:49.457','2026-01-28 16:20:49.457'),(133,'content_contentVideo_create','2026-01-28 16:20:49.481','2026-01-28 16:20:49.481'),(134,'content_contentAudio_getIamPolicy','2026-01-28 16:20:49.489','2026-01-28 16:20:49.489'),(135,'content_instructorProfile_create','2026-01-28 16:20:49.499','2026-01-28 16:20:49.499'),(136,'content_instructorProfile_delete','2026-01-28 16:20:49.581','2026-01-28 16:20:49.581'),(137,'content_tagInfo_update','2026-01-28 16:20:49.592','2026-01-28 16:20:49.592'),(138,'content_contentInfo_create','2026-01-28 16:20:49.599','2026-01-28 16:20:49.599'),(139,'content_instructorImage_batchGet','2026-01-28 16:20:49.681','2026-01-28 16:20:49.681'),(140,'content_contentImage_getIamPolicy','2026-01-28 16:20:49.690','2026-01-28 16:20:49.690'),(141,'content_contentAudio_delete','2026-01-28 16:20:49.700','2026-01-28 16:20:49.700'),(142,'content_instructor_get','2026-01-28 16:20:49.708','2026-01-28 16:20:49.708'),(143,'content_contentInfo_delete','2026-01-28 16:20:49.755','2026-01-28 16:20:49.755'),(144,'content_contentAudio_update','2026-01-28 16:20:49.783','2026-01-28 16:20:49.783'),(145,'content_instructorProfile_list','2026-01-28 16:20:49.791','2026-01-28 16:20:49.791'),(146,'content_tag_unpublish','2026-01-28 16:20:49.799','2026-01-28 16:20:49.799'),(147,'content_categoryInfo_create','2026-01-28 16:20:49.881','2026-01-28 16:20:49.881'),(148,'content_tagInfo_batchGet','2026-01-28 16:20:49.890','2026-01-28 16:20:49.890'),(149,'content_contentVideo_delete','2026-01-28 16:20:49.897','2026-01-28 16:20:49.897'),(150,'content_instructorProfile_get','2026-01-28 16:20:49.905','2026-01-28 16:20:49.905'),(151,'content_tag_create','2026-01-28 16:20:49.914','2026-01-28 16:20:49.914'),(152,'content_contentInfo_batchGet','2026-01-28 16:20:49.985','2026-01-28 16:20:49.985'),(153,'content_contentVideo_get','2026-01-28 16:20:49.994','2026-01-28 16:20:49.994'),(154,'content_content_unpublish','2026-01-28 16:20:50.003','2026-01-28 16:20:50.003'),(155,'content_instructor_unpublish','2026-01-28 16:20:50.086','2026-01-28 16:20:50.086'),(156,'content_contentVideo_batchGet','2026-01-28 16:20:50.094','2026-01-28 16:20:50.094'),(157,'content_contentVideo_list','2026-01-28 16:20:50.102','2026-01-28 16:20:50.102'),(158,'content_categoryInfo_get','2026-01-28 16:20:50.110','2026-01-28 16:20:50.110'),(159,'content_instructorImage_create','2026-01-28 16:20:50.118','2026-01-28 16:20:50.118'),(160,'content_categoryInfo_update','2026-01-28 16:20:50.161','2026-01-28 16:20:50.161'),(161,'content_contentAudio_testIamPermissions','2026-01-28 16:20:50.181','2026-01-28 16:20:50.181'),(162,'content_instructor_list','2026-01-28 16:20:50.189','2026-01-28 16:20:50.189'),(163,'content_tag_list','2026-01-28 16:20:50.198','2026-01-28 16:20:50.198'),(164,'content_category_get','2026-01-28 16:20:50.264','2026-01-28 16:20:50.264'),(165,'content_contentImage_update','2026-01-28 16:20:50.285','2026-01-28 16:20:50.285'),(166,'content_category_getIamPolicy','2026-01-28 16:20:50.293','2026-01-28 16:20:50.293'),(167,'content_categoryInfo_testIamPermissions','2026-01-28 16:20:50.301','2026-01-28 16:20:50.301'),(168,'content_content_publish','2026-01-28 16:20:50.310','2026-01-28 16:20:50.310'),(169,'content_instructorProfile_getIamPolicy','2026-01-28 16:20:50.386','2026-01-28 16:20:50.386'),(170,'content_categoryInfo_batchGet','2026-01-28 16:20:50.394','2026-01-28 16:20:50.394'),(171,'content_contentInfo_get','2026-01-28 16:20:50.401','2026-01-28 16:20:50.401'),(172,'content_instructorProfile_batchGet','2026-01-28 16:20:50.481','2026-01-28 16:20:50.481'),(173,'content_contentInfo_testIamPermissions','2026-01-28 16:20:50.489','2026-01-28 16:20:50.489'),(174,'content_contentAudio_create','2026-01-28 16:20:50.499','2026-01-28 16:20:50.499'),(175,'content_instructor_publish','2026-01-28 16:20:50.506','2026-01-28 16:20:50.506'),(176,'content_instructorImage_testIamPermissions','2026-01-28 16:20:50.513','2026-01-28 16:20:50.513'),(177,'content_category_create','2026-01-28 16:20:50.521','2026-01-28 16:20:50.521'),(178,'content_instructorImage_getIamPolicy','2026-01-28 16:20:50.585','2026-01-28 16:20:50.585'),(179,'content_category_update','2026-01-28 16:20:50.594','2026-01-28 16:20:50.594'),(180,'content_contentInfo_list','2026-01-28 16:20:50.602','2026-01-28 16:20:50.602'),(181,'content_contentImage_create','2026-01-28 16:20:50.610','2026-01-28 16:20:50.610'),(182,'content_contentImage_delete','2026-01-28 16:20:50.658','2026-01-28 16:20:50.658'),(183,'content_instructorProfile_testIamPermissions','2026-01-28 16:20:50.669','2026-01-28 16:20:50.669'),(184,'content_instructorImage_update','2026-01-28 16:20:50.685','2026-01-28 16:20:50.685'),(185,'content_tagInfo_create','2026-01-28 16:20:50.757','2026-01-28 16:20:50.757'),(186,'content_category_delete','2026-01-28 16:20:50.783','2026-01-28 16:20:50.783'),(187,'content_category_testIamPermissions','2026-01-28 16:20:50.791','2026-01-28 16:20:50.791'),(188,'content_tagInfo_delete','2026-01-28 16:20:50.798','2026-01-28 16:20:50.798'),(189,'content_tagInfo_getIamPolicy','2026-01-28 16:20:50.806','2026-01-28 16:20:50.806'),(190,'content_category_publish','2026-01-28 16:20:50.881','2026-01-28 16:20:50.881'),(191,'content_categoryInfo_delete','2026-01-28 16:20:50.889','2026-01-28 16:20:50.889'),(192,'content_contentImage_get','2026-01-28 16:20:50.979','2026-01-28 16:20:50.979'),(193,'content_instructor_delete','2026-01-28 16:20:50.987','2026-01-28 16:20:50.987'),(194,'content_contentVideo_testIamPermissions','2026-01-28 16:20:50.996','2026-01-28 16:20:50.996'),(195,'content_content_sign','2026-01-28 16:20:51.004','2026-01-28 16:20:51.004'),(196,'content_instructor_create','2026-01-28 16:20:51.012','2026-01-28 16:20:51.012'),(197,'content_contentInfo_update','2026-01-28 16:20:51.083','2026-01-28 16:20:51.083'),(198,'billing_price_list','2026-02-18 15:06:59.722','2026-02-18 15:06:59.722'),(199,'billing_price_create','2026-02-18 15:06:59.789','2026-02-18 15:06:59.789'),(200,'billing_price_delete','2026-02-18 15:06:59.794','2026-02-18 15:06:59.794'),(201,'billing_tier_list','2026-02-18 15:06:59.798','2026-02-18 15:06:59.798'),(202,'billing_price_batchGet','2026-02-18 15:06:59.802','2026-02-18 15:06:59.802'),(203,'billing_tier_update','2026-02-18 15:06:59.806','2026-02-18 15:06:59.806'),(204,'billing_tier_delete','2026-02-18 15:06:59.810','2026-02-18 15:06:59.810'),(205,'billing_price_get','2026-02-18 15:06:59.879','2026-02-18 15:06:59.879'),(206,'billing_price_update','2026-02-18 15:06:59.884','2026-02-18 15:06:59.884'),(207,'billing_tier_getIamPolicy','2026-02-18 15:06:59.889','2026-02-18 15:06:59.889'),(208,'billing_tier_testIamPermissions','2026-02-18 15:06:59.897','2026-02-18 15:06:59.897'),(209,'billing_price_getIamPolicy','2026-02-18 15:06:59.902','2026-02-18 15:06:59.902'),(210,'billing_tier_get','2026-02-18 15:06:59.906','2026-02-18 15:06:59.906'),(211,'billing_price_testIamPermissions','2026-02-18 15:06:59.977','2026-02-18 15:06:59.977'),(212,'billing_tier_batchGet','2026-02-18 15:06:59.983','2026-02-18 15:06:59.983'),(213,'billing_tier_create','2026-02-18 15:06:59.987','2026-02-18 15:06:59.987'),(214,'billing_userBillingAccount_batchGet','2026-05-04 07:21:19.657','2026-05-04 07:21:19.657'),(215,'billingstripe_stripePrice_resolve','2026-05-04 07:21:19.690','2026-05-04 07:21:19.690'),(216,'billing_userEntitlement_get','2026-05-04 07:21:19.708','2026-05-04 07:21:19.708'),(217,'billing_userEntitlement_batchGet','2026-05-04 07:21:19.717','2026-05-04 07:21:19.717'),(218,'billing_userBillingInfo_update','2026-05-04 07:21:19.725','2026-05-04 07:21:19.725'),(219,'billing_userBillingInfo_get','2026-05-04 07:21:19.742','2026-05-04 07:21:19.742'),(220,'billing_userBillingAccount_generateStripePortalSession','2026-05-04 07:21:19.751','2026-05-04 07:21:19.751'),(221,'billing_userBillingAccount_get','2026-05-04 07:21:19.770','2026-05-04 07:21:19.770'),(222,'billing_userBillingAccount_initializeUserStripeSubscription','2026-05-04 07:21:19.778','2026-05-04 07:21:19.778'),(223,'billing_userBillingAccount_testIamPermissions','2026-05-04 07:21:19.787','2026-05-04 07:21:19.787'),(224,'billing_userBillingAccount_create','2026-05-04 07:21:19.795','2026-05-04 07:21:19.795'),(225,'billing_userBillingAccount_getIamPolicy','2026-05-04 07:21:19.866','2026-05-04 07:21:19.866'),(226,'billing_userEntitlement_list','2026-05-04 07:21:19.873','2026-05-04 07:21:19.873'),(227,'billing_userBillingAccount_delete','2026-05-04 07:21:19.893','2026-05-04 07:21:19.893'),(228,'billing_userBillingAccount_update','2026-05-04 07:21:19.902','2026-05-04 07:21:19.902'),(229,'billing_userBillingAccount_list','2026-05-04 07:21:19.910','2026-05-04 07:21:19.910');
/*!40000 ALTER TABLE `permissions` ENABLE KEYS */;
UNLOCK TABLES;

--
-- Dumping data for table `role_batch_write_tuples_outboxes`
--

LOCK TABLES `role_batch_write_tuples_outboxes` WRITE;
/*!40000 ALTER TABLE `role_batch_write_tuples_outboxes` DISABLE KEYS */;
/*!40000 ALTER TABLE `role_batch_write_tuples_outboxes` ENABLE KEYS */;
UNLOCK TABLES;

--
-- Dumping data for table `role_permissions`
--

LOCK TABLES `role_permissions` WRITE;
/*!40000 ALTER TABLE `role_permissions` DISABLE KEYS */;
INSERT  IGNORE INTO `role_permissions` (`role_id`, `permission_id`, `order`, `created_at`, `updated_at`) VALUES (1,1,32,'2025-10-12 16:45:57.817','2025-12-17 10:01:02.352'),(1,2,34,'2025-10-12 16:45:57.826','2025-12-17 10:01:02.558'),(1,3,58,'2025-10-12 16:45:57.905','2025-12-17 10:01:01.949'),(1,4,9,'2025-10-12 16:45:57.912','2025-10-12 16:45:57.912'),(1,5,39,'2025-10-12 16:45:57.920','2025-12-17 10:01:01.995'),(1,6,60,'2025-10-12 16:45:57.998','2025-12-17 10:01:01.986'),(1,7,62,'2025-10-12 16:45:58.006','2025-12-17 10:01:02.075'),(1,8,2,'2025-10-12 16:45:58.013','2025-10-12 16:45:58.013'),(1,9,3,'2025-10-12 16:45:58.021','2025-10-12 16:45:58.021'),(1,10,14,'2025-10-12 16:45:58.098','2025-10-12 16:45:58.098'),(1,11,30,'2025-10-12 16:45:58.106','2025-12-17 10:01:02.263'),(1,12,41,'2025-10-12 16:45:58.114','2025-12-17 10:01:02.580'),(1,13,7,'2025-10-12 16:45:58.121','2025-10-12 16:45:58.121'),(1,14,10,'2025-10-12 16:45:58.129','2025-10-12 16:45:58.129'),(1,15,21,'2025-10-12 16:45:58.198','2025-10-12 16:45:58.198'),(1,16,31,'2025-10-12 16:45:58.207','2025-12-17 10:01:02.184'),(1,17,45,'2025-10-12 16:45:58.216','2025-12-17 10:01:01.972'),(1,18,53,'2025-10-12 16:45:58.306','2025-12-17 10:01:01.848'),(1,19,59,'2025-10-12 16:45:58.314','2025-12-17 10:01:01.990'),(1,20,64,'2025-10-12 16:45:58.322','2025-12-17 10:01:02.461'),(1,21,69,'2025-10-12 16:45:58.329','2025-12-17 10:01:02.366'),(1,22,8,'2025-10-12 16:45:58.337','2025-10-12 16:45:58.337'),(1,23,44,'2025-10-12 16:45:58.398','2025-12-17 10:01:02.175'),(1,24,50,'2025-10-12 16:45:58.406','2025-12-17 10:01:02.397'),(1,25,54,'2025-10-12 16:45:58.414','2025-12-17 10:01:02.567'),(1,26,4,'2025-10-12 16:45:58.422','2025-10-12 16:45:58.422'),(1,27,35,'2025-10-12 16:45:58.431','2025-12-17 10:01:01.866'),(1,28,37,'2025-10-12 16:45:58.504','2025-12-17 10:01:02.456'),(1,29,48,'2025-10-12 16:45:58.513','2025-12-17 10:01:02.661'),(1,30,13,'2025-10-12 16:45:58.520','2025-10-12 16:45:58.520'),(1,31,47,'2025-10-12 16:45:58.528','2025-12-17 10:01:02.165'),(1,32,0,'2025-10-12 16:45:58.602','2025-10-12 16:45:58.602'),(1,33,11,'2025-10-12 16:45:58.608','2025-10-12 16:45:58.608'),(1,34,12,'2025-10-12 16:45:58.615','2025-10-12 16:45:58.615'),(1,35,42,'2025-10-12 16:45:58.623','2025-12-17 10:01:02.584'),(1,36,6,'2025-10-12 16:45:58.631','2025-10-12 16:45:58.631'),(1,37,26,'2025-10-12 16:45:58.700','2025-10-12 16:45:58.700'),(1,38,36,'2025-10-12 16:45:58.708','2025-12-17 10:01:02.381'),(1,39,40,'2025-10-12 16:45:58.716','2025-12-17 10:01:02.267'),(1,40,43,'2025-10-12 16:45:58.723','2025-12-17 10:01:02.389'),(1,41,65,'2025-10-12 16:45:58.802','2025-12-17 10:01:02.056'),(1,42,68,'2025-10-12 16:45:58.809','2025-12-17 10:01:02.682'),(1,43,51,'2025-10-12 16:45:58.816','2025-12-17 10:01:02.385'),(1,44,52,'2025-10-12 16:45:58.900','2025-12-17 10:01:02.666'),(1,45,15,'2025-10-12 16:45:58.908','2025-10-12 16:45:58.908'),(1,46,25,'2025-10-12 16:45:58.915','2025-10-12 16:45:58.915'),(1,47,46,'2025-10-12 16:45:58.923','2025-12-17 10:01:02.249'),(1,48,23,'2025-10-12 16:45:58.931','2025-10-12 16:45:58.931'),(1,49,38,'2025-10-12 16:45:59.000','2025-12-17 10:01:01.870'),(1,50,49,'2025-10-12 16:45:59.008','2025-12-17 10:01:02.657'),(1,51,56,'2025-10-12 16:45:59.016','2025-12-17 10:01:02.562'),(1,52,61,'2025-10-12 16:45:59.023','2025-12-17 10:01:02.548'),(1,53,63,'2025-10-12 16:45:59.101','2025-12-17 10:01:02.052'),(1,54,16,'2025-10-12 16:45:59.108','2025-10-12 16:45:59.108'),(1,55,18,'2025-10-12 16:45:59.116','2025-10-12 16:45:59.116'),(1,56,20,'2025-10-12 16:45:59.124','2025-10-12 16:45:59.124'),(1,57,57,'2025-10-12 16:45:59.133','2025-12-17 10:01:02.371'),(1,58,67,'2025-10-12 16:45:59.143','2025-12-17 10:01:01.856'),(1,59,19,'2025-10-12 16:45:59.202','2025-10-12 16:45:59.202'),(1,60,22,'2025-10-12 16:45:59.210','2025-10-12 16:45:59.210'),(1,61,1,'2025-10-12 16:45:59.217','2025-10-12 16:45:59.217'),(1,62,17,'2025-10-12 16:45:59.225','2025-10-12 16:45:59.225'),(1,63,24,'2025-10-12 16:45:59.304','2025-10-12 16:45:59.304'),(1,64,27,'2025-10-12 16:45:59.311','2025-10-12 16:45:59.311'),(1,65,29,'2025-10-12 16:45:59.320','2025-12-17 10:01:02.653'),(1,66,33,'2025-10-12 16:45:59.398','2025-12-17 10:01:01.962'),(1,67,55,'2025-10-12 16:45:59.406','2025-12-17 10:01:02.356'),(1,68,66,'2025-10-12 16:45:59.414','2025-12-17 10:01:01.957'),(1,69,5,'2025-10-12 16:45:59.422','2025-10-12 16:45:59.422'),(1,71,72,'2025-10-21 19:16:51.363','2025-12-17 10:01:02.393'),(1,72,74,'2025-10-21 19:16:51.358','2025-12-17 10:01:02.180'),(1,73,73,'2025-10-21 19:16:51.345','2025-12-17 10:01:02.576'),(1,74,75,'2025-10-21 19:16:51.350','2025-12-17 10:01:02.673'),(1,75,81,'2025-10-21 19:16:51.264','2025-12-22 06:26:33.602'),(1,76,70,'2025-10-21 19:16:51.268','2025-12-17 10:01:02.361'),(1,77,71,'2025-10-21 19:16:51.258','2025-12-17 10:01:01.981'),(1,78,82,'2025-10-21 19:16:51.354','2025-12-22 06:26:33.413'),(1,79,78,'2025-11-15 10:22:30.666','2025-12-22 06:26:33.619'),(1,80,83,'2025-11-15 10:22:30.674','2025-12-22 06:26:33.610'),(1,81,84,'2025-11-15 10:22:30.734','2025-12-22 06:26:33.521'),(1,82,88,'2025-11-15 10:22:30.742','2025-12-22 06:26:33.437'),(1,83,85,'2025-11-15 10:22:30.750','2025-12-22 06:26:33.528'),(1,84,90,'2025-11-15 10:22:30.757','2025-12-22 06:26:33.433'),(1,85,89,'2025-11-15 10:22:30.764','2025-12-22 06:26:33.524'),(1,86,86,'2025-11-15 10:22:30.838','2025-12-22 06:26:33.517'),(1,87,87,'2025-11-15 10:22:30.846','2025-12-22 06:26:33.532'),(1,88,76,'2025-11-15 10:22:30.853','2025-12-17 10:01:01.861'),(1,89,191,'2025-11-22 08:18:39.611','2026-01-28 16:20:48.484'),(1,90,192,'2025-11-22 08:18:39.413','2026-01-28 16:20:48.488'),(1,91,188,'2025-11-22 08:18:39.344','2026-01-28 16:20:48.478'),(1,92,194,'2025-11-22 08:18:39.430','2026-01-28 16:20:48.407'),(1,93,195,'2025-11-22 07:14:27.530','2026-01-28 16:20:48.497'),(1,94,193,'2025-11-22 08:18:39.422','2026-01-28 16:20:48.505'),(1,95,189,'2025-11-22 08:18:39.438','2026-01-28 16:20:48.492'),(1,96,190,'2025-11-22 08:18:39.333','2026-01-28 16:20:48.501'),(1,97,80,'2025-12-17 10:01:02.694','2025-12-22 06:26:33.506'),(1,98,79,'2025-12-17 10:01:02.757','2025-12-22 06:26:33.425'),(1,99,28,'2025-12-17 10:01:02.848','2025-12-17 10:01:02.848'),(1,100,77,'2025-12-22 06:26:33.636','2025-12-22 06:26:33.636'),(1,101,108,'2026-01-28 16:20:48.520','2026-01-28 16:20:48.520'),(1,102,114,'2026-01-28 16:20:48.581','2026-01-28 16:20:48.581'),(1,103,117,'2026-01-28 16:20:48.588','2026-01-28 16:20:48.588'),(1,104,126,'2026-01-28 16:20:48.678','2026-01-28 16:20:48.678'),(1,105,98,'2026-01-28 16:20:48.688','2026-01-28 16:20:48.688'),(1,106,127,'2026-01-28 16:20:48.697','2026-01-28 16:20:48.697'),(1,107,128,'2026-01-28 16:20:48.705','2026-01-28 16:20:48.705'),(1,108,137,'2026-01-28 16:20:48.716','2026-01-28 16:20:48.716'),(1,109,147,'2026-01-28 16:20:48.785','2026-01-28 16:20:48.785'),(1,110,165,'2026-01-28 16:20:48.792','2026-01-28 16:20:48.792'),(1,111,130,'2026-01-28 16:20:48.800','2026-01-28 16:20:48.800'),(1,112,139,'2026-01-28 16:20:48.808','2026-01-28 16:20:48.808'),(1,113,140,'2026-01-28 16:20:48.881','2026-01-28 16:20:48.881'),(1,114,176,'2026-01-28 16:20:48.890','2026-01-28 16:20:48.890'),(1,115,95,'2026-01-28 16:20:48.898','2026-01-28 16:20:48.898'),(1,116,121,'2026-01-28 16:20:48.906','2026-01-28 16:20:48.906'),(1,117,182,'2026-01-28 16:20:48.988','2026-01-28 16:20:48.988'),(1,118,124,'2026-01-28 16:20:48.996','2026-01-28 16:20:48.996'),(1,119,171,'2026-01-28 16:20:49.083','2026-01-28 16:20:49.083'),(1,120,150,'2026-01-28 16:20:49.091','2026-01-28 16:20:49.091'),(1,121,178,'2026-01-28 16:20:49.099','2026-01-28 16:20:49.099'),(1,122,112,'2026-01-28 16:20:49.181','2026-01-28 16:20:49.181'),(1,123,120,'2026-01-28 16:20:49.283','2026-01-28 16:20:49.283'),(1,124,132,'2026-01-28 16:20:49.292','2026-01-28 16:20:49.292'),(1,125,166,'2026-01-28 16:20:49.300','2026-01-28 16:20:49.300'),(1,126,125,'2026-01-28 16:20:49.309','2026-01-28 16:20:49.309'),(1,127,181,'2026-01-28 16:20:49.316','2026-01-28 16:20:49.316'),(1,128,100,'2026-01-28 16:20:49.381','2026-01-28 16:20:49.381'),(1,129,101,'2026-01-28 16:20:49.390','2026-01-28 16:20:49.390'),(1,130,162,'2026-01-28 16:20:49.398','2026-01-28 16:20:49.398'),(1,131,180,'2026-01-28 16:20:49.406','2026-01-28 16:20:49.406'),(1,132,154,'2026-01-28 16:20:49.461','2026-01-28 16:20:49.461'),(1,133,175,'2026-01-28 16:20:49.485','2026-01-28 16:20:49.485'),(1,134,186,'2026-01-28 16:20:49.494','2026-01-28 16:20:49.494'),(1,135,107,'2026-01-28 16:20:49.503','2026-01-28 16:20:49.503'),(1,136,109,'2026-01-28 16:20:49.588','2026-01-28 16:20:49.588'),(1,137,134,'2026-01-28 16:20:49.595','2026-01-28 16:20:49.595'),(1,138,159,'2026-01-28 16:20:49.604','2026-01-28 16:20:49.604'),(1,139,113,'2026-01-28 16:20:49.686','2026-01-28 16:20:49.686'),(1,140,170,'2026-01-28 16:20:49.694','2026-01-28 16:20:49.694'),(1,141,185,'2026-01-28 16:20:49.703','2026-01-28 16:20:49.703'),(1,142,94,'2026-01-28 16:20:49.712','2026-01-28 16:20:49.712'),(1,143,161,'2026-01-28 16:20:49.778','2026-01-28 16:20:49.778'),(1,144,184,'2026-01-28 16:20:49.787','2026-01-28 16:20:49.787'),(1,145,106,'2026-01-28 16:20:49.795','2026-01-28 16:20:49.795'),(1,146,129,'2026-01-28 16:20:49.803','2026-01-28 16:20:49.803'),(1,147,151,'2026-01-28 16:20:49.885','2026-01-28 16:20:49.885'),(1,148,131,'2026-01-28 16:20:49.893','2026-01-28 16:20:49.893'),(1,149,177,'2026-01-28 16:20:49.901','2026-01-28 16:20:49.901'),(1,150,104,'2026-01-28 16:20:49.910','2026-01-28 16:20:49.910'),(1,151,123,'2026-01-28 16:20:49.981','2026-01-28 16:20:49.981'),(1,152,157,'2026-01-28 16:20:49.990','2026-01-28 16:20:49.990'),(1,153,172,'2026-01-28 16:20:49.998','2026-01-28 16:20:49.998'),(1,154,93,'2026-01-28 16:20:50.081','2026-01-28 16:20:50.081'),(1,155,103,'2026-01-28 16:20:50.090','2026-01-28 16:20:50.090'),(1,156,173,'2026-01-28 16:20:50.098','2026-01-28 16:20:50.098'),(1,157,174,'2026-01-28 16:20:50.106','2026-01-28 16:20:50.106'),(1,158,148,'2026-01-28 16:20:50.114','2026-01-28 16:20:50.114'),(1,159,115,'2026-01-28 16:20:50.157','2026-01-28 16:20:50.157'),(1,160,152,'2026-01-28 16:20:50.165','2026-01-28 16:20:50.165'),(1,161,187,'2026-01-28 16:20:50.185','2026-01-28 16:20:50.185'),(1,162,96,'2026-01-28 16:20:50.193','2026-01-28 16:20:50.193'),(1,163,122,'2026-01-28 16:20:50.259','2026-01-28 16:20:50.259'),(1,164,138,'2026-01-28 16:20:50.281','2026-01-28 16:20:50.281'),(1,165,168,'2026-01-28 16:20:50.289','2026-01-28 16:20:50.289'),(1,166,144,'2026-01-28 16:20:50.297','2026-01-28 16:20:50.297'),(1,167,155,'2026-01-28 16:20:50.305','2026-01-28 16:20:50.305'),(1,168,91,'2026-01-28 16:20:50.381','2026-01-28 16:20:50.381'),(1,169,110,'2026-01-28 16:20:50.390','2026-01-28 16:20:50.390'),(1,170,149,'2026-01-28 16:20:50.397','2026-01-28 16:20:50.397'),(1,171,156,'2026-01-28 16:20:50.405','2026-01-28 16:20:50.405'),(1,172,105,'2026-01-28 16:20:50.485','2026-01-28 16:20:50.485'),(1,173,163,'2026-01-28 16:20:50.493','2026-01-28 16:20:50.493'),(1,174,183,'2026-01-28 16:20:50.502','2026-01-28 16:20:50.502'),(1,175,102,'2026-01-28 16:20:50.509','2026-01-28 16:20:50.509'),(1,176,119,'2026-01-28 16:20:50.517','2026-01-28 16:20:50.517'),(1,177,141,'2026-01-28 16:20:50.581','2026-01-28 16:20:50.581'),(1,178,118,'2026-01-28 16:20:50.589','2026-01-28 16:20:50.589'),(1,179,142,'2026-01-28 16:20:50.598','2026-01-28 16:20:50.598'),(1,180,158,'2026-01-28 16:20:50.606','2026-01-28 16:20:50.606'),(1,181,167,'2026-01-28 16:20:50.614','2026-01-28 16:20:50.614'),(1,182,169,'2026-01-28 16:20:50.663','2026-01-28 16:20:50.663'),(1,183,111,'2026-01-28 16:20:50.681','2026-01-28 16:20:50.681'),(1,184,116,'2026-01-28 16:20:50.690','2026-01-28 16:20:50.690'),(1,185,133,'2026-01-28 16:20:50.762','2026-01-28 16:20:50.762'),(1,186,143,'2026-01-28 16:20:50.787','2026-01-28 16:20:50.787'),(1,187,145,'2026-01-28 16:20:50.794','2026-01-28 16:20:50.794'),(1,188,135,'2026-01-28 16:20:50.802','2026-01-28 16:20:50.802'),(1,189,136,'2026-01-28 16:20:50.859','2026-01-28 16:20:50.859'),(1,190,146,'2026-01-28 16:20:50.885','2026-01-28 16:20:50.885'),(1,191,153,'2026-01-28 16:20:50.893','2026-01-28 16:20:50.893'),(1,192,164,'2026-01-28 16:20:50.983','2026-01-28 16:20:50.983'),(1,193,99,'2026-01-28 16:20:50.991','2026-01-28 16:20:50.991'),(1,194,179,'2026-01-28 16:20:51.000','2026-01-28 16:20:51.000'),(1,195,92,'2026-01-28 16:20:51.008','2026-01-28 16:20:51.008'),(1,196,97,'2026-01-28 16:20:51.078','2026-01-28 16:20:51.078'),(1,197,160,'2026-01-28 16:20:51.087','2026-01-28 16:20:51.087'),(1,198,198,'2026-02-18 15:06:59.727','2026-02-18 15:06:59.727'),(1,199,199,'2026-02-18 15:06:59.791','2026-02-18 15:06:59.791'),(1,200,201,'2026-02-18 15:06:59.796','2026-02-18 15:06:59.796'),(1,201,206,'2026-02-18 15:06:59.800','2026-02-18 15:06:59.800'),(1,202,197,'2026-02-18 15:06:59.804','2026-02-18 15:06:59.804'),(1,203,208,'2026-02-18 15:06:59.808','2026-02-18 15:06:59.808'),(1,204,209,'2026-02-18 15:06:59.812','2026-02-18 15:06:59.812'),(1,205,196,'2026-02-18 15:06:59.882','2026-02-18 15:06:59.882'),(1,206,200,'2026-02-18 15:06:59.887','2026-02-18 15:06:59.887'),(1,207,210,'2026-02-18 15:06:59.891','2026-02-18 15:06:59.891'),(1,208,211,'2026-02-18 15:06:59.899','2026-02-18 15:06:59.899'),(1,209,202,'2026-02-18 15:06:59.904','2026-02-18 15:06:59.904'),(1,210,204,'2026-02-18 15:06:59.908','2026-02-18 15:06:59.908'),(1,211,203,'2026-02-18 15:06:59.980','2026-02-18 15:06:59.980'),(1,212,205,'2026-02-18 15:06:59.985','2026-02-18 15:06:59.985'),(1,213,207,'2026-02-18 15:06:59.989','2026-02-18 15:06:59.989'),(1,214,213,'2026-05-04 07:21:19.668','2026-05-04 07:21:19.668'),(1,215,224,'2026-05-04 07:21:19.698','2026-05-04 07:21:19.698'),(1,216,225,'2026-05-04 07:21:19.712','2026-05-04 07:21:19.712'),(1,217,226,'2026-05-04 07:21:19.721','2026-05-04 07:21:19.721'),(1,218,223,'2026-05-04 07:21:19.729','2026-05-04 07:21:19.729'),(1,219,222,'2026-05-04 07:21:19.747','2026-05-04 07:21:19.747'),(1,220,220,'2026-05-04 07:21:19.766','2026-05-04 07:21:19.766'),(1,221,212,'2026-05-04 07:21:19.774','2026-05-04 07:21:19.774'),(1,222,221,'2026-05-04 07:21:19.783','2026-05-04 07:21:19.783'),(1,223,219,'2026-05-04 07:21:19.791','2026-05-04 07:21:19.791'),(1,224,215,'2026-05-04 07:21:19.798','2026-05-04 07:21:19.798'),(1,225,218,'2026-05-04 07:21:19.869','2026-05-04 07:21:19.869'),(1,226,227,'2026-05-04 07:21:19.889','2026-05-04 07:21:19.889'),(1,227,217,'2026-05-04 07:21:19.897','2026-05-04 07:21:19.897'),(1,228,216,'2026-05-04 07:21:19.906','2026-05-04 07:21:19.906'),(1,229,214,'2026-05-04 07:21:19.915','2026-05-04 07:21:19.915'),(2,4,3,'2025-10-12 16:46:00.609','2025-10-12 16:46:00.609'),(2,10,7,'2025-10-12 16:46:00.705','2025-10-12 16:46:00.705'),(2,14,4,'2025-10-12 16:46:00.500','2025-10-12 16:46:00.500'),(2,26,1,'2025-10-12 16:46:00.733','2025-10-12 16:46:00.733'),(2,30,6,'2025-10-12 16:46:00.624','2025-10-12 16:46:00.624'),(2,32,0,'2025-10-12 16:46:00.602','2025-10-12 16:46:00.602'),(2,34,5,'2025-10-12 16:46:00.616','2025-10-12 16:46:00.616'),(2,38,12,'2025-10-12 16:46:00.515','2025-10-12 16:46:00.515'),(2,45,8,'2025-10-12 16:46:00.712','2025-10-12 16:46:00.712'),(2,54,9,'2025-10-12 16:46:00.719','2025-10-12 16:46:00.719'),(2,62,10,'2025-10-12 16:46:00.726','2025-10-12 16:46:00.726'),(2,63,11,'2025-10-12 16:46:00.507','2025-10-12 16:46:00.507'),(2,69,2,'2025-10-12 16:46:00.802','2025-10-12 16:46:00.802'),(2,79,13,'2025-11-15 10:22:32.169','2025-11-15 10:24:47.436'),(2,84,14,'2025-11-15 10:22:32.177','2025-11-15 10:24:47.441'),(2,91,22,'2026-05-04 07:21:21.181','2026-05-04 07:21:21.181'),(2,93,25,'2025-11-22 07:14:28.524','2026-05-04 07:21:20.903'),(2,95,23,'2026-05-04 07:21:20.915','2026-05-04 07:21:20.915'),(2,96,24,'2026-05-04 07:21:21.188','2026-05-04 07:21:21.188'),(2,106,18,'2026-01-28 16:20:52.491','2026-01-28 16:20:52.491'),(2,108,19,'2026-01-28 16:20:52.500','2026-01-28 16:20:52.500'),(2,129,15,'2026-01-28 16:20:52.483','2026-01-28 16:20:52.483'),(2,167,21,'2026-01-28 16:20:52.591','2026-01-28 16:20:52.591'),(2,176,17,'2026-01-28 16:20:52.405','2026-01-28 16:20:52.405'),(2,183,16,'2026-01-28 16:20:52.583','2026-01-28 16:20:52.583'),(2,187,20,'2026-01-28 16:20:52.508','2026-01-28 16:20:52.508'),(2,198,28,'2026-05-04 07:21:20.980','2026-05-04 07:21:20.980'),(2,201,32,'2026-05-04 07:21:21.276','2026-05-04 07:21:21.276'),(2,202,27,'2026-05-04 07:21:21.165','2026-05-04 07:21:21.165'),(2,205,26,'2026-05-04 07:21:21.196','2026-05-04 07:21:21.196'),(2,208,33,'2026-02-27 11:11:52.514','2026-05-04 07:21:20.898'),(2,210,30,'2026-05-04 07:21:21.205','2026-05-04 07:21:21.205'),(2,211,29,'2026-02-27 11:11:52.501','2026-05-04 07:21:20.893'),(2,212,31,'2026-05-04 07:21:21.268','2026-05-04 07:21:21.268'),(2,215,35,'2026-05-04 07:21:21.173','2026-05-04 07:21:21.173'),(2,223,34,'2026-05-04 07:21:21.073','2026-05-04 07:21:21.073'),(3,4,3,'2025-10-12 16:46:01.123','2025-10-12 16:46:01.123'),(3,14,4,'2025-10-12 16:46:01.024','2025-10-12 16:46:01.024'),(3,15,8,'2025-10-12 16:46:00.910','2025-10-12 16:46:00.910'),(3,26,1,'2025-10-12 16:46:01.116','2025-10-12 16:46:01.116'),(3,32,0,'2025-10-12 16:46:01.016','2025-10-12 16:46:01.016'),(3,37,13,'2025-10-12 16:46:01.009','2025-10-12 16:46:01.009'),(3,38,16,'2025-10-12 16:46:00.917','2025-12-17 10:01:04.578'),(3,46,12,'2025-10-12 16:46:01.220','2025-10-12 16:46:01.220'),(3,48,10,'2025-10-12 16:46:01.204','2025-10-12 16:46:01.204'),(3,55,5,'2025-10-12 16:46:01.101','2025-10-12 16:46:01.101'),(3,56,7,'2025-10-12 16:46:01.133','2025-10-12 16:46:01.133'),(3,59,6,'2025-10-12 16:46:01.108','2025-10-12 16:46:01.108'),(3,60,9,'2025-10-12 16:46:01.000','2025-10-12 16:46:01.000'),(3,63,11,'2025-10-12 16:46:01.212','2025-10-12 16:46:01.212'),(3,64,14,'2025-10-12 16:46:00.902','2025-10-12 16:46:00.902'),(3,69,2,'2025-10-12 16:46:00.925','2025-10-12 16:46:00.925'),(3,79,17,'2025-11-15 10:22:33.053','2025-12-17 10:01:04.585'),(3,84,18,'2025-11-15 10:22:33.045','2025-12-17 10:01:04.582'),(3,91,26,'2026-05-04 07:21:38.595','2026-05-04 07:21:38.595'),(3,93,29,'2025-11-22 07:14:29.441','2026-05-04 07:21:38.091'),(3,95,27,'2026-05-04 07:21:38.485','2026-05-04 07:21:38.485'),(3,96,28,'2026-05-04 07:21:38.492','2026-05-04 07:21:38.492'),(3,99,15,'2025-12-17 10:01:04.655','2025-12-17 10:01:04.655'),(3,106,22,'2026-01-28 16:21:00.178','2026-01-28 16:21:00.178'),(3,108,23,'2026-01-28 16:21:00.188','2026-01-28 16:21:00.188'),(3,129,19,'2026-01-28 16:21:00.091','2026-01-28 16:21:00.091'),(3,167,25,'2026-01-28 16:21:00.204','2026-01-28 16:21:00.204'),(3,176,21,'2026-01-28 16:21:00.283','2026-01-28 16:21:00.283'),(3,183,20,'2026-01-28 16:21:00.292','2026-01-28 16:21:00.292'),(3,187,24,'2026-01-28 16:21:00.196','2026-01-28 16:21:00.196'),(3,198,32,'2026-05-04 07:21:38.677','2026-05-04 07:21:38.677'),(3,201,36,'2026-05-04 07:21:38.684','2026-05-04 07:21:38.684'),(3,202,31,'2026-05-04 07:21:38.179','2026-05-04 07:21:38.179'),(3,205,30,'2026-05-04 07:21:38.172','2026-05-04 07:21:38.172'),(3,208,37,'2026-02-27 11:11:56.603','2026-05-04 07:21:38.087'),(3,210,34,'2026-05-04 07:21:38.570','2026-05-04 07:21:38.570'),(3,211,33,'2026-02-27 11:11:56.611','2026-05-04 07:21:38.083'),(3,212,35,'2026-05-04 07:21:38.603','2026-05-04 07:21:38.603'),(3,214,39,'2026-05-04 07:21:38.577','2026-05-04 07:21:38.577'),(3,215,50,'2026-05-04 07:21:38.378','2026-05-04 07:21:38.378'),(3,216,51,'2026-05-04 07:21:38.387','2026-05-04 07:21:38.387'),(3,217,52,'2026-05-04 07:21:38.471','2026-05-04 07:21:38.471'),(3,218,49,'2026-05-04 07:21:38.107','2026-05-04 07:21:38.107'),(3,219,48,'2026-05-04 07:21:38.670','2026-05-04 07:21:38.670'),(3,220,46,'2026-05-04 07:21:38.408','2026-05-04 07:21:38.408'),(3,221,38,'2026-05-04 07:21:38.099','2026-05-04 07:21:38.099'),(3,222,47,'2026-05-04 07:21:38.587','2026-05-04 07:21:38.587'),(3,223,45,'2026-05-04 07:21:38.370','2026-05-04 07:21:38.370'),(3,224,41,'2026-05-04 07:21:38.394','2026-05-04 07:21:38.394'),(3,225,44,'2026-05-04 07:21:38.187','2026-05-04 07:21:38.187'),(3,226,53,'2026-05-04 07:21:38.478','2026-05-04 07:21:38.478'),(3,227,43,'2026-05-04 07:21:38.400','2026-05-04 07:21:38.400'),(3,228,42,'2026-05-04 07:21:38.692','2026-05-04 07:21:38.692'),(3,229,40,'2026-05-04 07:21:38.610','2026-05-04 07:21:38.610'),(4,3,12,'2025-10-12 16:46:01.424','2025-10-12 16:46:01.424'),(4,4,3,'2025-10-12 16:46:01.701','2025-10-12 16:46:01.701'),(4,6,14,'2025-10-12 16:46:01.432','2025-10-12 16:46:01.432'),(4,7,16,'2025-10-12 16:46:01.319','2025-10-12 16:46:01.319'),(4,14,4,'2025-10-12 16:46:01.731','2025-10-12 16:46:01.731'),(4,18,7,'2025-10-12 16:46:01.811','2025-10-12 16:46:01.811'),(4,19,13,'2025-10-12 16:46:01.825','2025-10-12 16:46:01.825'),(4,20,18,'2025-10-12 16:46:01.708','2025-10-12 16:46:01.708'),(4,21,23,'2025-10-12 16:46:01.627','2025-10-12 16:46:01.627'),(4,25,8,'2025-10-12 16:46:01.416','2025-10-12 16:46:01.416'),(4,26,1,'2025-10-12 16:46:01.512','2025-10-12 16:46:01.512'),(4,32,0,'2025-10-12 16:46:01.504','2025-10-12 16:46:01.504'),(4,38,6,'2025-10-12 16:46:01.409','2025-10-12 16:46:01.409'),(4,41,19,'2025-10-12 16:46:01.716','2025-10-12 16:46:01.716'),(4,42,22,'2025-10-12 16:46:01.620','2025-10-12 16:46:01.620'),(4,51,10,'2025-10-12 16:46:01.606','2025-10-12 16:46:01.606'),(4,52,15,'2025-10-12 16:46:01.900','2025-10-12 16:46:01.900'),(4,53,17,'2025-10-12 16:46:01.440','2025-10-12 16:46:01.440'),(4,57,11,'2025-10-12 16:46:01.613','2025-10-12 16:46:01.613'),(4,58,21,'2025-10-12 16:46:01.723','2025-10-12 16:46:01.723'),(4,63,5,'2025-10-12 16:46:01.804','2025-10-12 16:46:01.804'),(4,67,9,'2025-10-12 16:46:01.818','2025-10-12 16:46:01.818'),(4,68,20,'2025-10-12 16:46:01.400','2025-10-12 16:46:01.400'),(4,69,2,'2025-10-12 16:46:01.520','2025-10-12 16:46:01.520'),(4,79,24,'2025-11-15 10:22:33.238','2025-11-15 10:24:48.212'),(4,84,25,'2025-11-15 10:22:33.158','2025-11-15 10:24:48.208'),(4,91,33,'2026-05-04 07:21:38.979','2026-05-04 07:21:38.979'),(4,93,36,'2025-11-22 07:14:29.540','2026-05-04 07:21:38.796'),(4,95,34,'2026-05-04 07:21:38.875','2026-05-04 07:21:38.875'),(4,96,35,'2026-05-04 07:21:39.076','2026-05-04 07:21:39.076'),(4,106,29,'2026-01-28 16:21:00.397','2026-01-28 16:21:00.397'),(4,108,30,'2026-01-28 16:21:00.506','2026-01-28 16:21:00.506'),(4,129,26,'2026-01-28 16:21:00.594','2026-01-28 16:21:00.594'),(4,167,32,'2026-01-28 16:21:00.490','2026-01-28 16:21:00.490'),(4,176,28,'2026-01-28 16:21:00.586','2026-01-28 16:21:00.586'),(4,183,27,'2026-01-28 16:21:00.499','2026-01-28 16:21:00.499'),(4,187,31,'2026-01-28 16:21:00.481','2026-01-28 16:21:00.481'),(4,198,39,'2026-05-04 07:21:38.987','2026-05-04 07:21:38.987'),(4,201,43,'2026-05-04 07:21:38.972','2026-05-04 07:21:38.972'),(4,202,38,'2026-05-04 07:21:38.890','2026-05-04 07:21:38.890'),(4,205,37,'2026-05-04 07:21:38.882','2026-05-04 07:21:38.882'),(4,208,44,'2026-02-27 11:11:56.831','2026-05-04 07:21:38.800'),(4,210,41,'2026-05-04 07:21:38.993','2026-05-04 07:21:38.993'),(4,211,40,'2026-02-27 11:11:56.821','2026-05-04 07:21:38.868'),(4,212,42,'2026-05-04 07:21:38.898','2026-05-04 07:21:38.898'),(4,215,46,'2026-05-04 07:21:39.068','2026-05-04 07:21:39.068'),(4,223,45,'2026-05-04 07:21:39.000','2026-05-04 07:21:39.000'),(5,1,9,'2025-10-12 16:46:02.511','2025-10-12 16:46:02.511'),(5,2,11,'2025-10-12 16:46:01.998','2025-10-12 16:46:01.998'),(5,4,3,'2025-10-12 16:46:02.112','2025-10-12 16:46:02.112'),(5,5,16,'2025-10-12 16:46:02.712','2025-10-12 16:46:02.712'),(5,11,7,'2025-10-12 16:46:02.625','2025-10-12 16:46:02.625'),(5,12,18,'2025-10-12 16:46:02.006','2025-10-12 16:46:02.006'),(5,14,4,'2025-10-12 16:46:02.504','2025-10-12 16:46:02.504'),(5,16,8,'2025-10-12 16:46:02.226','2025-10-12 16:46:02.226'),(5,17,22,'2025-10-12 16:46:02.603','2025-10-12 16:46:02.603'),(5,23,21,'2025-10-12 16:46:02.210','2025-10-12 16:46:02.210'),(5,24,27,'2025-10-12 16:46:02.234','2025-10-12 16:46:02.234'),(5,26,1,'2025-10-12 16:46:02.301','2025-10-12 16:46:02.301'),(5,27,12,'2025-10-12 16:46:02.420','2025-10-12 16:46:02.420'),(5,28,14,'2025-10-12 16:46:02.202','2025-10-12 16:46:02.202'),(5,29,25,'2025-10-12 16:46:02.331','2025-10-12 16:46:02.331'),(5,31,24,'2025-10-12 16:46:02.014','2025-10-12 16:46:02.014'),(5,32,0,'2025-10-12 16:46:02.610','2025-10-12 16:46:02.610'),(5,35,19,'2025-10-12 16:46:02.316','2025-10-12 16:46:02.316'),(5,38,13,'2025-10-12 16:46:02.519','2025-10-12 16:46:02.519'),(5,39,17,'2025-10-12 16:46:02.527','2025-10-12 16:46:02.527'),(5,40,20,'2025-10-12 16:46:02.323','2025-10-12 16:46:02.323'),(5,43,28,'2025-10-12 16:46:02.404','2025-10-12 16:46:02.404'),(5,44,29,'2025-10-12 16:46:02.412','2025-10-12 16:46:02.412'),(5,47,23,'2025-10-12 16:46:02.218','2025-10-12 16:46:02.218'),(5,49,15,'2025-10-12 16:46:02.308','2025-10-12 16:46:02.308'),(5,50,26,'2025-10-12 16:46:02.427','2025-10-12 16:46:02.427'),(5,63,5,'2025-10-12 16:46:02.617','2025-10-12 16:46:02.617'),(5,65,6,'2025-10-12 16:46:01.924','2025-10-12 16:46:01.924'),(5,66,10,'2025-10-12 16:46:02.704','2025-10-12 16:46:02.704'),(5,69,2,'2025-10-12 16:46:02.104','2025-10-12 16:46:02.104'),(5,79,30,'2025-11-15 10:22:33.454','2025-11-15 10:24:48.330'),(5,84,31,'2025-11-15 10:22:33.461','2025-11-15 10:24:48.403'),(5,91,39,'2026-05-04 07:21:39.300','2026-05-04 07:21:39.300'),(5,93,42,'2025-11-22 07:14:29.641','2026-05-04 07:21:39.179'),(5,95,40,'2026-05-04 07:21:39.383','2026-05-04 07:21:39.383'),(5,96,41,'2026-05-04 07:21:39.196','2026-05-04 07:21:39.196'),(5,106,35,'2026-01-28 16:21:00.794','2026-01-28 16:21:00.794'),(5,108,36,'2026-01-28 16:21:00.700','2026-01-28 16:21:00.700'),(5,129,32,'2026-01-28 16:21:00.786','2026-01-28 16:21:00.786'),(5,167,38,'2026-01-28 16:21:00.886','2026-01-28 16:21:00.886'),(5,176,34,'2026-01-28 16:21:00.803','2026-01-28 16:21:00.803'),(5,183,33,'2026-01-28 16:21:00.709','2026-01-28 16:21:00.709'),(5,187,37,'2026-01-28 16:21:00.691','2026-01-28 16:21:00.691'),(5,198,45,'2026-05-04 07:21:39.208','2026-05-04 07:21:39.208'),(5,201,49,'2026-05-04 07:21:39.367','2026-05-04 07:21:39.367'),(5,202,44,'2026-05-04 07:21:39.280','2026-05-04 07:21:39.280'),(5,205,43,'2026-05-04 07:21:39.202','2026-05-04 07:21:39.202'),(5,208,50,'2026-02-27 11:11:56.911','2026-05-04 07:21:39.188'),(5,210,47,'2026-05-04 07:21:39.272','2026-05-04 07:21:39.272'),(5,211,46,'2026-02-27 11:11:56.904','2026-05-04 07:21:39.183'),(5,212,48,'2026-05-04 07:21:39.287','2026-05-04 07:21:39.287'),(5,215,52,'2026-05-04 07:21:39.294','2026-05-04 07:21:39.294'),(5,223,51,'2026-05-04 07:21:39.375','2026-05-04 07:21:39.375'),(6,1,9,'2025-10-12 16:46:03.419','2025-10-12 16:46:03.419'),(6,4,3,'2025-10-12 16:46:03.217','2025-10-12 16:46:03.217'),(6,5,15,'2025-10-12 16:46:03.098','2025-10-12 16:46:03.098'),(6,11,7,'2025-10-12 16:46:03.225','2025-10-12 16:46:03.225'),(6,12,17,'2025-10-12 16:46:03.106','2025-10-12 16:46:03.106'),(6,14,4,'2025-10-12 16:46:03.608','2025-10-12 16:46:03.608'),(6,16,8,'2025-10-12 16:46:03.233','2025-10-12 16:46:03.233'),(6,17,21,'2025-10-12 16:46:03.317','2025-10-12 16:46:03.317'),(6,23,20,'2025-10-12 16:46:03.702','2025-10-12 16:46:03.702'),(6,24,26,'2025-10-12 16:46:03.508','2025-10-12 16:46:03.508'),(6,26,1,'2025-10-12 16:46:03.710','2025-10-12 16:46:03.710'),(6,27,11,'2025-10-12 16:46:03.615','2025-10-12 16:46:03.615'),(6,28,13,'2025-10-12 16:46:03.623','2025-10-12 16:46:03.623'),(6,29,24,'2025-10-12 16:46:03.324','2025-10-12 16:46:03.324'),(6,31,23,'2025-10-12 16:46:03.209','2025-10-12 16:46:03.209'),(6,32,0,'2025-10-12 16:46:03.332','2025-10-12 16:46:03.332'),(6,35,18,'2025-10-12 16:46:03.301','2025-10-12 16:46:03.301'),(6,38,12,'2025-10-12 16:46:03.500','2025-10-12 16:46:03.500'),(6,39,16,'2025-10-12 16:46:03.717','2025-10-12 16:46:03.717'),(6,40,19,'2025-10-12 16:46:03.524','2025-10-12 16:46:03.524'),(6,43,27,'2025-10-12 16:46:03.114','2025-10-12 16:46:03.114'),(6,44,28,'2025-10-12 16:46:03.201','2025-10-12 16:46:03.201'),(6,47,22,'2025-10-12 16:46:03.600','2025-10-12 16:46:03.600'),(6,49,14,'2025-10-12 16:46:03.013','2025-10-12 16:46:03.013'),(6,50,25,'2025-10-12 16:46:03.309','2025-10-12 16:46:03.309'),(6,63,5,'2025-10-12 16:46:03.412','2025-10-12 16:46:03.412'),(6,65,6,'2025-10-12 16:46:03.516','2025-10-12 16:46:03.516'),(6,66,10,'2025-10-12 16:46:03.427','2025-10-12 16:46:03.427'),(6,69,2,'2025-10-12 16:46:03.404','2025-10-12 16:46:03.404'),(6,79,29,'2025-11-15 10:22:33.634','2025-11-15 10:24:48.512'),(6,84,30,'2025-11-15 10:22:33.557','2025-11-15 10:24:48.508'),(6,91,38,'2026-05-04 07:21:39.779','2026-05-04 07:21:39.779'),(6,93,41,'2025-11-22 07:14:29.748','2026-05-04 07:21:39.621'),(6,95,39,'2026-05-04 07:21:39.795','2026-05-04 07:21:39.795'),(6,96,40,'2026-05-04 07:21:39.803','2026-05-04 07:21:39.803'),(6,106,34,'2026-01-28 16:21:01.383','2026-01-28 16:21:01.383'),(6,108,35,'2026-01-28 16:21:01.309','2026-01-28 16:21:01.309'),(6,129,31,'2026-01-28 16:21:01.190','2026-01-28 16:21:01.190'),(6,167,37,'2026-01-28 16:21:01.285','2026-01-28 16:21:01.285'),(6,176,33,'2026-01-28 16:21:01.293','2026-01-28 16:21:01.293'),(6,183,32,'2026-01-28 16:21:01.302','2026-01-28 16:21:01.302'),(6,187,36,'2026-01-28 16:21:01.391','2026-01-28 16:21:01.391'),(6,198,44,'2026-05-04 07:21:39.873','2026-05-04 07:21:39.873'),(6,201,48,'2026-05-04 07:21:39.881','2026-05-04 07:21:39.881'),(6,202,43,'2026-05-04 07:21:39.888','2026-05-04 07:21:39.888'),(6,205,42,'2026-05-04 07:21:39.865','2026-05-04 07:21:39.865'),(6,208,49,'2026-02-27 11:11:57.098','2026-05-04 07:21:39.583'),(6,210,46,'2026-05-04 07:21:39.633','2026-05-04 07:21:39.633'),(6,211,45,'2026-02-27 11:11:57.016','2026-05-04 07:21:39.625'),(6,212,47,'2026-05-04 07:21:39.787','2026-05-04 07:21:39.787'),(6,215,51,'2026-05-04 07:21:39.771','2026-05-04 07:21:39.771'),(6,223,50,'2026-05-04 07:21:39.665','2026-05-04 07:21:39.665'),(7,4,3,'2025-10-12 16:46:03.910','2025-10-12 16:46:03.910'),(7,11,7,'2025-10-12 16:46:03.925','2025-10-12 16:46:03.925'),(7,14,4,'2025-10-12 16:46:04.110','2025-10-12 16:46:04.110'),(7,16,8,'2025-10-12 16:46:03.998','2025-10-12 16:46:03.998'),(7,26,1,'2025-10-12 16:46:04.102','2025-10-12 16:46:04.102'),(7,32,0,'2025-10-12 16:46:03.820','2025-10-12 16:46:03.820'),(7,38,9,'2025-10-12 16:46:04.126','2025-10-12 16:46:04.126'),(7,63,5,'2025-10-12 16:46:04.118','2025-10-12 16:46:04.118'),(7,65,6,'2025-10-12 16:46:03.918','2025-10-12 16:46:03.918'),(7,69,2,'2025-10-12 16:46:03.902','2025-10-12 16:46:03.902'),(7,79,10,'2025-11-15 10:22:33.661','2025-11-15 10:24:48.612'),(7,84,11,'2025-11-15 10:22:33.736','2025-11-15 10:24:48.616'),(7,91,19,'2026-05-04 07:21:40.089','2026-05-04 07:21:40.089'),(7,93,22,'2025-11-22 07:14:29.920','2026-05-04 07:21:39.993'),(7,95,20,'2026-05-04 07:21:40.195','2026-05-04 07:21:40.195'),(7,96,21,'2026-05-04 07:21:40.268','2026-05-04 07:21:40.268'),(7,106,15,'2026-01-28 16:21:01.604','2026-01-28 16:21:01.604'),(7,108,16,'2026-01-28 16:21:01.586','2026-01-28 16:21:01.586'),(7,129,12,'2026-01-28 16:21:01.502','2026-01-28 16:21:01.502'),(7,167,18,'2026-01-28 16:21:01.595','2026-01-28 16:21:01.595'),(7,176,14,'2026-01-28 16:21:01.494','2026-01-28 16:21:01.494'),(7,183,13,'2026-01-28 16:21:01.511','2026-01-28 16:21:01.511'),(7,187,17,'2026-01-28 16:21:01.685','2026-01-28 16:21:01.685'),(7,198,25,'2026-05-04 07:21:40.275','2026-05-04 07:21:40.275'),(7,201,29,'2026-05-04 07:21:40.180','2026-05-04 07:21:40.180'),(7,202,24,'2026-05-04 07:21:40.097','2026-05-04 07:21:40.097'),(7,205,23,'2026-05-04 07:21:40.173','2026-05-04 07:21:40.173'),(7,208,30,'2026-02-27 11:11:57.200','2026-05-04 07:21:40.065'),(7,210,27,'2026-05-04 07:21:40.166','2026-05-04 07:21:40.166'),(7,211,26,'2026-02-27 11:11:57.127','2026-05-04 07:21:39.997'),(7,212,28,'2026-05-04 07:21:40.081','2026-05-04 07:21:40.081'),(7,215,32,'2026-05-04 07:21:40.188','2026-05-04 07:21:40.188'),(7,223,31,'2026-05-04 07:21:40.073','2026-05-04 07:21:40.073'),(8,4,3,'2025-10-12 16:46:04.228','2025-10-12 16:46:04.228'),(8,5,10,'2025-10-12 16:46:04.401','2025-10-12 16:46:04.401'),(8,12,12,'2025-10-12 16:46:04.300','2025-10-12 16:46:04.300'),(8,14,4,'2025-10-12 16:46:04.521','2025-10-12 16:46:04.521'),(8,26,1,'2025-10-12 16:46:04.409','2025-10-12 16:46:04.409'),(8,28,8,'2025-10-12 16:46:04.432','2025-10-12 16:46:04.432'),(8,32,0,'2025-10-12 16:46:04.220','2025-10-12 16:46:04.220'),(8,35,13,'2025-10-12 16:46:04.308','2025-10-12 16:46:04.308'),(8,38,7,'2025-10-12 16:46:04.324','2025-10-12 16:46:04.324'),(8,39,11,'2025-10-12 16:46:04.514','2025-10-12 16:46:04.514'),(8,40,14,'2025-10-12 16:46:04.600','2025-10-12 16:46:04.600'),(8,49,9,'2025-10-12 16:46:04.506','2025-10-12 16:46:04.506'),(8,63,5,'2025-10-12 16:46:04.425','2025-10-12 16:46:04.425'),(8,65,6,'2025-10-12 16:46:04.316','2025-10-12 16:46:04.316'),(8,69,2,'2025-10-12 16:46:04.417','2025-10-12 16:46:04.417'),(8,79,15,'2025-11-15 10:22:33.844','2025-11-15 10:24:48.720'),(8,84,16,'2025-11-15 10:22:33.836','2025-11-15 10:24:48.724'),(8,91,24,'2026-05-04 07:21:40.568','2026-05-04 07:21:40.568'),(8,93,27,'2025-11-22 07:14:30.021','2026-05-04 07:21:40.377'),(8,95,25,'2026-05-04 07:21:40.591','2026-05-04 07:21:40.591'),(8,96,26,'2026-05-04 07:21:40.481','2026-05-04 07:21:40.481'),(8,106,20,'2026-01-28 16:21:01.896','2026-01-28 16:21:01.896'),(8,108,21,'2026-01-28 16:21:01.905','2026-01-28 16:21:01.905'),(8,129,17,'2026-01-28 16:21:01.992','2026-01-28 16:21:01.992'),(8,167,23,'2026-01-28 16:21:01.983','2026-01-28 16:21:01.983'),(8,176,19,'2026-01-28 16:21:02.008','2026-01-28 16:21:02.008'),(8,183,18,'2026-01-28 16:21:01.887','2026-01-28 16:21:01.887'),(8,187,22,'2026-01-28 16:21:02.000','2026-01-28 16:21:02.000'),(8,198,30,'2026-05-04 07:21:40.599','2026-05-04 07:21:40.599'),(8,201,34,'2026-05-04 07:21:40.401','2026-05-04 07:21:40.401'),(8,202,29,'2026-05-04 07:21:40.394','2026-05-04 07:21:40.394'),(8,205,28,'2026-05-04 07:21:40.385','2026-05-04 07:21:40.385'),(8,208,35,'2026-02-27 11:11:57.304','2026-05-04 07:21:40.374'),(8,210,32,'2026-05-04 07:21:40.471','2026-05-04 07:21:40.471'),(8,211,31,'2026-02-27 11:11:57.312','2026-05-04 07:21:40.370'),(8,212,33,'2026-05-04 07:21:40.576','2026-05-04 07:21:40.576'),(8,215,37,'2026-05-04 07:21:40.606','2026-05-04 07:21:40.606'),(8,223,36,'2026-05-04 07:21:40.584','2026-05-04 07:21:40.584'),(9,4,3,'2025-10-12 16:46:04.902','2025-10-12 16:46:04.902'),(9,14,4,'2025-10-12 16:46:05.006','2025-10-12 16:46:05.006'),(9,17,9,'2025-10-12 16:46:04.740','2025-10-12 16:46:04.740'),(9,23,8,'2025-10-12 16:46:05.103','2025-10-12 16:46:05.103'),(9,24,14,'2025-10-12 16:46:05.021','2025-10-12 16:46:05.021'),(9,26,1,'2025-10-12 16:46:04.774','2025-10-12 16:46:04.774'),(9,29,12,'2025-10-12 16:46:04.917','2025-10-12 16:46:04.917'),(9,31,11,'2025-10-12 16:46:04.910','2025-10-12 16:46:04.910'),(9,32,0,'2025-10-12 16:46:05.038','2025-10-12 16:46:05.038'),(9,38,7,'2025-10-12 16:46:04.844','2025-10-12 16:46:04.844'),(9,43,15,'2025-10-12 16:46:04.758','2025-10-12 16:46:04.758'),(9,44,16,'2025-10-12 16:46:04.766','2025-10-12 16:46:04.766'),(9,47,10,'2025-10-12 16:46:04.750','2025-10-12 16:46:04.750'),(9,50,13,'2025-10-12 16:46:04.851','2025-10-12 16:46:04.851'),(9,63,5,'2025-10-12 16:46:04.800','2025-10-12 16:46:04.800'),(9,65,6,'2025-10-12 16:46:05.014','2025-10-12 16:46:05.014'),(9,69,2,'2025-10-12 16:46:04.998','2025-10-12 16:46:04.998'),(9,79,17,'2025-11-15 10:22:33.945','2025-11-15 10:24:48.822'),(9,84,18,'2025-11-15 10:22:33.953','2025-11-15 10:24:48.819'),(9,93,26,'2025-11-22 07:14:30.326','2026-01-28 16:21:02.178'),(9,106,22,'2026-01-28 16:21:02.201','2026-01-28 16:21:02.201'),(9,108,23,'2026-01-28 16:21:02.296','2026-01-28 16:21:02.296'),(9,129,19,'2026-01-28 16:21:02.279','2026-01-28 16:21:02.279'),(9,167,25,'2026-01-28 16:21:02.209','2026-01-28 16:21:02.209'),(9,176,21,'2026-01-28 16:21:02.187','2026-01-28 16:21:02.187'),(9,183,20,'2026-01-28 16:21:02.287','2026-01-28 16:21:02.287'),(9,187,24,'2026-01-28 16:21:02.383','2026-01-28 16:21:02.383'),(9,208,28,'2026-02-27 11:11:57.433','2026-02-27 11:11:57.433'),(9,211,27,'2026-02-27 11:11:57.424','2026-02-27 11:11:57.424'),(10,4,3,'2025-10-12 16:46:05.230','2025-10-12 16:46:05.230'),(10,14,4,'2025-10-12 16:46:05.302','2025-10-12 16:46:05.302'),(10,23,8,'2025-10-12 16:46:05.317','2025-10-12 16:46:05.317'),(10,26,1,'2025-10-12 16:46:05.324','2025-10-12 16:46:05.324'),(10,32,0,'2025-10-12 16:46:05.222','2025-10-12 16:46:05.222'),(10,38,7,'2025-10-12 16:46:05.611','2025-10-12 16:46:05.611'),(10,43,9,'2025-10-12 16:46:05.619','2025-10-12 16:46:05.619'),(10,63,5,'2025-10-12 16:46:05.604','2025-10-12 16:46:05.604'),(10,65,6,'2025-10-12 16:46:05.309','2025-10-12 16:46:05.309'),(10,69,2,'2025-10-12 16:46:05.403','2025-10-12 16:46:05.403'),(10,70,10,'2025-10-12 16:46:05.701','2025-10-12 16:46:05.701'),(10,79,11,'2025-11-15 10:22:34.134','2025-11-15 10:24:49.005'),(10,84,12,'2025-11-15 10:22:34.142','2025-11-15 10:24:49.000'),(10,93,20,'2025-11-22 07:14:30.515','2026-01-28 16:21:02.481'),(10,106,16,'2026-01-28 16:21:02.604','2026-01-28 16:21:02.604'),(10,108,17,'2026-01-28 16:21:02.589','2026-01-28 16:21:02.589'),(10,129,13,'2026-01-28 16:21:02.497','2026-01-28 16:21:02.497'),(10,167,19,'2026-01-28 16:21:02.596','2026-01-28 16:21:02.596'),(10,176,15,'2026-01-28 16:21:02.505','2026-01-28 16:21:02.505'),(10,183,14,'2026-01-28 16:21:02.581','2026-01-28 16:21:02.581'),(10,187,18,'2026-01-28 16:21:02.489','2026-01-28 16:21:02.489'),(10,208,22,'2026-02-27 11:11:57.520','2026-02-27 11:11:57.520'),(10,211,21,'2026-02-27 11:11:57.530','2026-02-27 11:11:57.530'),(11,4,3,'2025-10-12 16:46:05.740','2025-10-12 16:46:05.740'),(11,14,4,'2026-02-02 09:59:21.410','2026-02-02 09:59:21.410'),(11,16,8,'2025-10-12 16:46:05.804','2026-02-02 09:59:21.154'),(11,26,1,'2025-10-12 16:46:05.909','2025-10-12 16:46:05.909'),(11,32,0,'2025-10-12 16:46:05.901','2025-10-12 16:46:05.901'),(11,37,7,'2025-12-16 10:49:46.207','2026-02-02 09:59:21.199'),(11,38,9,'2025-10-12 16:46:05.811','2026-02-02 09:59:21.222'),(11,46,6,'2025-12-16 10:49:46.292','2026-02-02 09:59:21.132'),(11,63,5,'2025-10-12 16:46:05.748','2026-02-02 09:59:21.211'),(11,69,2,'2025-10-12 16:46:05.724','2025-10-12 16:46:05.724'),(11,79,10,'2025-11-15 10:22:34.240','2026-02-02 09:59:21.204'),(11,80,11,'2026-02-02 09:59:21.525','2026-02-02 09:59:21.525'),(11,81,12,'2026-02-02 09:59:21.610','2026-02-02 09:59:21.610'),(11,83,13,'2026-02-02 09:59:21.301','2026-02-02 09:59:21.301'),(11,84,14,'2025-11-15 10:22:34.232','2026-02-02 09:59:21.215'),(11,91,59,'2026-05-04 07:21:42.868','2026-05-04 07:21:42.868'),(11,93,62,'2025-11-22 07:14:30.549','2026-05-04 07:21:42.775'),(11,95,60,'2026-05-04 07:21:42.877','2026-05-04 07:21:42.877'),(11,96,61,'2026-05-04 07:21:42.970','2026-05-04 07:21:42.970'),(11,102,25,'2026-02-24 16:58:39.591','2026-02-24 16:58:39.591'),(11,106,30,'2026-01-28 16:21:02.797','2026-02-24 16:58:39.423'),(11,108,34,'2026-01-28 16:21:02.888','2026-02-24 16:58:39.273'),(11,110,48,'2026-02-02 09:59:21.716','2026-02-24 16:58:39.386'),(11,111,31,'2026-02-24 16:58:39.625','2026-02-24 16:58:39.625'),(11,112,36,'2026-02-24 16:58:39.575','2026-02-24 16:58:39.575'),(11,113,37,'2026-02-24 16:58:39.879','2026-02-24 16:58:39.879'),(11,115,16,'2026-02-24 16:58:40.187','2026-02-24 16:58:40.187'),(11,116,28,'2026-02-24 16:58:39.681','2026-02-24 16:58:39.681'),(11,117,57,'2026-02-02 09:59:21.603','2026-02-24 16:58:39.395'),(11,119,50,'2026-02-02 09:59:21.532','2026-02-24 16:58:39.391'),(11,120,41,'2026-02-24 16:58:39.797','2026-02-24 16:58:39.797'),(11,122,23,'2026-02-24 16:58:39.491','2026-02-24 16:58:39.491'),(11,123,27,'2026-02-24 16:58:39.723','2026-02-24 16:58:39.723'),(11,124,33,'2026-02-24 16:58:39.790','2026-02-24 16:58:39.790'),(11,125,49,'2026-02-02 09:59:21.418','2026-02-24 16:58:39.290'),(11,127,56,'2026-02-02 09:59:21.803','2026-02-24 16:58:39.382'),(11,129,18,'2026-01-28 16:21:02.781','2026-02-24 16:58:39.183'),(11,131,55,'2026-02-02 09:59:21.510','2026-02-24 16:58:39.441'),(11,139,24,'2026-02-24 16:58:39.979','2026-02-24 16:58:39.979'),(11,142,15,'2026-02-24 16:58:39.673','2026-02-24 16:58:39.673'),(11,145,21,'2026-02-24 16:58:39.529','2026-02-24 16:58:39.529'),(11,148,32,'2026-02-24 16:58:39.782','2026-02-24 16:58:39.782'),(11,150,19,'2026-02-24 16:58:39.481','2026-02-24 16:58:39.481'),(11,152,44,'2026-02-02 09:59:21.703','2026-02-24 16:58:39.378'),(11,153,51,'2026-02-02 09:59:21.617','2026-02-24 16:58:39.294'),(11,156,52,'2026-02-02 09:59:21.401','2026-02-24 16:58:39.178'),(11,157,53,'2026-02-02 09:59:21.724','2026-02-24 16:58:39.428'),(11,158,39,'2026-02-24 16:58:39.888','2026-02-24 16:58:39.888'),(11,161,58,'2026-02-02 09:59:21.517','2026-02-24 16:58:39.399'),(11,162,17,'2026-02-24 16:58:39.805','2026-02-24 16:58:39.805'),(11,163,29,'2026-02-24 16:58:40.178','2026-02-24 16:58:40.178'),(11,164,35,'2026-02-24 16:58:39.582','2026-02-24 16:58:39.582'),(11,167,42,'2026-01-28 16:21:02.903','2026-02-24 16:58:39.198'),(11,170,40,'2026-02-24 16:58:39.689','2026-02-24 16:58:39.689'),(11,171,43,'2026-02-02 09:59:21.426','2026-02-24 16:58:39.403'),(11,172,20,'2026-02-24 16:58:39.697','2026-02-24 16:58:39.697'),(11,173,46,'2026-02-02 09:59:21.503','2026-02-24 16:58:39.278'),(11,176,26,'2026-01-28 16:21:02.789','2026-02-24 16:58:39.432'),(11,180,45,'2026-02-02 09:59:21.308','2026-02-24 16:58:39.373'),(11,183,22,'2026-01-28 16:21:02.880','2026-02-24 16:58:39.189'),(11,187,38,'2026-01-28 16:21:02.895','2026-02-24 16:58:39.286'),(11,192,47,'2026-02-02 09:59:21.710','2026-02-24 16:58:39.437'),(11,194,54,'2026-02-02 09:59:21.552','2026-02-24 16:58:39.282'),(11,198,65,'2026-05-04 07:21:42.977','2026-05-04 07:21:42.977'),(11,201,69,'2026-05-04 07:21:42.898','2026-05-04 07:21:42.898'),(11,202,64,'2026-05-04 07:21:42.891','2026-05-04 07:21:42.891'),(11,205,63,'2026-05-04 07:21:42.885','2026-05-04 07:21:42.885'),(11,208,70,'2026-02-27 11:11:57.710','2026-05-04 07:21:42.770'),(11,210,67,'2026-05-04 07:21:42.805','2026-05-04 07:21:42.805'),(11,211,66,'2026-02-27 11:11:57.701','2026-05-04 07:21:42.779'),(11,212,68,'2026-05-04 07:21:42.798','2026-05-04 07:21:42.798'),(11,215,72,'2026-05-04 07:21:42.985','2026-05-04 07:21:42.985'),(11,223,71,'2026-05-04 07:21:42.789','2026-05-04 07:21:42.789'),(12,4,3,'2025-10-12 16:46:06.007','2025-10-12 16:46:06.007'),(12,14,4,'2025-10-12 16:46:06.015','2025-10-12 16:46:06.015'),(12,26,1,'2025-10-12 16:46:06.110','2025-10-12 16:46:06.110'),(12,32,0,'2025-10-12 16:46:06.102','2025-10-12 16:46:06.102'),(12,38,6,'2025-10-12 16:46:06.036','2025-10-12 16:46:06.036'),(12,63,5,'2025-10-12 16:46:06.028','2025-10-12 16:46:06.028'),(12,69,2,'2025-10-12 16:46:06.000','2025-10-12 16:46:06.000'),(12,79,7,'2025-11-15 10:22:34.346','2025-11-15 10:24:49.203'),(12,84,8,'2025-11-15 10:22:34.338','2025-11-15 10:24:49.127'),(12,91,16,'2026-05-04 07:21:43.175','2026-05-04 07:21:43.175'),(12,93,19,'2025-11-22 07:14:30.739','2026-05-04 07:21:43.098'),(12,95,17,'2026-05-04 07:21:43.268','2026-05-04 07:21:43.268'),(12,96,18,'2026-05-04 07:21:43.183','2026-05-04 07:21:43.183'),(12,106,12,'2026-01-28 16:21:03.093','2026-01-28 16:21:03.093'),(12,108,13,'2026-01-28 16:21:03.085','2026-01-28 16:21:03.085'),(12,129,9,'2026-01-28 16:21:03.183','2026-01-28 16:21:03.183'),(12,167,15,'2026-01-28 16:21:03.017','2026-01-28 16:21:03.017'),(12,176,11,'2026-01-28 16:21:03.009','2026-01-28 16:21:03.009'),(12,183,10,'2026-01-28 16:21:03.000','2026-01-28 16:21:03.000'),(12,187,14,'2026-01-28 16:21:03.101','2026-01-28 16:21:03.101'),(12,198,22,'2026-05-04 07:21:43.199','2026-05-04 07:21:43.199'),(12,201,26,'2026-05-04 07:21:43.299','2026-05-04 07:21:43.299'),(12,202,21,'2026-05-04 07:21:43.190','2026-05-04 07:21:43.190'),(12,205,20,'2026-05-04 07:21:43.167','2026-05-04 07:21:43.167'),(12,208,27,'2026-02-27 11:11:57.898','2026-05-04 07:21:43.095'),(12,210,24,'2026-05-04 07:21:43.291','2026-05-04 07:21:43.291'),(12,211,23,'2026-02-27 11:11:57.906','2026-05-04 07:21:43.103'),(12,212,25,'2026-05-04 07:21:43.276','2026-05-04 07:21:43.276'),(12,215,29,'2026-05-04 07:21:43.365','2026-05-04 07:21:43.365'),(12,223,28,'2026-05-04 07:21:43.283','2026-05-04 07:21:43.283'),(13,4,3,'2025-10-21 19:12:06.070','2025-10-21 19:12:06.070'),(13,14,4,'2025-10-21 19:12:05.978','2025-10-21 19:12:05.978'),(13,26,1,'2025-10-21 19:12:06.161','2025-10-21 19:12:06.161'),(13,32,0,'2025-10-21 19:12:06.061','2025-10-21 19:12:06.061'),(13,38,6,'2025-10-21 19:12:06.075','2025-10-21 19:12:06.075'),(13,63,5,'2025-10-21 19:12:06.051','2025-10-21 19:12:06.051'),(13,69,2,'2025-10-21 19:12:06.065','2025-10-21 19:12:06.065'),(13,71,9,'2025-10-21 19:12:05.966','2025-10-21 19:12:05.966'),(13,72,11,'2025-10-21 19:12:06.056','2025-10-21 19:12:06.056'),(13,73,10,'2025-10-21 19:12:06.080','2025-10-21 19:12:06.080'),(13,74,12,'2025-10-21 19:12:06.151','2025-10-21 19:12:06.151'),(13,75,18,'2025-10-21 19:12:06.156','2025-12-22 06:26:34.707'),(13,76,7,'2025-10-21 19:12:06.165','2025-10-21 19:12:06.165'),(13,77,8,'2025-10-21 19:12:06.170','2025-10-21 19:12:06.170'),(13,78,19,'2025-10-21 19:12:06.174','2025-12-22 06:26:34.712'),(13,79,15,'2025-11-15 10:22:32.441','2025-12-22 06:26:34.629'),(13,84,20,'2025-11-15 10:22:32.469','2025-12-22 06:26:34.724'),(13,88,13,'2025-11-15 10:22:32.453','2025-11-15 10:22:32.453'),(13,91,28,'2026-05-04 07:21:21.494','2026-05-04 07:21:21.494'),(13,93,31,'2025-11-22 07:14:28.618','2026-05-04 07:21:21.392'),(13,95,29,'2026-05-04 07:21:21.587','2026-05-04 07:21:21.587'),(13,96,30,'2026-05-04 07:21:21.604','2026-05-04 07:21:21.604'),(13,97,17,'2025-12-17 10:01:03.774','2025-12-22 06:26:34.720'),(13,98,16,'2025-12-17 10:01:03.766','2025-12-22 06:26:34.702'),(13,100,14,'2025-12-22 06:26:34.734','2025-12-22 06:26:34.734'),(13,106,24,'2026-01-28 16:20:52.892','2026-01-28 16:20:52.892'),(13,108,25,'2026-01-28 16:20:52.792','2026-01-28 16:20:52.792'),(13,129,21,'2026-01-28 16:20:52.783','2026-01-28 16:20:52.783'),(13,167,27,'2026-01-28 16:20:52.709','2026-01-28 16:20:52.709'),(13,176,23,'2026-01-28 16:20:52.701','2026-01-28 16:20:52.701'),(13,183,22,'2026-01-28 16:20:52.883','2026-01-28 16:20:52.883'),(13,187,26,'2026-01-28 16:20:52.800','2026-01-28 16:20:52.800'),(13,198,34,'2026-05-04 07:21:21.572','2026-05-04 07:21:21.572'),(13,201,38,'2026-05-04 07:21:21.580','2026-05-04 07:21:21.580'),(13,202,33,'2026-05-04 07:21:21.470','2026-05-04 07:21:21.470'),(13,205,32,'2026-05-04 07:21:21.670','2026-05-04 07:21:21.670'),(13,208,39,'2026-02-27 11:11:53.409','2026-05-04 07:21:21.396'),(13,210,36,'2026-05-04 07:21:21.595','2026-05-04 07:21:21.595'),(13,211,35,'2026-02-27 11:11:53.400','2026-05-04 07:21:21.401'),(13,212,37,'2026-05-04 07:21:21.678','2026-05-04 07:21:21.678'),(13,215,41,'2026-05-04 07:21:21.486','2026-05-04 07:21:21.486'),(13,223,40,'2026-05-04 07:21:21.478','2026-05-04 07:21:21.478'),(14,4,3,'2025-11-15 10:22:32.572','2025-11-15 10:22:32.572'),(14,14,4,'2025-11-15 10:22:32.744','2025-11-15 10:22:32.744'),(14,26,1,'2025-11-15 10:22:32.657','2025-11-15 10:22:32.657'),(14,32,0,'2025-11-15 10:22:32.564','2025-11-15 10:22:32.564'),(14,38,6,'2025-11-15 10:22:32.641','2025-11-15 10:22:32.641'),(14,63,5,'2025-11-15 10:22:32.634','2025-11-15 10:22:32.634'),(14,69,2,'2025-11-15 10:22:32.736','2025-11-15 10:22:32.736'),(14,79,7,'2025-11-15 10:22:32.934','2025-11-15 10:24:47.822'),(14,80,8,'2025-11-15 10:22:32.943','2025-11-15 10:24:47.917'),(14,81,9,'2025-11-15 10:22:32.950','2025-11-15 10:24:47.908'),(14,82,13,'2025-11-15 10:22:32.760','2025-11-15 10:24:47.826'),(14,83,10,'2025-11-15 10:22:32.836','2025-11-15 10:24:47.921'),(14,84,15,'2025-11-15 10:22:32.649','2025-11-15 10:24:47.924'),(14,85,14,'2025-11-15 10:22:32.851','2025-11-15 10:24:47.900'),(14,86,11,'2025-11-15 10:22:32.557','2025-11-15 10:24:47.912'),(14,87,12,'2025-11-15 10:22:32.752','2025-11-15 10:24:47.905'),(14,91,58,'2026-05-04 07:21:23.599','2026-05-04 07:21:23.599'),(14,93,61,'2025-11-22 07:14:28.720','2026-05-04 07:21:23.490'),(14,95,59,'2026-05-04 07:21:23.665','2026-05-04 07:21:23.665'),(14,96,60,'2026-05-04 07:21:23.565','2026-05-04 07:21:23.565'),(14,106,22,'2026-01-28 16:20:55.301','2026-02-02 09:59:12.531'),(14,108,23,'2026-01-28 16:20:55.901','2026-02-02 09:59:12.520'),(14,110,35,'2026-01-28 16:20:53.799','2026-02-02 09:59:12.209'),(14,114,46,'2026-01-28 16:20:55.492','2026-02-02 09:59:12.228'),(14,117,52,'2026-01-28 16:20:53.809','2026-02-02 09:59:12.408'),(14,119,41,'2026-01-28 16:20:55.485','2026-02-02 09:59:12.412'),(14,121,48,'2026-01-28 16:20:55.604','2026-02-02 09:59:12.624'),(14,125,36,'2026-01-28 16:20:55.596','2026-02-02 09:59:12.600'),(14,127,51,'2026-01-28 16:20:53.504','2026-02-02 09:59:12.220'),(14,129,19,'2026-01-28 16:20:55.815','2026-02-02 09:59:12.212'),(14,130,32,'2026-01-28 16:20:54.478','2026-02-02 09:59:12.508'),(14,131,50,'2026-01-28 16:20:55.293','2026-02-02 09:59:12.204'),(14,133,45,'2026-01-28 16:20:53.495','2026-02-02 09:59:12.404'),(14,134,56,'2026-01-28 16:20:53.693','2026-02-02 09:59:12.311'),(14,138,29,'2026-01-28 16:20:54.378','2026-02-02 09:59:12.420'),(14,140,40,'2026-01-28 16:20:53.683','2026-02-02 09:59:12.538'),(14,141,55,'2026-01-28 16:20:56.299','2026-02-02 09:59:12.232'),(14,143,31,'2026-01-28 16:20:55.284','2026-02-02 09:59:12.609'),(14,144,54,'2026-01-28 16:20:56.182','2026-02-02 09:59:12.620'),(14,149,47,'2026-01-28 16:20:54.985','2026-02-02 09:59:12.613'),(14,152,27,'2026-01-28 16:20:55.199','2026-02-02 09:59:12.216'),(14,153,42,'2026-01-28 16:20:53.394','2026-02-02 09:59:12.504'),(14,154,18,'2026-01-28 16:20:55.684','2026-01-28 16:20:55.684'),(14,156,43,'2026-01-28 16:20:54.883','2026-02-02 09:59:12.200'),(14,157,44,'2026-01-28 16:20:55.192','2026-02-02 09:59:12.424'),(14,161,57,'2026-01-28 16:20:53.781','2026-02-02 09:59:12.500'),(14,165,38,'2026-01-28 16:20:56.204','2026-02-02 09:59:12.605'),(14,167,25,'2026-01-28 16:20:55.087','2026-02-02 09:59:12.617'),(14,168,16,'2026-01-28 16:20:56.102','2026-01-28 16:20:56.102'),(14,171,26,'2026-01-28 16:20:56.158','2026-02-02 09:59:12.130'),(14,173,33,'2026-01-28 16:20:54.685','2026-02-02 09:59:12.516'),(14,174,53,'2026-01-28 16:20:55.500','2026-02-02 09:59:12.224'),(14,176,21,'2026-01-28 16:20:56.004','2026-02-02 09:59:12.416'),(14,180,28,'2026-01-28 16:20:54.186','2026-02-02 09:59:12.301'),(14,181,37,'2026-01-28 16:20:55.800','2026-02-02 09:59:12.512'),(14,182,39,'2026-01-28 16:20:54.805','2026-02-02 09:59:12.306'),(14,183,20,'2026-01-28 16:20:54.994','2026-02-02 09:59:12.297'),(14,187,24,'2026-01-28 16:20:53.889','2026-02-02 09:59:12.535'),(14,192,34,'2026-01-28 16:20:54.956','2026-02-02 09:59:12.543'),(14,194,49,'2026-01-28 16:20:53.403','2026-02-02 09:59:12.527'),(14,195,17,'2026-01-28 16:20:56.190','2026-01-28 16:20:56.190'),(14,197,30,'2026-01-28 16:20:53.907','2026-02-02 09:59:12.524'),(14,198,64,'2026-05-04 07:21:23.682','2026-05-04 07:21:23.682'),(14,201,68,'2026-05-04 07:21:23.582','2026-05-04 07:21:23.582'),(14,202,63,'2026-05-04 07:21:23.768','2026-05-04 07:21:23.768'),(14,205,62,'2026-05-04 07:21:23.776','2026-05-04 07:21:23.776'),(14,208,69,'2026-02-27 11:11:53.908','2026-05-04 07:21:23.485'),(14,210,66,'2026-05-04 07:21:23.573','2026-05-04 07:21:23.573'),(14,211,65,'2026-02-27 11:11:53.900','2026-05-04 07:21:23.494'),(14,212,67,'2026-05-04 07:21:23.690','2026-05-04 07:21:23.690'),(14,215,71,'2026-05-04 07:21:23.591','2026-05-04 07:21:23.591'),(14,223,70,'2026-05-04 07:21:23.674','2026-05-04 07:21:23.674'),(15,4,3,'2025-11-22 07:14:29.123','2025-11-22 07:14:29.123'),(15,14,4,'2025-11-22 07:14:28.853','2025-11-22 07:14:28.853'),(15,26,1,'2025-11-22 07:14:28.844','2025-11-22 07:14:28.844'),(15,32,0,'2025-11-22 07:14:28.952','2025-11-22 07:14:28.952'),(15,38,6,'2025-11-22 07:14:28.923','2025-11-22 07:14:28.923'),(15,63,5,'2025-11-22 07:14:29.132','2025-11-22 07:14:29.132'),(15,69,2,'2025-11-22 07:14:29.018','2025-11-22 07:14:29.018'),(15,79,7,'2025-11-22 07:14:28.815','2025-11-22 07:14:28.815'),(15,84,8,'2025-11-22 07:14:28.825','2025-11-22 07:14:28.825'),(15,89,19,'2025-11-22 08:18:40.556','2026-01-28 16:20:59.795'),(15,90,20,'2025-11-22 08:18:40.541','2026-01-28 16:20:59.708'),(15,91,16,'2025-11-22 08:18:40.519','2026-01-28 16:20:59.786'),(15,92,22,'2025-11-22 08:18:40.526','2026-01-28 16:20:59.699'),(15,93,23,'2025-11-22 07:14:28.943','2026-01-28 16:20:59.781'),(15,94,21,'2025-11-22 08:18:40.617','2026-01-28 16:20:59.713'),(15,95,17,'2025-11-22 08:18:40.534','2026-01-28 16:20:59.790'),(15,96,18,'2025-11-22 08:18:40.549','2026-01-28 16:20:59.704'),(15,106,12,'2026-01-28 16:20:59.889','2026-01-28 16:20:59.889'),(15,108,13,'2026-01-28 16:20:59.897','2026-01-28 16:20:59.897'),(15,129,9,'2026-01-28 16:20:59.804','2026-01-28 16:20:59.804'),(15,167,15,'2026-01-28 16:20:59.981','2026-01-28 16:20:59.981'),(15,176,11,'2026-01-28 16:20:59.881','2026-01-28 16:20:59.881'),(15,183,10,'2026-01-28 16:20:59.812','2026-01-28 16:20:59.812'),(15,187,14,'2026-01-28 16:20:59.906','2026-01-28 16:20:59.906'),(15,198,26,'2026-02-18 15:07:01.283','2026-02-18 15:07:01.283'),(15,199,27,'2026-02-18 15:07:01.288','2026-02-18 15:07:01.288'),(15,200,29,'2026-02-18 15:07:01.377','2026-02-18 15:07:01.377'),(15,201,34,'2026-05-04 07:21:28.370','2026-05-04 07:21:28.370'),(15,202,25,'2026-02-18 15:07:01.300','2026-02-18 15:07:01.300'),(15,205,24,'2026-02-18 15:07:01.279','2026-02-18 15:07:01.279'),(15,206,28,'2026-02-18 15:07:01.297','2026-02-18 15:07:01.297'),(15,208,35,'2026-02-27 11:11:55.408','2026-05-04 07:21:28.266'),(15,209,30,'2026-02-18 15:07:01.382','2026-02-18 15:07:01.382'),(15,210,32,'2026-05-04 07:21:28.291','2026-05-04 07:21:28.291'),(15,211,31,'2026-02-18 15:07:01.293','2026-02-18 15:07:01.293'),(15,212,33,'2026-05-04 07:21:28.299','2026-05-04 07:21:28.299'),(15,215,37,'2026-05-04 07:21:28.281','2026-05-04 07:21:28.281'),(15,223,36,'2026-05-04 07:21:28.273','2026-05-04 07:21:28.273'),(16,45,0,'2025-12-02 13:19:29.076','2025-12-02 13:19:29.076'),(16,54,1,'2025-12-03 12:44:05.169','2025-12-03 12:44:05.169'),(17,45,0,'2025-12-03 12:44:32.378','2025-12-03 12:44:32.378'),(18,4,3,'2025-12-17 10:01:03.970','2025-12-17 10:01:03.970'),(18,14,4,'2025-12-17 10:01:04.051','2025-12-17 10:01:04.051'),(18,26,1,'2025-12-17 10:01:04.151','2025-12-17 10:01:04.151'),(18,32,0,'2025-12-17 10:01:03.962','2025-12-17 10:01:03.962'),(18,38,6,'2025-12-17 10:01:04.177','2025-12-17 10:01:04.177'),(18,63,5,'2025-12-17 10:01:04.169','2025-12-17 10:01:04.169'),(18,69,2,'2025-12-17 10:01:04.160','2025-12-17 10:01:04.160'),(18,75,9,'2025-12-17 10:01:03.875','2025-12-17 10:01:03.875'),(18,76,7,'2025-12-17 10:01:04.059','2025-12-17 10:01:04.059'),(18,79,8,'2025-12-17 10:01:04.067','2025-12-17 10:01:04.067'),(18,84,10,'2025-12-17 10:01:03.885','2025-12-17 10:01:03.885'),(18,91,18,'2026-05-04 07:21:21.865','2026-05-04 07:21:21.865'),(18,93,21,'2025-12-17 10:01:03.953','2026-05-04 07:21:21.791'),(18,95,19,'2026-05-04 07:21:21.887','2026-05-04 07:21:21.887'),(18,96,20,'2026-05-04 07:21:21.909','2026-05-04 07:21:21.909'),(18,106,14,'2026-01-28 16:20:53.181','2026-01-28 16:20:53.181'),(18,108,15,'2026-01-28 16:20:53.090','2026-01-28 16:20:53.090'),(18,129,11,'2026-01-28 16:20:52.999','2026-01-28 16:20:52.999'),(18,167,17,'2026-01-28 16:20:53.098','2026-01-28 16:20:53.098'),(18,176,13,'2026-01-28 16:20:53.082','2026-01-28 16:20:53.082'),(18,183,12,'2026-01-28 16:20:53.107','2026-01-28 16:20:53.107'),(18,187,16,'2026-01-28 16:20:53.188','2026-01-28 16:20:53.188'),(18,198,24,'2026-05-04 07:21:21.894','2026-05-04 07:21:21.894'),(18,201,28,'2026-05-04 07:21:21.976','2026-05-04 07:21:21.976'),(18,202,23,'2026-05-04 07:21:21.880','2026-05-04 07:21:21.880'),(18,205,22,'2026-05-04 07:21:21.901','2026-05-04 07:21:21.901'),(18,208,29,'2026-02-27 11:11:53.630','2026-05-04 07:21:21.798'),(18,210,26,'2026-05-04 07:21:21.983','2026-05-04 07:21:21.983'),(18,211,25,'2026-02-27 11:11:53.623','2026-05-04 07:21:21.795'),(18,212,27,'2026-05-04 07:21:21.998','2026-05-04 07:21:21.998'),(18,215,31,'2026-05-04 07:21:21.991','2026-05-04 07:21:21.991'),(18,223,30,'2026-05-04 07:21:21.968','2026-05-04 07:21:21.968'),(19,4,3,'2026-01-28 16:20:56.412','2026-01-28 16:20:56.412'),(19,14,4,'2026-01-28 16:20:57.258','2026-01-28 16:20:57.258'),(19,26,1,'2026-01-28 16:20:56.602','2026-01-28 16:20:56.602'),(19,32,0,'2026-01-28 16:20:56.595','2026-01-28 16:20:56.595'),(19,38,6,'2026-01-28 16:20:56.609','2026-01-28 16:20:56.609'),(19,63,5,'2026-01-28 16:20:56.804','2026-01-28 16:20:56.804'),(19,69,2,'2026-01-28 16:20:57.001','2026-01-28 16:20:57.001'),(19,79,7,'2026-01-28 16:20:57.083','2026-01-28 16:20:57.083'),(19,84,8,'2026-01-28 16:20:57.266','2026-01-28 16:20:57.266'),(19,91,39,'2026-05-04 07:21:24.968','2026-05-04 07:21:24.968'),(19,93,42,'2026-01-28 16:20:56.796','2026-05-04 07:21:24.788'),(19,95,40,'2026-05-04 07:21:24.976','2026-05-04 07:21:24.976'),(19,96,41,'2026-05-04 07:21:24.886','2026-05-04 07:21:24.886'),(19,101,23,'2026-01-28 16:20:57.389','2026-01-28 16:20:57.389'),(19,102,29,'2026-01-28 16:20:56.581','2026-01-28 16:20:56.581'),(19,103,32,'2026-01-28 16:20:56.681','2026-01-28 16:20:56.681'),(19,105,13,'2026-01-28 16:20:57.281','2026-01-28 16:20:57.281'),(19,106,35,'2026-01-28 16:20:57.189','2026-01-28 16:20:57.189'),(19,108,36,'2026-01-28 16:20:56.404','2026-01-28 16:20:56.404'),(19,115,10,'2026-01-28 16:20:57.295','2026-01-28 16:20:57.295'),(19,122,27,'2026-01-28 16:20:57.398','2026-01-28 16:20:57.398'),(19,128,15,'2026-01-28 16:20:57.361','2026-01-28 16:20:57.361'),(19,129,16,'2026-01-28 16:20:56.493','2026-01-28 16:20:56.493'),(19,135,22,'2026-01-28 16:20:57.090','2026-01-28 16:20:57.090'),(19,136,24,'2026-01-28 16:20:57.099','2026-01-28 16:20:57.099'),(19,139,28,'2026-01-28 16:20:56.994','2026-01-28 16:20:56.994'),(19,142,9,'2026-01-28 16:20:56.689','2026-01-28 16:20:56.689'),(19,145,21,'2026-01-28 16:20:56.696','2026-01-28 16:20:56.696'),(19,150,19,'2026-01-28 16:20:57.288','2026-01-28 16:20:57.288'),(19,155,18,'2026-01-28 16:20:56.616','2026-01-28 16:20:56.616'),(19,159,30,'2026-01-28 16:20:57.458','2026-01-28 16:20:57.458'),(19,162,11,'2026-01-28 16:20:56.858','2026-01-28 16:20:56.858'),(19,167,38,'2026-01-28 16:20:56.789','2026-01-28 16:20:56.789'),(19,169,25,'2026-01-28 16:20:56.978','2026-01-28 16:20:56.978'),(19,172,20,'2026-01-28 16:20:56.890','2026-01-28 16:20:56.890'),(19,175,17,'2026-01-28 16:20:57.381','2026-01-28 16:20:57.381'),(19,176,34,'2026-01-28 16:20:56.588','2026-01-28 16:20:56.588'),(19,178,33,'2026-01-28 16:20:57.181','2026-01-28 16:20:57.181'),(19,183,26,'2026-01-28 16:20:56.986','2026-01-28 16:20:56.986'),(19,184,31,'2026-01-28 16:20:56.781','2026-01-28 16:20:56.781'),(19,187,37,'2026-01-28 16:20:57.197','2026-01-28 16:20:57.197'),(19,193,14,'2026-01-28 16:20:56.484','2026-01-28 16:20:56.484'),(19,196,12,'2026-01-28 16:20:56.883','2026-01-28 16:20:56.883'),(19,198,45,'2026-05-04 07:21:24.992','2026-05-04 07:21:24.992'),(19,201,49,'2026-05-04 07:21:24.985','2026-05-04 07:21:24.985'),(19,202,44,'2026-05-04 07:21:24.805','2026-05-04 07:21:24.805'),(19,205,43,'2026-05-04 07:21:24.894','2026-05-04 07:21:24.894'),(19,208,50,'2026-02-27 11:11:54.236','2026-05-04 07:21:24.796'),(19,210,47,'2026-05-04 07:21:24.879','2026-05-04 07:21:24.879'),(19,211,46,'2026-02-27 11:11:54.300','2026-05-04 07:21:24.792'),(19,212,48,'2026-05-04 07:21:24.999','2026-05-04 07:21:24.999'),(19,215,52,'2026-05-04 07:21:25.007','2026-05-04 07:21:25.007'),(19,223,51,'2026-05-04 07:21:24.870','2026-05-04 07:21:24.870'),(20,4,3,'2026-01-28 16:20:57.881','2026-01-28 16:20:57.881'),(20,14,4,'2026-01-28 16:20:58.485','2026-01-28 16:20:58.485'),(20,26,1,'2026-01-28 16:20:58.191','2026-01-28 16:20:58.191'),(20,32,0,'2026-01-28 16:20:58.455','2026-01-28 16:20:58.455'),(20,38,6,'2026-01-28 16:20:57.889','2026-01-28 16:20:57.889'),(20,63,5,'2026-01-28 16:20:58.081','2026-01-28 16:20:58.081'),(20,69,2,'2026-01-28 16:20:58.000','2026-01-28 16:20:58.000'),(20,79,7,'2026-01-28 16:20:58.493','2026-01-28 16:20:58.493'),(20,84,8,'2026-01-28 16:20:58.089','2026-01-28 16:20:58.089'),(20,91,32,'2026-05-04 07:21:26.005','2026-05-04 07:21:26.005'),(20,93,35,'2026-01-28 16:20:57.992','2026-05-04 07:21:25.972'),(20,95,33,'2026-05-04 07:21:26.081','2026-05-04 07:21:26.081'),(20,96,34,'2026-05-04 07:21:26.014','2026-05-04 07:21:26.014'),(20,104,18,'2026-01-28 16:20:58.390','2026-01-28 16:20:58.390'),(20,106,19,'2026-01-28 16:20:57.611','2026-01-28 16:20:57.611'),(20,107,20,'2026-01-28 16:20:57.681','2026-01-28 16:20:57.681'),(20,108,29,'2026-01-28 16:20:58.183','2026-01-28 16:20:58.183'),(20,111,22,'2026-01-28 16:20:58.112','2026-01-28 16:20:58.112'),(20,116,13,'2026-01-28 16:20:58.311','2026-01-28 16:20:58.311'),(20,118,16,'2026-01-28 16:20:58.280','2026-01-28 16:20:58.280'),(20,123,12,'2026-01-28 16:20:58.303','2026-01-28 16:20:58.303'),(20,124,24,'2026-01-28 16:20:58.289','2026-01-28 16:20:58.289'),(20,126,17,'2026-01-28 16:20:58.105','2026-01-28 16:20:58.105'),(20,129,9,'2026-01-28 16:20:58.198','2026-01-28 16:20:58.198'),(20,137,26,'2026-01-28 16:20:58.583','2026-01-28 16:20:58.583'),(20,146,21,'2026-01-28 16:20:58.501','2026-01-28 16:20:58.501'),(20,148,23,'2026-01-28 16:20:57.985','2026-01-28 16:20:57.985'),(20,151,15,'2026-01-28 16:20:57.896','2026-01-28 16:20:57.896'),(20,163,14,'2026-01-28 16:20:58.383','2026-01-28 16:20:58.383'),(20,167,31,'2026-01-28 16:20:57.690','2026-01-28 16:20:57.690'),(20,176,11,'2026-01-28 16:20:58.296','2026-01-28 16:20:58.296'),(20,183,10,'2026-01-28 16:20:58.097','2026-01-28 16:20:58.097'),(20,185,25,'2026-01-28 16:20:57.583','2026-01-28 16:20:57.583'),(20,187,30,'2026-01-28 16:20:58.592','2026-01-28 16:20:58.592'),(20,188,27,'2026-01-28 16:20:57.603','2026-01-28 16:20:57.603'),(20,189,28,'2026-01-28 16:20:58.398','2026-01-28 16:20:58.398'),(20,198,38,'2026-05-04 07:21:26.090','2026-05-04 07:21:26.090'),(20,201,42,'2026-05-04 07:21:25.991','2026-05-04 07:21:25.991'),(20,202,37,'2026-05-04 07:21:26.165','2026-05-04 07:21:26.165'),(20,205,36,'2026-05-04 07:21:26.191','2026-05-04 07:21:26.191'),(20,208,43,'2026-02-27 11:11:54.618','2026-05-04 07:21:25.981'),(20,210,40,'2026-05-04 07:21:26.174','2026-05-04 07:21:26.174'),(20,211,39,'2026-02-27 11:11:54.611','2026-05-04 07:21:25.977'),(20,212,41,'2026-05-04 07:21:26.183','2026-05-04 07:21:26.183'),(20,215,45,'2026-05-04 07:21:26.199','2026-05-04 07:21:26.199'),(20,223,44,'2026-05-04 07:21:26.071','2026-05-04 07:21:26.071'),(21,4,3,'2026-01-28 16:20:59.304','2026-01-28 16:20:59.304'),(21,14,4,'2026-01-28 16:20:59.197','2026-01-28 16:20:59.197'),(21,26,1,'2026-01-28 16:20:59.102','2026-01-28 16:20:59.102'),(21,32,0,'2026-01-28 16:20:59.295','2026-01-28 16:20:59.295'),(21,38,6,'2026-01-28 16:20:58.704','2026-01-28 16:20:58.704'),(21,63,5,'2026-01-28 16:20:59.001','2026-01-28 16:20:59.001'),(21,69,2,'2026-01-28 16:20:58.902','2026-01-28 16:20:58.902'),(21,79,7,'2026-01-28 16:20:58.909','2026-01-28 16:20:58.909'),(21,84,8,'2026-01-28 16:20:59.086','2026-01-28 16:20:59.086'),(21,91,32,'2026-05-04 07:21:27.278','2026-05-04 07:21:27.278'),(21,93,35,'2026-01-28 16:20:59.287','2026-05-04 07:21:27.183'),(21,95,33,'2026-05-04 07:21:27.191','2026-05-04 07:21:27.191'),(21,96,34,'2026-05-04 07:21:27.288','2026-05-04 07:21:27.288'),(21,106,12,'2026-01-28 16:20:59.205','2026-01-28 16:20:59.205'),(21,108,13,'2026-01-28 16:20:59.212','2026-01-28 16:20:59.212'),(21,109,23,'2026-01-28 16:20:58.894','2026-01-28 16:20:58.894'),(21,112,15,'2026-01-28 16:20:58.711','2026-01-28 16:20:58.711'),(21,113,16,'2026-01-28 16:20:58.881','2026-01-28 16:20:58.881'),(21,120,26,'2026-01-28 16:20:59.393','2026-01-28 16:20:59.393'),(21,129,9,'2026-01-28 16:20:58.806','2026-01-28 16:20:58.806'),(21,132,30,'2026-01-28 16:20:58.799','2026-01-28 16:20:58.799'),(21,147,27,'2026-01-28 16:20:59.401','2026-01-28 16:20:59.401'),(21,158,24,'2026-01-28 16:20:58.985','2026-01-28 16:20:58.985'),(21,160,28,'2026-01-28 16:20:59.409','2026-01-28 16:20:59.409'),(21,164,14,'2026-01-28 16:20:58.916','2026-01-28 16:20:58.916'),(21,166,20,'2026-01-28 16:20:59.385','2026-01-28 16:20:59.385'),(21,167,31,'2026-01-28 16:20:58.993','2026-01-28 16:20:58.993'),(21,170,25,'2026-01-28 16:20:59.492','2026-01-28 16:20:59.492'),(21,176,11,'2026-01-28 16:20:59.189','2026-01-28 16:20:59.189'),(21,177,17,'2026-01-28 16:20:59.279','2026-01-28 16:20:59.279'),(21,179,18,'2026-01-28 16:20:58.784','2026-01-28 16:20:58.784'),(21,183,10,'2026-01-28 16:20:59.181','2026-01-28 16:20:59.181'),(21,186,19,'2026-01-28 16:20:58.888','2026-01-28 16:20:58.888'),(21,187,21,'2026-01-28 16:20:59.483','2026-01-28 16:20:59.483'),(21,190,22,'2026-01-28 16:20:59.094','2026-01-28 16:20:59.094'),(21,191,29,'2026-01-28 16:20:58.791','2026-01-28 16:20:58.791'),(21,198,38,'2026-05-04 07:21:27.376','2026-05-04 07:21:27.376'),(21,201,42,'2026-05-04 07:21:27.385','2026-05-04 07:21:27.385'),(21,202,37,'2026-05-04 07:21:27.393','2026-05-04 07:21:27.393'),(21,205,36,'2026-05-04 07:21:27.296','2026-05-04 07:21:27.296'),(21,208,43,'2026-02-27 11:11:55.007','2026-05-04 07:21:27.178'),(21,210,40,'2026-05-04 07:21:27.368','2026-05-04 07:21:27.368'),(21,211,39,'2026-02-27 11:11:54.998','2026-05-04 07:21:27.173'),(21,212,41,'2026-05-04 07:21:27.400','2026-05-04 07:21:27.400'),(21,215,45,'2026-05-04 07:21:27.270','2026-05-04 07:21:27.270'),(21,223,44,'2026-05-04 07:21:27.198','2026-05-04 07:21:27.198'),(22,4,3,'2026-02-02 09:59:13.851','2026-02-02 09:59:13.851'),(22,14,4,'2026-02-02 09:59:13.536','2026-02-02 09:59:13.536'),(22,26,1,'2026-02-02 09:59:14.158','2026-02-02 09:59:14.158'),(22,32,0,'2026-02-02 09:59:14.150','2026-02-02 09:59:14.150'),(22,38,6,'2026-02-02 09:59:14.497','2026-02-02 09:59:14.497'),(22,63,5,'2026-02-02 09:59:14.018','2026-02-02 09:59:14.018'),(22,69,2,'2026-02-02 09:59:14.011','2026-02-02 09:59:14.011'),(22,79,7,'2026-02-02 09:59:13.704','2026-02-02 09:59:13.704'),(22,80,8,'2026-02-02 09:59:14.314','2026-02-02 09:59:14.314'),(22,81,9,'2026-02-02 09:59:13.950','2026-02-02 09:59:13.950'),(22,82,13,'2026-02-02 09:59:13.711','2026-02-02 09:59:13.711'),(22,83,10,'2026-02-02 09:59:13.543','2026-02-02 09:59:13.543'),(22,84,14,'2026-02-02 09:59:13.602','2026-02-02 09:59:13.602'),(22,86,11,'2026-02-02 09:59:14.504','2026-02-02 09:59:14.504'),(22,87,12,'2026-02-02 09:59:14.165','2026-02-02 09:59:14.165'),(22,91,50,'2026-05-04 07:21:24.101','2026-05-04 07:21:24.101'),(22,93,53,'2026-02-02 09:59:14.306','2026-05-04 07:21:23.889'),(22,95,51,'2026-05-04 07:21:24.108','2026-05-04 07:21:24.108'),(22,96,52,'2026-05-04 07:21:24.002','2026-05-04 07:21:24.002'),(22,106,18,'2026-02-02 09:59:13.902','2026-02-02 09:59:13.902'),(22,108,19,'2026-02-02 09:59:13.803','2026-02-02 09:59:13.803'),(22,110,30,'2026-02-02 09:59:13.501','2026-02-02 09:59:13.501'),(22,114,40,'2026-02-02 09:59:14.254','2026-02-02 09:59:14.254'),(22,117,45,'2026-02-02 09:59:13.924','2026-02-02 09:59:13.924'),(22,119,35,'2026-02-02 09:59:14.419','2026-02-02 09:59:14.419'),(22,125,31,'2026-02-02 09:59:13.508','2026-02-02 09:59:13.508'),(22,127,44,'2026-02-02 09:59:13.529','2026-02-02 09:59:13.529'),(22,129,15,'2026-02-02 09:59:14.322','2026-02-02 09:59:14.322'),(22,131,43,'2026-02-02 09:59:14.297','2026-02-02 09:59:14.297'),(22,133,39,'2026-02-02 09:59:13.523','2026-02-02 09:59:13.523'),(22,138,25,'2026-02-02 09:59:14.102','2026-02-02 09:59:14.102'),(22,141,48,'2026-02-02 09:59:13.654','2026-02-02 09:59:13.654'),(22,143,27,'2026-02-02 09:59:14.403','2026-02-02 09:59:14.403'),(22,144,47,'2026-02-02 09:59:14.003','2026-02-02 09:59:14.003'),(22,149,41,'2026-02-02 09:59:14.116','2026-02-02 09:59:14.116'),(22,152,23,'2026-02-02 09:59:14.204','2026-02-02 09:59:14.204'),(22,153,36,'2026-02-02 09:59:13.624','2026-02-02 09:59:13.624'),(22,156,37,'2026-02-02 09:59:13.917','2026-02-02 09:59:13.917'),(22,157,38,'2026-02-02 09:59:13.516','2026-02-02 09:59:13.516'),(22,161,49,'2026-02-02 09:59:13.828','2026-02-02 09:59:13.828'),(22,165,33,'2026-02-02 09:59:14.211','2026-02-02 09:59:14.211'),(22,167,21,'2026-02-02 09:59:14.330','2026-02-02 09:59:14.330'),(22,171,22,'2026-02-02 09:59:13.812','2026-02-02 09:59:13.812'),(22,173,28,'2026-02-02 09:59:13.417','2026-02-02 09:59:13.417'),(22,174,46,'2026-02-02 09:59:14.426','2026-02-02 09:59:14.426'),(22,176,17,'2026-02-02 09:59:13.717','2026-02-02 09:59:13.717'),(22,180,24,'2026-02-02 09:59:14.353','2026-02-02 09:59:14.353'),(22,181,32,'2026-02-02 09:59:13.609','2026-02-02 09:59:13.609'),(22,182,34,'2026-02-02 09:59:13.617','2026-02-02 09:59:13.617'),(22,183,16,'2026-02-02 09:59:14.030','2026-02-02 09:59:14.030'),(22,187,20,'2026-02-02 09:59:13.910','2026-02-02 09:59:13.910'),(22,192,29,'2026-02-02 09:59:14.411','2026-02-02 09:59:14.411'),(22,194,42,'2026-02-02 09:59:13.819','2026-02-02 09:59:13.819'),(22,197,26,'2026-02-02 09:59:14.109','2026-02-02 09:59:14.109'),(22,198,56,'2026-05-04 07:21:23.995','2026-05-04 07:21:23.995'),(22,201,60,'2026-05-04 07:21:24.094','2026-05-04 07:21:24.094'),(22,202,55,'2026-05-04 07:21:24.077','2026-05-04 07:21:24.077'),(22,205,54,'2026-05-04 07:21:24.165','2026-05-04 07:21:24.165'),(22,208,61,'2026-02-27 11:11:54.024','2026-05-04 07:21:23.894'),(22,210,58,'2026-05-04 07:21:24.086','2026-05-04 07:21:24.086'),(22,211,57,'2026-02-27 11:11:54.016','2026-05-04 07:21:23.885'),(22,212,59,'2026-05-04 07:21:23.965','2026-05-04 07:21:23.965'),(22,215,63,'2026-05-04 07:21:23.987','2026-05-04 07:21:23.987'),(22,223,62,'2026-05-04 07:21:23.975','2026-05-04 07:21:23.975'),(23,4,3,'2026-02-02 09:59:14.601','2026-02-02 09:59:14.601'),(23,14,4,'2026-02-02 09:59:15.517','2026-02-02 09:59:15.517'),(23,26,1,'2026-02-02 09:59:15.760','2026-02-02 09:59:15.760'),(23,32,0,'2026-02-02 09:59:14.723','2026-02-02 09:59:14.723'),(23,38,6,'2026-02-02 09:59:15.717','2026-02-02 09:59:15.717'),(23,63,5,'2026-02-02 09:59:15.525','2026-02-02 09:59:15.525'),(23,69,2,'2026-02-02 09:59:14.907','2026-02-02 09:59:14.907'),(23,79,7,'2026-02-02 09:59:15.724','2026-02-02 09:59:15.724'),(23,80,8,'2026-02-02 09:59:15.299','2026-02-02 09:59:15.299'),(23,81,9,'2026-02-02 09:59:15.307','2026-02-02 09:59:15.307'),(23,83,10,'2026-02-02 09:59:14.730','2026-02-02 09:59:14.730'),(23,84,11,'2026-02-02 09:59:15.752','2026-02-02 09:59:15.752'),(23,91,35,'2026-05-04 07:21:24.568','2026-05-04 07:21:24.568'),(23,93,38,'2026-02-02 09:59:15.709','2026-05-04 07:21:24.272'),(23,95,36,'2026-05-04 07:21:24.301','2026-05-04 07:21:24.301'),(23,96,37,'2026-05-04 07:21:24.584','2026-05-04 07:21:24.584'),(23,106,15,'2026-02-02 09:59:14.617','2026-02-02 09:59:14.617'),(23,108,16,'2026-02-02 09:59:14.915','2026-02-02 09:59:14.915'),(23,110,24,'2026-02-02 09:59:14.810','2026-02-02 09:59:14.810'),(23,117,33,'2026-02-02 09:59:14.624','2026-02-02 09:59:14.624'),(23,119,26,'2026-02-02 09:59:15.508','2026-02-02 09:59:15.508'),(23,125,25,'2026-02-02 09:59:15.399','2026-02-02 09:59:15.399'),(23,127,32,'2026-02-02 09:59:14.899','2026-02-02 09:59:14.899'),(23,129,12,'2026-02-02 09:59:14.752','2026-02-02 09:59:14.752'),(23,131,31,'2026-02-02 09:59:15.415','2026-02-02 09:59:15.415'),(23,152,20,'2026-02-02 09:59:15.499','2026-02-02 09:59:15.499'),(23,153,27,'2026-02-02 09:59:15.099','2026-02-02 09:59:15.099'),(23,156,28,'2026-02-02 09:59:15.701','2026-02-02 09:59:15.701'),(23,157,29,'2026-02-02 09:59:14.708','2026-02-02 09:59:14.708'),(23,161,34,'2026-02-02 09:59:14.716','2026-02-02 09:59:14.716'),(23,167,18,'2026-02-02 09:59:14.924','2026-02-02 09:59:14.924'),(23,171,19,'2026-02-02 09:59:14.801','2026-02-02 09:59:14.801'),(23,173,22,'2026-02-02 09:59:15.610','2026-02-02 09:59:15.610'),(23,176,14,'2026-02-02 09:59:14.609','2026-02-02 09:59:14.609'),(23,180,21,'2026-02-02 09:59:14.699','2026-02-02 09:59:14.699'),(23,183,13,'2026-02-02 09:59:14.632','2026-02-02 09:59:14.632'),(23,187,17,'2026-02-02 09:59:15.601','2026-02-02 09:59:15.601'),(23,192,23,'2026-02-02 09:59:14.931','2026-02-02 09:59:14.931'),(23,194,30,'2026-02-02 09:59:15.407','2026-02-02 09:59:15.407'),(23,198,41,'2026-05-04 07:21:24.373','2026-05-04 07:21:24.373'),(23,201,45,'2026-05-04 07:21:24.576','2026-05-04 07:21:24.576'),(23,202,40,'2026-05-04 07:21:24.599','2026-05-04 07:21:24.599'),(23,205,39,'2026-05-04 07:21:24.285','2026-05-04 07:21:24.285'),(23,208,46,'2026-02-27 11:11:54.126','2026-05-04 07:21:24.276'),(23,210,43,'2026-05-04 07:21:24.665','2026-05-04 07:21:24.665'),(23,211,42,'2026-02-27 11:11:54.202','2026-05-04 07:21:24.268'),(23,212,44,'2026-05-04 07:21:24.591','2026-05-04 07:21:24.591'),(23,215,48,'2026-05-04 07:21:24.293','2026-05-04 07:21:24.293'),(23,223,47,'2026-05-04 07:21:24.674','2026-05-04 07:21:24.674'),(24,4,3,'2026-02-02 09:59:16.609','2026-02-02 09:59:16.609'),(24,14,4,'2026-02-02 09:59:16.205','2026-02-02 09:59:16.205'),(24,26,1,'2026-02-02 09:59:16.427','2026-02-02 09:59:16.427'),(24,32,0,'2026-02-02 09:59:16.307','2026-02-02 09:59:16.307'),(24,38,6,'2026-02-02 09:59:16.103','2026-02-02 09:59:16.103'),(24,63,5,'2026-02-02 09:59:16.001','2026-02-02 09:59:16.001'),(24,69,2,'2026-02-02 09:59:16.412','2026-02-02 09:59:16.412'),(24,79,7,'2026-02-02 09:59:16.314','2026-02-02 09:59:16.314'),(24,84,8,'2026-02-02 09:59:16.213','2026-02-02 09:59:16.213'),(24,91,34,'2026-05-04 07:21:25.294','2026-05-04 07:21:25.294'),(24,93,37,'2026-02-02 09:59:16.602','2026-05-04 07:21:25.175'),(24,95,35,'2026-05-04 07:21:25.379','2026-05-04 07:21:25.379'),(24,96,36,'2026-05-04 07:21:25.205','2026-05-04 07:21:25.205'),(24,101,20,'2026-02-02 09:59:16.197','2026-02-02 09:59:16.197'),(24,102,25,'2026-02-02 09:59:16.227','2026-02-02 09:59:16.227'),(24,103,28,'2026-02-02 09:59:16.405','2026-02-02 09:59:16.405'),(24,105,13,'2026-02-02 09:59:15.905','2026-02-02 09:59:15.905'),(24,106,30,'2026-02-02 09:59:15.912','2026-02-02 09:59:15.912'),(24,108,31,'2026-02-02 09:59:15.920','2026-02-02 09:59:15.920'),(24,115,10,'2026-02-02 09:59:16.117','2026-02-02 09:59:16.117'),(24,122,23,'2026-02-02 09:59:16.397','2026-02-02 09:59:16.397'),(24,129,15,'2026-02-02 09:59:16.125','2026-02-02 09:59:16.125'),(24,135,19,'2026-02-02 09:59:16.328','2026-02-02 09:59:16.328'),(24,136,21,'2026-02-02 09:59:16.419','2026-02-02 09:59:16.419'),(24,139,24,'2026-02-02 09:59:16.499','2026-02-02 09:59:16.499'),(24,142,9,'2026-02-02 09:59:16.110','2026-02-02 09:59:16.110'),(24,145,18,'2026-02-02 09:59:16.016','2026-02-02 09:59:16.016'),(24,150,16,'2026-02-02 09:59:16.133','2026-02-02 09:59:16.133'),(24,159,26,'2026-02-02 09:59:16.507','2026-02-02 09:59:16.507'),(24,162,11,'2026-02-02 09:59:16.617','2026-02-02 09:59:16.617'),(24,167,33,'2026-02-02 09:59:16.299','2026-02-02 09:59:16.299'),(24,172,17,'2026-02-02 09:59:16.220','2026-02-02 09:59:16.220'),(24,176,29,'2026-02-02 09:59:16.521','2026-02-02 09:59:16.521'),(24,183,22,'2026-02-02 09:59:16.023','2026-02-02 09:59:16.023'),(24,184,27,'2026-02-02 09:59:16.513','2026-02-02 09:59:16.513'),(24,187,32,'2026-02-02 09:59:16.030','2026-02-02 09:59:16.030'),(24,193,14,'2026-02-02 09:59:16.321','2026-02-02 09:59:16.321'),(24,196,12,'2026-02-02 09:59:16.008','2026-02-02 09:59:16.008'),(24,198,40,'2026-05-04 07:21:25.395','2026-05-04 07:21:25.395'),(24,201,44,'2026-05-04 07:21:25.281','2026-05-04 07:21:25.281'),(24,202,39,'2026-05-04 07:21:25.193','2026-05-04 07:21:25.193'),(24,205,38,'2026-05-04 07:21:25.387','2026-05-04 07:21:25.387'),(24,208,45,'2026-02-27 11:11:54.398','2026-05-04 07:21:25.166'),(24,210,42,'2026-05-04 07:21:25.368','2026-05-04 07:21:25.368'),(24,211,41,'2026-02-27 11:11:54.407','2026-05-04 07:21:25.170'),(24,212,43,'2026-05-04 07:21:25.273','2026-05-04 07:21:25.273'),(24,215,47,'2026-05-04 07:21:25.184','2026-05-04 07:21:25.184'),(24,223,46,'2026-05-04 07:21:25.403','2026-05-04 07:21:25.403'),(25,4,3,'2026-02-02 09:59:16.899','2026-02-02 09:59:16.899'),(25,14,4,'2026-02-02 09:59:17.126','2026-02-02 09:59:17.126'),(25,26,1,'2026-02-02 09:59:16.719','2026-02-02 09:59:16.719'),(25,32,0,'2026-02-02 09:59:16.843','2026-02-02 09:59:16.843'),(25,38,6,'2026-02-02 09:59:16.906','2026-02-02 09:59:16.906'),(25,63,5,'2026-02-02 09:59:16.748','2026-02-02 09:59:16.748'),(25,69,2,'2026-02-02 09:59:16.933','2026-02-02 09:59:16.933'),(25,79,7,'2026-02-02 09:59:17.000','2026-02-02 09:59:17.000'),(25,84,8,'2026-02-02 09:59:16.802','2026-02-02 09:59:16.802'),(25,91,25,'2026-05-04 07:21:25.668','2026-05-04 07:21:25.668'),(25,93,28,'2026-02-02 09:59:17.119','2026-05-04 07:21:25.594'),(25,95,26,'2026-05-04 07:21:25.685','2026-05-04 07:21:25.685'),(25,96,27,'2026-05-04 07:21:25.676','2026-05-04 07:21:25.676'),(25,102,19,'2026-02-02 09:59:16.829','2026-02-02 09:59:16.829'),(25,106,21,'2026-02-02 09:59:16.836','2026-02-02 09:59:16.836'),(25,108,22,'2026-02-02 09:59:16.920','2026-02-02 09:59:16.920'),(25,115,10,'2026-02-02 09:59:16.816','2026-02-02 09:59:16.816'),(25,122,17,'2026-02-02 09:59:17.201','2026-02-02 09:59:17.201'),(25,129,12,'2026-02-02 09:59:17.150','2026-02-02 09:59:17.150'),(25,139,18,'2026-02-02 09:59:17.209','2026-02-02 09:59:17.209'),(25,142,9,'2026-02-02 09:59:16.809','2026-02-02 09:59:16.809'),(25,145,15,'2026-02-02 09:59:17.017','2026-02-02 09:59:17.017'),(25,150,13,'2026-02-02 09:59:16.822','2026-02-02 09:59:16.822'),(25,162,11,'2026-02-02 09:59:16.913','2026-02-02 09:59:16.913'),(25,167,24,'2026-02-02 09:59:16.927','2026-02-02 09:59:16.927'),(25,172,14,'2026-02-02 09:59:17.009','2026-02-02 09:59:17.009'),(25,176,20,'2026-02-02 09:59:17.105','2026-02-02 09:59:17.105'),(25,183,16,'2026-02-02 09:59:17.025','2026-02-02 09:59:17.025'),(25,187,23,'2026-02-02 09:59:17.112','2026-02-02 09:59:17.112'),(25,198,31,'2026-05-04 07:21:25.806','2026-05-04 07:21:25.806'),(25,201,35,'2026-05-04 07:21:25.799','2026-05-04 07:21:25.799'),(25,202,30,'2026-05-04 07:21:25.775','2026-05-04 07:21:25.775'),(25,205,29,'2026-05-04 07:21:25.791','2026-05-04 07:21:25.791'),(25,208,36,'2026-02-27 11:11:54.498','2026-05-04 07:21:25.590'),(25,210,33,'2026-05-04 07:21:25.692','2026-05-04 07:21:25.692'),(25,211,32,'2026-02-27 11:11:54.507','2026-05-04 07:21:25.599'),(25,212,34,'2026-05-04 07:21:25.768','2026-05-04 07:21:25.768'),(25,215,38,'2026-05-04 07:21:25.783','2026-05-04 07:21:25.783'),(25,223,37,'2026-05-04 07:21:25.607','2026-05-04 07:21:25.607'),(26,4,3,'2026-02-02 09:59:18.103','2026-02-02 09:59:18.103'),(26,14,4,'2026-02-02 09:59:18.027','2026-02-02 09:59:18.027'),(26,26,1,'2026-02-02 09:59:18.048','2026-02-02 09:59:18.048'),(26,32,0,'2026-02-02 09:59:18.234','2026-02-02 09:59:18.234'),(26,38,6,'2026-02-02 09:59:18.110','2026-02-02 09:59:18.110'),(26,63,5,'2026-02-02 09:59:17.406','2026-02-02 09:59:17.406'),(26,69,2,'2026-02-02 09:59:18.020','2026-02-02 09:59:18.020'),(26,79,7,'2026-02-02 09:59:18.117','2026-02-02 09:59:18.117'),(26,84,8,'2026-02-02 09:59:17.603','2026-02-02 09:59:17.603'),(26,91,28,'2026-05-04 07:21:26.468','2026-05-04 07:21:26.468'),(26,93,31,'2026-02-02 09:59:18.207','2026-05-04 07:21:26.370'),(26,95,29,'2026-05-04 07:21:26.575','2026-05-04 07:21:26.575'),(26,96,30,'2026-05-04 07:21:26.406','2026-05-04 07:21:26.406'),(26,106,18,'2026-02-02 09:59:18.253','2026-02-02 09:59:18.253'),(26,108,25,'2026-02-02 09:59:17.803','2026-02-02 09:59:17.803'),(26,111,19,'2026-02-02 09:59:17.912','2026-02-02 09:59:17.912'),(26,116,13,'2026-02-02 09:59:17.708','2026-02-02 09:59:17.708'),(26,118,16,'2026-02-02 09:59:17.700','2026-02-02 09:59:17.700'),(26,123,12,'2026-02-02 09:59:17.819','2026-02-02 09:59:17.819'),(26,124,21,'2026-02-02 09:59:18.007','2026-02-02 09:59:18.007'),(26,126,17,'2026-02-02 09:59:18.221','2026-02-02 09:59:18.221'),(26,129,9,'2026-02-02 09:59:17.499','2026-02-02 09:59:17.499'),(26,137,23,'2026-02-02 09:59:18.034','2026-02-02 09:59:18.034'),(26,148,20,'2026-02-02 09:59:17.999','2026-02-02 09:59:17.999'),(26,151,15,'2026-02-02 09:59:17.715','2026-02-02 09:59:17.715'),(26,163,14,'2026-02-02 09:59:17.905','2026-02-02 09:59:17.905'),(26,167,27,'2026-02-02 09:59:18.227','2026-02-02 09:59:18.227'),(26,176,11,'2026-02-02 09:59:18.213','2026-02-02 09:59:18.213'),(26,183,10,'2026-02-02 09:59:17.811','2026-02-02 09:59:17.811'),(26,185,22,'2026-02-02 09:59:18.013','2026-02-02 09:59:18.013'),(26,187,26,'2026-02-02 09:59:18.199','2026-02-02 09:59:18.199'),(26,188,24,'2026-02-02 09:59:18.040','2026-02-02 09:59:18.040'),(26,198,34,'2026-05-04 07:21:26.485','2026-05-04 07:21:26.485'),(26,201,38,'2026-05-04 07:21:26.391','2026-05-04 07:21:26.391'),(26,202,33,'2026-05-04 07:21:26.476','2026-05-04 07:21:26.476'),(26,205,32,'2026-05-04 07:21:26.500','2026-05-04 07:21:26.500'),(26,208,39,'2026-02-27 11:11:54.802','2026-05-04 07:21:26.365'),(26,210,36,'2026-05-04 07:21:26.492','2026-05-04 07:21:26.492'),(26,211,35,'2026-02-27 11:11:54.708','2026-05-04 07:21:26.375'),(26,212,37,'2026-05-04 07:21:26.384','2026-05-04 07:21:26.384'),(26,215,41,'2026-05-04 07:21:26.398','2026-05-04 07:21:26.398'),(26,223,40,'2026-05-04 07:21:26.568','2026-05-04 07:21:26.568'),(27,4,3,'2026-02-02 09:59:18.412','2026-02-02 09:59:18.412'),(27,14,4,'2026-02-02 09:59:18.419','2026-02-02 09:59:18.419'),(27,26,1,'2026-02-02 09:59:18.629','2026-02-02 09:59:18.629'),(27,32,0,'2026-02-02 09:59:18.622','2026-02-02 09:59:18.622'),(27,38,6,'2026-02-02 09:59:18.650','2026-02-02 09:59:18.650'),(27,63,5,'2026-02-02 09:59:18.636','2026-02-02 09:59:18.636'),(27,69,2,'2026-02-02 09:59:18.809','2026-02-02 09:59:18.809'),(27,79,7,'2026-02-02 09:59:18.901','2026-02-02 09:59:18.901'),(27,84,8,'2026-02-02 09:59:18.499','2026-02-02 09:59:18.499'),(27,91,22,'2026-05-04 07:21:26.897','2026-05-04 07:21:26.897'),(27,93,25,'2026-02-02 09:59:18.614','2026-05-04 07:21:26.792'),(27,95,23,'2026-05-04 07:21:26.889','2026-05-04 07:21:26.889'),(27,96,24,'2026-05-04 07:21:27.000','2026-05-04 07:21:27.000'),(27,106,15,'2026-02-02 09:59:18.707','2026-02-02 09:59:18.707'),(27,108,19,'2026-02-02 09:59:18.506','2026-02-02 09:59:18.506'),(27,111,16,'2026-02-02 09:59:18.714','2026-02-02 09:59:18.714'),(27,116,13,'2026-02-02 09:59:18.599','2026-02-02 09:59:18.599'),(27,123,12,'2026-02-02 09:59:18.699','2026-02-02 09:59:18.699'),(27,124,18,'2026-02-02 09:59:18.321','2026-02-02 09:59:18.321'),(27,129,9,'2026-02-02 09:59:18.514','2026-02-02 09:59:18.514'),(27,148,17,'2026-02-02 09:59:18.801','2026-02-02 09:59:18.801'),(27,163,14,'2026-02-02 09:59:18.607','2026-02-02 09:59:18.607'),(27,167,21,'2026-02-02 09:59:18.405','2026-02-02 09:59:18.405'),(27,176,11,'2026-02-02 09:59:18.522','2026-02-02 09:59:18.522'),(27,183,10,'2026-02-02 09:59:18.314','2026-02-02 09:59:18.314'),(27,187,20,'2026-02-02 09:59:18.397','2026-02-02 09:59:18.397'),(27,198,28,'2026-05-04 07:21:26.984','2026-05-04 07:21:26.984'),(27,201,32,'2026-05-04 07:21:26.881','2026-05-04 07:21:26.881'),(27,202,27,'2026-05-04 07:21:26.903','2026-05-04 07:21:26.903'),(27,205,26,'2026-05-04 07:21:26.976','2026-05-04 07:21:26.976'),(27,208,33,'2026-02-27 11:11:54.898','2026-05-04 07:21:26.788'),(27,210,30,'2026-05-04 07:21:26.968','2026-05-04 07:21:26.968'),(27,211,29,'2026-02-27 11:11:54.907','2026-05-04 07:21:26.866'),(27,212,31,'2026-05-04 07:21:26.873','2026-05-04 07:21:26.873'),(27,215,35,'2026-05-04 07:21:27.009','2026-05-04 07:21:27.009'),(27,223,34,'2026-05-04 07:21:26.992','2026-05-04 07:21:26.992'),(28,4,3,'2026-02-02 09:59:19.172','2026-02-02 09:59:19.172'),(28,14,4,'2026-02-02 09:59:18.960','2026-02-02 09:59:18.960'),(28,26,1,'2026-02-02 09:59:19.433','2026-02-02 09:59:19.433'),(28,32,0,'2026-02-02 09:59:19.419','2026-02-02 09:59:19.419'),(28,38,6,'2026-02-02 09:59:19.426','2026-02-02 09:59:19.426'),(28,63,5,'2026-02-02 09:59:19.335','2026-02-02 09:59:19.335'),(28,69,2,'2026-02-02 09:59:19.157','2026-02-02 09:59:19.157'),(28,79,7,'2026-02-02 09:59:19.404','2026-02-02 09:59:19.404'),(28,84,8,'2026-02-02 09:59:19.200','2026-02-02 09:59:19.200'),(28,91,28,'2026-05-04 07:21:27.578','2026-05-04 07:21:27.578'),(28,93,31,'2026-02-02 09:59:19.327','2026-05-04 07:21:27.504'),(28,95,29,'2026-05-04 07:21:27.668','2026-05-04 07:21:27.668'),(28,96,30,'2026-05-04 07:21:27.676','2026-05-04 07:21:27.676'),(28,106,12,'2026-02-02 09:59:18.968','2026-02-02 09:59:18.968'),(28,108,13,'2026-02-02 09:59:19.207','2026-02-02 09:59:19.207'),(28,112,15,'2026-02-02 09:59:19.604','2026-02-02 09:59:19.604'),(28,113,16,'2026-02-02 09:59:19.220','2026-02-02 09:59:19.220'),(28,120,23,'2026-02-02 09:59:19.318','2026-02-02 09:59:19.318'),(28,129,9,'2026-02-02 09:59:19.001','2026-02-02 09:59:19.001'),(28,147,24,'2026-02-02 09:59:19.110','2026-02-02 09:59:19.110'),(28,158,21,'2026-02-02 09:59:19.411','2026-02-02 09:59:19.411'),(28,160,25,'2026-02-02 09:59:19.597','2026-02-02 09:59:19.597'),(28,164,14,'2026-02-02 09:59:19.103','2026-02-02 09:59:19.103'),(28,167,27,'2026-02-02 09:59:19.214','2026-02-02 09:59:19.214'),(28,170,22,'2026-02-02 09:59:19.516','2026-02-02 09:59:19.516'),(28,176,11,'2026-02-02 09:59:19.009','2026-02-02 09:59:19.009'),(28,177,17,'2026-02-02 09:59:19.303','2026-02-02 09:59:19.303'),(28,179,18,'2026-02-02 09:59:19.311','2026-02-02 09:59:19.311'),(28,183,10,'2026-02-02 09:59:19.499','2026-02-02 09:59:19.499'),(28,186,19,'2026-02-02 09:59:19.507','2026-02-02 09:59:19.507'),(28,187,20,'2026-02-02 09:59:19.612','2026-02-02 09:59:19.612'),(28,191,26,'2026-02-02 09:59:19.117','2026-02-02 09:59:19.117'),(28,198,34,'2026-05-04 07:21:27.777','2026-05-04 07:21:27.777'),(28,201,38,'2026-05-04 07:21:27.699','2026-05-04 07:21:27.699'),(28,202,33,'2026-05-04 07:21:27.570','2026-05-04 07:21:27.570'),(28,205,32,'2026-05-04 07:21:27.683','2026-05-04 07:21:27.683'),(28,208,39,'2026-02-27 11:11:55.114','2026-05-04 07:21:27.513'),(28,210,36,'2026-05-04 07:21:27.594','2026-05-04 07:21:27.594'),(28,211,35,'2026-02-27 11:11:55.103','2026-05-04 07:21:27.508'),(28,212,37,'2026-05-04 07:21:27.690','2026-05-04 07:21:27.690'),(28,215,41,'2026-05-04 07:21:27.586','2026-05-04 07:21:27.586'),(28,223,40,'2026-05-04 07:21:27.768','2026-05-04 07:21:27.768'),(29,4,3,'2026-02-02 09:59:20.009','2026-02-02 09:59:20.009'),(29,14,4,'2026-02-02 09:59:20.221','2026-02-02 09:59:20.221'),(29,26,1,'2026-02-02 09:59:20.001','2026-02-02 09:59:20.001'),(29,32,0,'2026-02-02 09:59:19.927','2026-02-02 09:59:19.927'),(29,38,6,'2026-02-02 09:59:20.201','2026-02-02 09:59:20.201'),(29,63,5,'2026-02-02 09:59:19.799','2026-02-02 09:59:19.799'),(29,69,2,'2026-02-02 09:59:19.843','2026-02-02 09:59:19.843'),(29,79,7,'2026-02-02 09:59:20.228','2026-02-02 09:59:20.228'),(29,84,8,'2026-02-02 09:59:19.850','2026-02-02 09:59:19.850'),(29,91,22,'2026-05-04 07:21:28.091','2026-05-04 07:21:28.091'),(29,93,25,'2026-02-02 09:59:19.921','2026-05-04 07:21:27.879'),(29,95,23,'2026-05-04 07:21:28.100','2026-05-04 07:21:28.100'),(29,96,24,'2026-05-04 07:21:27.978','2026-05-04 07:21:27.978'),(29,106,12,'2026-02-02 09:59:19.814','2026-02-02 09:59:19.814'),(29,108,13,'2026-02-02 09:59:20.215','2026-02-02 09:59:20.215'),(29,112,15,'2026-02-02 09:59:19.906','2026-02-02 09:59:19.906'),(29,113,16,'2026-02-02 09:59:20.301','2026-02-02 09:59:20.301'),(29,120,20,'2026-02-02 09:59:19.913','2026-02-02 09:59:19.913'),(29,129,9,'2026-02-02 09:59:20.208','2026-02-02 09:59:20.208'),(29,158,18,'2026-02-02 09:59:19.836','2026-02-02 09:59:19.836'),(29,164,14,'2026-02-02 09:59:19.821','2026-02-02 09:59:19.821'),(29,167,21,'2026-02-02 09:59:19.716','2026-02-02 09:59:19.716'),(29,170,19,'2026-02-02 09:59:19.708','2026-02-02 09:59:19.708'),(29,176,11,'2026-02-02 09:59:19.807','2026-02-02 09:59:19.807'),(29,183,10,'2026-02-02 09:59:19.899','2026-02-02 09:59:19.899'),(29,187,17,'2026-02-02 09:59:19.829','2026-02-02 09:59:19.829'),(29,198,28,'2026-05-04 07:21:27.898','2026-05-04 07:21:27.898'),(29,201,32,'2026-05-04 07:21:27.970','2026-05-04 07:21:27.970'),(29,202,27,'2026-05-04 07:21:28.170','2026-05-04 07:21:28.170'),(29,205,26,'2026-05-04 07:21:28.002','2026-05-04 07:21:28.002'),(29,208,33,'2026-02-27 11:11:55.225','2026-05-04 07:21:27.889'),(29,210,30,'2026-05-04 07:21:28.074','2026-05-04 07:21:28.074'),(29,211,29,'2026-02-27 11:11:55.217','2026-05-04 07:21:27.884'),(29,212,31,'2026-05-04 07:21:27.987','2026-05-04 07:21:27.987'),(29,215,35,'2026-05-04 07:21:28.083','2026-05-04 07:21:28.083'),(29,223,34,'2026-05-04 07:21:27.995','2026-05-04 07:21:27.995'),(30,4,3,'2026-02-18 15:07:01.801','2026-02-18 15:07:01.801'),(30,14,4,'2026-02-18 15:07:01.696','2026-02-18 15:07:01.696'),(30,26,1,'2026-02-18 15:07:01.702','2026-02-18 15:07:01.702'),(30,32,0,'2026-02-18 15:07:01.793','2026-02-18 15:07:01.793'),(30,38,6,'2026-02-18 15:07:01.604','2026-02-18 15:07:01.604'),(30,63,5,'2026-02-18 15:07:01.806','2026-02-18 15:07:01.806'),(30,69,2,'2026-02-18 15:07:01.706','2026-02-18 15:07:01.706'),(30,79,7,'2026-02-18 15:07:01.880','2026-02-18 15:07:01.880'),(30,84,8,'2026-02-18 15:07:01.499','2026-02-18 15:07:01.499'),(30,89,19,'2026-02-18 15:07:01.591','2026-02-18 15:07:01.591'),(30,90,20,'2026-02-18 15:07:01.486','2026-02-18 15:07:01.486'),(30,91,16,'2026-02-18 15:07:01.507','2026-02-18 15:07:01.507'),(30,93,22,'2026-02-18 15:07:01.579','2026-02-18 15:07:01.579'),(30,94,21,'2026-02-18 15:07:01.785','2026-02-18 15:07:01.785'),(30,95,17,'2026-02-18 15:07:01.781','2026-02-18 15:07:01.781'),(30,96,18,'2026-02-18 15:07:01.587','2026-02-18 15:07:01.587'),(30,106,12,'2026-02-18 15:07:01.503','2026-02-18 15:07:01.503'),(30,108,13,'2026-02-18 15:07:01.884','2026-02-18 15:07:01.884'),(30,129,9,'2026-02-18 15:07:01.583','2026-02-18 15:07:01.583'),(30,167,15,'2026-02-18 15:07:01.687','2026-02-18 15:07:01.687'),(30,176,11,'2026-02-18 15:07:01.402','2026-02-18 15:07:01.402'),(30,183,10,'2026-02-18 15:07:01.398','2026-02-18 15:07:01.398'),(30,187,14,'2026-02-18 15:07:01.481','2026-02-18 15:07:01.481'),(30,198,25,'2026-02-18 15:07:01.595','2026-02-18 15:07:01.595'),(30,199,26,'2026-02-18 15:07:01.490','2026-02-18 15:07:01.490'),(30,200,28,'2026-02-18 15:07:01.494','2026-02-18 15:07:01.494'),(30,201,32,'2026-05-04 07:21:28.571','2026-05-04 07:21:28.571'),(30,202,24,'2026-02-18 15:07:01.692','2026-02-18 15:07:01.692'),(30,205,23,'2026-02-18 15:07:01.788','2026-02-18 15:07:01.788'),(30,206,27,'2026-02-18 15:07:01.682','2026-02-18 15:07:01.682'),(30,208,33,'2026-02-27 11:11:55.498','2026-05-04 07:21:28.472'),(30,210,30,'2026-05-04 07:21:28.502','2026-05-04 07:21:28.502'),(30,211,29,'2026-02-18 15:07:01.599','2026-02-18 15:07:01.599'),(30,212,31,'2026-05-04 07:21:28.494','2026-05-04 07:21:28.494'),(30,215,35,'2026-05-04 07:21:28.511','2026-05-04 07:21:28.511'),(30,223,34,'2026-05-04 07:21:28.481','2026-05-04 07:21:28.481'),(31,4,3,'2026-02-18 15:07:02.193','2026-02-18 15:07:02.193'),(31,14,4,'2026-02-18 15:07:02.078','2026-02-18 15:07:02.078'),(31,26,1,'2026-02-18 15:07:02.189','2026-02-18 15:07:02.189'),(31,32,0,'2026-02-18 15:07:02.184','2026-02-18 15:07:02.184'),(31,38,6,'2026-02-18 15:07:02.292','2026-02-18 15:07:02.292'),(31,63,5,'2026-02-18 15:07:02.083','2026-02-18 15:07:02.083'),(31,69,2,'2026-02-18 15:07:02.288','2026-02-18 15:07:02.288'),(31,79,7,'2026-02-18 15:07:02.087','2026-02-18 15:07:02.087'),(31,84,8,'2026-02-18 15:07:02.197','2026-02-18 15:07:02.197'),(31,91,16,'2026-02-18 15:07:02.284','2026-02-18 15:07:02.284'),(31,93,19,'2026-02-18 15:07:02.305','2026-02-18 15:07:02.305'),(31,95,17,'2026-02-18 15:07:02.099','2026-02-18 15:07:02.099'),(31,96,18,'2026-02-18 15:07:02.103','2026-02-18 15:07:02.103'),(31,106,12,'2026-02-18 15:07:02.296','2026-02-18 15:07:02.296'),(31,108,13,'2026-02-18 15:07:02.095','2026-02-18 15:07:02.095'),(31,129,9,'2026-02-18 15:07:02.202','2026-02-18 15:07:02.202'),(31,167,15,'2026-02-18 15:07:02.300','2026-02-18 15:07:02.300'),(31,176,11,'2026-02-18 15:07:02.091','2026-02-18 15:07:02.091'),(31,183,10,'2026-02-18 15:07:02.206','2026-02-18 15:07:02.206'),(31,187,14,'2026-02-18 15:07:02.280','2026-02-18 15:07:02.280'),(31,198,22,'2026-02-18 15:07:02.380','2026-02-18 15:07:02.380'),(31,201,26,'2026-05-04 07:21:28.974','2026-05-04 07:21:28.974'),(31,202,21,'2026-02-18 15:07:02.180','2026-02-18 15:07:02.180'),(31,205,20,'2026-02-18 15:07:02.309','2026-02-18 15:07:02.309'),(31,208,27,'2026-02-27 11:11:55.531','2026-05-04 07:21:28.674'),(31,210,24,'2026-05-04 07:21:28.769','2026-05-04 07:21:28.769'),(31,211,23,'2026-02-18 15:07:01.902','2026-02-18 15:07:01.902'),(31,212,25,'2026-05-04 07:21:28.966','2026-05-04 07:21:28.966'),(31,215,29,'2026-05-04 07:21:28.682','2026-05-04 07:21:28.682'),(31,223,28,'2026-05-04 07:21:28.689','2026-05-04 07:21:28.689'),(32,4,3,'2026-02-18 15:07:02.610','2026-02-18 15:07:02.610'),(32,14,4,'2026-02-18 15:07:02.502','2026-02-18 15:07:02.502'),(32,26,1,'2026-02-18 15:07:02.692','2026-02-18 15:07:02.692'),(32,32,0,'2026-02-18 15:07:02.606','2026-02-18 15:07:02.606'),(32,38,6,'2026-02-18 15:07:02.506','2026-02-18 15:07:02.506'),(32,63,5,'2026-02-18 15:07:02.695','2026-02-18 15:07:02.695'),(32,69,2,'2026-02-18 15:07:02.395','2026-02-18 15:07:02.395'),(32,79,7,'2026-02-18 15:07:02.399','2026-02-18 15:07:02.399'),(32,84,8,'2026-02-18 15:07:02.407','2026-02-18 15:07:02.407'),(32,91,16,'2026-05-04 07:21:29.289','2026-05-04 07:21:29.289'),(32,93,19,'2026-02-18 15:07:02.497','2026-05-04 07:21:29.190'),(32,95,17,'2026-05-04 07:21:29.396','2026-05-04 07:21:29.396'),(32,96,18,'2026-05-04 07:21:29.296','2026-05-04 07:21:29.296'),(32,106,12,'2026-02-18 15:07:02.580','2026-02-18 15:07:02.580'),(32,108,13,'2026-02-18 15:07:02.494','2026-02-18 15:07:02.494'),(32,129,9,'2026-02-18 15:07:02.481','2026-02-18 15:07:02.481'),(32,167,15,'2026-02-18 15:07:02.680','2026-02-18 15:07:02.680'),(32,176,11,'2026-02-18 15:07:02.490','2026-02-18 15:07:02.490'),(32,183,10,'2026-02-18 15:07:02.486','2026-02-18 15:07:02.486'),(32,187,14,'2026-02-18 15:07:02.614','2026-02-18 15:07:02.614'),(32,198,22,'2026-05-04 07:21:29.388','2026-05-04 07:21:29.388'),(32,201,26,'2026-02-18 15:07:02.592','2026-05-04 07:21:29.207'),(32,202,21,'2026-05-04 07:21:29.381','2026-05-04 07:21:29.381'),(32,203,28,'2026-02-18 15:07:02.600','2026-05-04 07:21:29.277'),(32,204,29,'2026-02-18 15:07:02.699','2026-05-04 07:21:29.203'),(32,205,20,'2026-05-04 07:21:29.373','2026-05-04 07:21:29.373'),(32,207,30,'2026-02-18 15:07:02.684','2026-05-04 07:21:29.187'),(32,208,31,'2026-02-18 15:07:02.688','2026-05-04 07:21:29.272'),(32,210,24,'2026-02-18 15:07:02.584','2026-05-04 07:21:29.268'),(32,211,23,'2026-02-27 11:11:55.908','2026-05-04 07:21:29.281'),(32,212,25,'2026-02-18 15:07:02.588','2026-05-04 07:21:29.198'),(32,213,27,'2026-02-18 15:07:02.596','2026-05-04 07:21:29.194'),(32,215,33,'2026-05-04 07:21:29.305','2026-05-04 07:21:29.305'),(32,223,32,'2026-05-04 07:21:29.404','2026-05-04 07:21:29.404'),(33,4,3,'2026-02-18 15:07:02.885','2026-02-18 15:07:02.885'),(33,14,4,'2026-02-18 15:07:02.990','2026-02-18 15:07:02.990'),(33,26,1,'2026-02-18 15:07:02.987','2026-02-18 15:07:02.987'),(33,32,0,'2026-02-18 15:07:03.087','2026-02-18 15:07:03.087'),(33,38,6,'2026-02-18 15:07:02.798','2026-02-18 15:07:02.798'),(33,63,5,'2026-02-18 15:07:02.795','2026-02-18 15:07:02.795'),(33,69,2,'2026-02-18 15:07:02.791','2026-02-18 15:07:02.791'),(33,79,7,'2026-02-18 15:07:03.092','2026-02-18 15:07:03.092'),(33,84,8,'2026-02-18 15:07:02.994','2026-02-18 15:07:02.994'),(33,91,16,'2026-05-04 07:21:29.778','2026-05-04 07:21:29.778'),(33,93,19,'2026-02-18 15:07:02.904','2026-05-04 07:21:29.651'),(33,95,17,'2026-05-04 07:21:29.688','2026-05-04 07:21:29.688'),(33,96,18,'2026-05-04 07:21:29.866','2026-05-04 07:21:29.866'),(33,106,12,'2026-02-18 15:07:02.894','2026-02-18 15:07:02.894'),(33,108,13,'2026-02-18 15:07:02.898','2026-02-18 15:07:02.898'),(33,129,9,'2026-02-18 15:07:02.889','2026-02-18 15:07:02.889'),(33,167,15,'2026-02-18 15:07:03.079','2026-02-18 15:07:03.079'),(33,176,11,'2026-02-18 15:07:02.998','2026-02-18 15:07:02.998'),(33,183,10,'2026-02-18 15:07:03.098','2026-02-18 15:07:03.098'),(33,187,14,'2026-02-18 15:07:03.003','2026-02-18 15:07:03.003'),(33,198,22,'2026-05-04 07:21:29.795','2026-05-04 07:21:29.795'),(33,201,26,'2026-02-18 15:07:02.983','2026-05-04 07:21:29.670'),(33,202,21,'2026-05-04 07:21:29.787','2026-05-04 07:21:29.787'),(33,203,28,'2026-02-18 15:07:02.806','2026-05-04 07:21:29.675'),(33,204,29,'2026-02-18 15:07:02.810','2026-05-04 07:21:29.666'),(33,205,20,'2026-05-04 07:21:29.740','2026-05-04 07:21:29.740'),(33,208,30,'2026-02-18 15:07:02.881','2026-05-04 07:21:29.679'),(33,210,24,'2026-02-18 15:07:02.979','2026-05-04 07:21:29.661'),(33,211,23,'2026-02-27 11:11:56.309','2026-05-04 07:21:29.647'),(33,212,25,'2026-02-18 15:07:02.802','2026-05-04 07:21:29.642'),(33,213,27,'2026-02-18 15:07:03.083','2026-05-04 07:21:29.656'),(33,215,32,'2026-05-04 07:21:29.770','2026-05-04 07:21:29.770'),(33,223,31,'2026-05-04 07:21:29.803','2026-05-04 07:21:29.803'),(34,4,3,'2026-02-18 15:07:03.415','2026-02-18 15:07:03.415'),(34,14,4,'2026-02-18 15:07:03.190','2026-02-18 15:07:03.190'),(34,26,1,'2026-02-18 15:07:03.207','2026-02-18 15:07:03.207'),(34,32,0,'2026-02-18 15:07:03.203','2026-02-18 15:07:03.203'),(34,38,6,'2026-02-18 15:07:03.194','2026-02-18 15:07:03.194'),(34,63,5,'2026-02-18 15:07:03.282','2026-02-18 15:07:03.282'),(34,69,2,'2026-02-18 15:07:03.277','2026-02-18 15:07:03.277'),(34,79,7,'2026-02-18 15:07:03.287','2026-02-18 15:07:03.287'),(34,84,8,'2026-02-18 15:07:03.291','2026-02-18 15:07:03.291'),(34,91,16,'2026-05-04 07:21:30.208','2026-05-04 07:21:30.208'),(34,93,19,'2026-02-18 15:07:03.392','2026-05-04 07:21:30.096'),(34,95,17,'2026-05-04 07:21:30.268','2026-05-04 07:21:30.268'),(34,96,18,'2026-05-04 07:21:30.185','2026-05-04 07:21:30.185'),(34,106,12,'2026-02-18 15:07:03.307','2026-02-18 15:07:03.307'),(34,108,13,'2026-02-18 15:07:03.295','2026-02-18 15:07:03.295'),(34,129,9,'2026-02-18 15:07:03.303','2026-02-18 15:07:03.303'),(34,167,15,'2026-02-18 15:07:03.387','2026-02-18 15:07:03.387'),(34,176,11,'2026-02-18 15:07:03.199','2026-02-18 15:07:03.199'),(34,183,10,'2026-02-18 15:07:03.479','2026-02-18 15:07:03.479'),(34,187,14,'2026-02-18 15:07:03.299','2026-02-18 15:07:03.299'),(34,198,22,'2026-05-04 07:21:30.193','2026-05-04 07:21:30.193'),(34,201,26,'2026-02-18 15:07:03.406','2026-05-04 07:21:30.105'),(34,202,21,'2026-05-04 07:21:30.286','2026-05-04 07:21:30.286'),(34,205,20,'2026-05-04 07:21:30.176','2026-05-04 07:21:30.176'),(34,208,27,'2026-02-18 15:07:03.411','2026-05-04 07:21:30.168'),(34,210,24,'2026-02-18 15:07:03.396','2026-05-04 07:21:30.101'),(34,211,23,'2026-02-27 11:11:56.508','2026-05-04 07:21:30.088'),(34,212,25,'2026-02-18 15:07:03.401','2026-05-04 07:21:30.092'),(34,215,29,'2026-05-04 07:21:30.275','2026-05-04 07:21:30.275'),(34,223,28,'2026-05-04 07:21:30.201','2026-05-04 07:21:30.201'),(35,4,3,'2026-05-04 07:21:30.994','2026-05-04 07:21:30.994'),(35,14,4,'2026-05-04 07:21:30.575','2026-05-04 07:21:30.575'),(35,26,1,'2026-05-04 07:21:31.172','2026-05-04 07:21:31.172'),(35,32,0,'2026-05-04 07:21:30.675','2026-05-04 07:21:30.675'),(35,38,6,'2026-05-04 07:21:30.900','2026-05-04 07:21:30.900'),(35,63,5,'2026-05-04 07:21:30.375','2026-05-04 07:21:30.375'),(35,69,2,'2026-05-04 07:21:30.474','2026-05-04 07:21:30.474'),(35,79,7,'2026-05-04 07:21:30.968','2026-05-04 07:21:30.968'),(35,84,8,'2026-05-04 07:21:30.684','2026-05-04 07:21:30.684'),(35,91,16,'2026-05-04 07:21:30.766','2026-05-04 07:21:30.766'),(35,93,19,'2026-05-04 07:21:30.491','2026-05-04 07:21:30.491'),(35,95,17,'2026-05-04 07:21:31.197','2026-05-04 07:21:31.197'),(35,96,18,'2026-05-04 07:21:30.600','2026-05-04 07:21:30.600'),(35,106,12,'2026-05-04 07:21:30.701','2026-05-04 07:21:30.701'),(35,108,13,'2026-05-04 07:21:31.189','2026-05-04 07:21:31.189'),(35,129,9,'2026-05-04 07:21:30.382','2026-05-04 07:21:30.382'),(35,167,15,'2026-05-04 07:21:30.482','2026-05-04 07:21:30.482'),(35,176,11,'2026-05-04 07:21:31.180','2026-05-04 07:21:31.180'),(35,183,10,'2026-05-04 07:21:30.693','2026-05-04 07:21:30.693'),(35,187,14,'2026-05-04 07:21:31.066','2026-05-04 07:21:31.066'),(35,198,22,'2026-05-04 07:21:30.500','2026-05-04 07:21:30.500'),(35,201,26,'2026-05-04 07:21:30.568','2026-05-04 07:21:30.568'),(35,202,21,'2026-05-04 07:21:30.668','2026-05-04 07:21:30.668'),(35,205,20,'2026-05-04 07:21:30.872','2026-05-04 07:21:30.872'),(35,208,27,'2026-05-04 07:21:30.391','2026-05-04 07:21:30.391'),(35,210,24,'2026-05-04 07:21:30.883','2026-05-04 07:21:30.883'),(35,211,23,'2026-05-04 07:21:31.076','2026-05-04 07:21:31.076'),(35,212,25,'2026-05-04 07:21:30.977','2026-05-04 07:21:30.977'),(35,214,29,'2026-05-04 07:21:30.583','2026-05-04 07:21:30.583'),(35,215,38,'2026-05-04 07:21:31.284','2026-05-04 07:21:31.284'),(35,220,36,'2026-05-04 07:21:30.466','2026-05-04 07:21:30.466'),(35,221,28,'2026-05-04 07:21:31.268','2026-05-04 07:21:31.268'),(35,222,37,'2026-05-04 07:21:31.102','2026-05-04 07:21:31.102'),(35,223,35,'2026-05-04 07:21:31.093','2026-05-04 07:21:31.093'),(35,224,31,'2026-05-04 07:21:31.084','2026-05-04 07:21:31.084'),(35,225,34,'2026-05-04 07:21:30.892','2026-05-04 07:21:30.892'),(35,227,33,'2026-05-04 07:21:31.276','2026-05-04 07:21:31.276'),(35,228,32,'2026-05-04 07:21:30.591','2026-05-04 07:21:30.591'),(35,229,30,'2026-05-04 07:21:30.986','2026-05-04 07:21:30.986'),(36,4,3,'2026-05-04 07:21:32.000','2026-05-04 07:21:32.000'),(36,14,4,'2026-05-04 07:21:31.798','2026-05-04 07:21:31.798'),(36,26,1,'2026-05-04 07:21:32.192','2026-05-04 07:21:32.192'),(36,32,0,'2026-05-04 07:21:31.993','2026-05-04 07:21:31.993'),(36,38,6,'2026-05-04 07:21:31.569','2026-05-04 07:21:31.569'),(36,63,5,'2026-05-04 07:21:31.674','2026-05-04 07:21:31.674'),(36,69,2,'2026-05-04 07:21:31.887','2026-05-04 07:21:31.887'),(36,79,7,'2026-05-04 07:21:32.066','2026-05-04 07:21:32.066'),(36,84,8,'2026-05-04 07:21:31.894','2026-05-04 07:21:31.894'),(36,91,16,'2026-05-04 07:21:31.973','2026-05-04 07:21:31.973'),(36,93,19,'2026-05-04 07:21:31.689','2026-05-04 07:21:31.689'),(36,95,17,'2026-05-04 07:21:32.073','2026-05-04 07:21:32.073'),(36,96,18,'2026-05-04 07:21:31.871','2026-05-04 07:21:31.871'),(36,106,12,'2026-05-04 07:21:31.577','2026-05-04 07:21:31.577'),(36,108,13,'2026-05-04 07:21:31.805','2026-05-04 07:21:31.805'),(36,129,9,'2026-05-04 07:21:32.170','2026-05-04 07:21:32.170'),(36,167,15,'2026-05-04 07:21:31.966','2026-05-04 07:21:31.966'),(36,176,11,'2026-05-04 07:21:31.682','2026-05-04 07:21:31.682'),(36,183,10,'2026-05-04 07:21:32.199','2026-05-04 07:21:32.199'),(36,187,14,'2026-05-04 07:21:32.268','2026-05-04 07:21:32.268'),(36,198,22,'2026-05-04 07:21:31.697','2026-05-04 07:21:31.697'),(36,201,26,'2026-05-04 07:21:31.585','2026-05-04 07:21:31.585'),(36,202,21,'2026-05-04 07:21:32.087','2026-05-04 07:21:32.087'),(36,205,20,'2026-05-04 07:21:32.080','2026-05-04 07:21:32.080'),(36,208,27,'2026-05-04 07:21:32.178','2026-05-04 07:21:32.178'),(36,210,24,'2026-05-04 07:21:31.879','2026-05-04 07:21:31.879'),(36,211,23,'2026-05-04 07:21:31.770','2026-05-04 07:21:31.770'),(36,212,25,'2026-05-04 07:21:32.095','2026-05-04 07:21:32.095'),(36,214,29,'2026-05-04 07:21:31.777','2026-05-04 07:21:31.777'),(36,215,36,'2026-05-04 07:21:31.665','2026-05-04 07:21:31.665'),(36,221,28,'2026-05-04 07:21:32.275','2026-05-04 07:21:32.275'),(36,222,35,'2026-05-04 07:21:31.591','2026-05-04 07:21:31.591'),(36,223,34,'2026-05-04 07:21:31.987','2026-05-04 07:21:31.987'),(36,224,31,'2026-05-04 07:21:31.980','2026-05-04 07:21:31.980'),(36,227,33,'2026-05-04 07:21:31.790','2026-05-04 07:21:31.790'),(36,228,32,'2026-05-04 07:21:31.784','2026-05-04 07:21:31.784'),(36,229,30,'2026-05-04 07:21:32.185','2026-05-04 07:21:32.185'),(37,4,3,'2026-05-04 07:21:32.678','2026-05-04 07:21:32.678'),(37,14,4,'2026-05-04 07:21:32.373','2026-05-04 07:21:32.373'),(37,26,1,'2026-05-04 07:21:32.399','2026-05-04 07:21:32.399'),(37,32,0,'2026-05-04 07:21:32.299','2026-05-04 07:21:32.299'),(37,38,6,'2026-05-04 07:21:32.384','2026-05-04 07:21:32.384'),(37,63,5,'2026-05-04 07:21:32.686','2026-05-04 07:21:32.686'),(37,69,2,'2026-05-04 07:21:32.990','2026-05-04 07:21:32.990'),(37,79,7,'2026-05-04 07:21:32.904','2026-05-04 07:21:32.904'),(37,84,8,'2026-05-04 07:21:32.911','2026-05-04 07:21:32.911'),(37,91,16,'2026-05-04 07:21:33.102','2026-05-04 07:21:33.102'),(37,93,19,'2026-05-04 07:21:33.078','2026-05-04 07:21:33.078'),(37,95,17,'2026-05-04 07:21:33.168','2026-05-04 07:21:33.168'),(37,96,18,'2026-05-04 07:21:33.176','2026-05-04 07:21:33.176'),(37,106,12,'2026-05-04 07:21:33.093','2026-05-04 07:21:33.093'),(37,108,13,'2026-05-04 07:21:32.875','2026-05-04 07:21:32.875'),(37,129,9,'2026-05-04 07:21:33.070','2026-05-04 07:21:33.070'),(37,167,15,'2026-05-04 07:21:32.883','2026-05-04 07:21:32.883'),(37,176,11,'2026-05-04 07:21:32.772','2026-05-04 07:21:32.772'),(37,183,10,'2026-05-04 07:21:32.694','2026-05-04 07:21:32.694'),(37,187,14,'2026-05-04 07:21:32.967','2026-05-04 07:21:32.967'),(37,198,22,'2026-05-04 07:21:32.897','2026-05-04 07:21:32.897'),(37,201,26,'2026-05-04 07:21:32.500','2026-05-04 07:21:32.500'),(37,202,21,'2026-05-04 07:21:32.890','2026-05-04 07:21:32.890'),(37,205,20,'2026-05-04 07:21:33.085','2026-05-04 07:21:33.085'),(37,208,27,'2026-05-04 07:21:32.391','2026-05-04 07:21:32.391'),(37,210,24,'2026-05-04 07:21:32.470','2026-05-04 07:21:32.470'),(37,211,23,'2026-05-04 07:21:32.975','2026-05-04 07:21:32.975'),(37,212,25,'2026-05-04 07:21:32.476','2026-05-04 07:21:32.476'),(37,214,29,'2026-05-04 07:21:32.982','2026-05-04 07:21:32.982'),(37,215,32,'2026-05-04 07:21:32.492','2026-05-04 07:21:32.492'),(37,221,28,'2026-05-04 07:21:32.568','2026-05-04 07:21:32.568'),(37,223,31,'2026-05-04 07:21:32.670','2026-05-04 07:21:32.670'),(37,229,30,'2026-05-04 07:21:32.485','2026-05-04 07:21:32.485'),(38,4,3,'2026-05-04 07:21:33.780','2026-05-04 07:21:33.780'),(38,14,4,'2026-05-04 07:21:33.992','2026-05-04 07:21:33.992'),(38,26,1,'2026-05-04 07:21:33.689','2026-05-04 07:21:33.689'),(38,32,0,'2026-05-04 07:21:33.498','2026-05-04 07:21:33.498'),(38,38,6,'2026-05-04 07:21:33.979','2026-05-04 07:21:33.979'),(38,63,5,'2026-05-04 07:21:33.505','2026-05-04 07:21:33.505'),(38,69,2,'2026-05-04 07:21:33.972','2026-05-04 07:21:33.972'),(38,79,7,'2026-05-04 07:21:33.788','2026-05-04 07:21:33.788'),(38,84,8,'2026-05-04 07:21:33.370','2026-05-04 07:21:33.370'),(38,91,16,'2026-05-04 07:21:33.797','2026-05-04 07:21:33.797'),(38,93,19,'2026-05-04 07:21:33.292','2026-05-04 07:21:33.292'),(38,95,17,'2026-05-04 07:21:33.476','2026-05-04 07:21:33.476'),(38,96,18,'2026-05-04 07:21:33.284','2026-05-04 07:21:33.284'),(38,106,12,'2026-05-04 07:21:33.565','2026-05-04 07:21:33.565'),(38,108,13,'2026-05-04 07:21:33.269','2026-05-04 07:21:33.269'),(38,129,9,'2026-05-04 07:21:33.589','2026-05-04 07:21:33.589'),(38,167,15,'2026-05-04 07:21:33.277','2026-05-04 07:21:33.277'),(38,176,11,'2026-05-04 07:21:33.378','2026-05-04 07:21:33.378'),(38,183,10,'2026-05-04 07:21:33.999','2026-05-04 07:21:33.999'),(38,187,14,'2026-05-04 07:21:33.468','2026-05-04 07:21:33.468'),(38,198,22,'2026-05-04 07:21:33.665','2026-05-04 07:21:33.665'),(38,201,26,'2026-05-04 07:21:33.483','2026-05-04 07:21:33.483'),(38,202,21,'2026-05-04 07:21:33.697','2026-05-04 07:21:33.697'),(38,205,20,'2026-05-04 07:21:33.870','2026-05-04 07:21:33.870'),(38,208,27,'2026-05-04 07:21:33.574','2026-05-04 07:21:33.574'),(38,210,24,'2026-05-04 07:21:33.675','2026-05-04 07:21:33.675'),(38,211,23,'2026-05-04 07:21:33.300','2026-05-04 07:21:33.300'),(38,212,25,'2026-05-04 07:21:33.682','2026-05-04 07:21:33.682'),(38,215,31,'2026-05-04 07:21:33.770','2026-05-04 07:21:33.770'),(38,218,30,'2026-05-04 07:21:33.582','2026-05-04 07:21:33.582'),(38,219,29,'2026-05-04 07:21:33.986','2026-05-04 07:21:33.986'),(38,223,28,'2026-05-04 07:21:33.491','2026-05-04 07:21:33.491'),(39,4,3,'2026-05-04 07:21:34.182','2026-05-04 07:21:34.182'),(39,14,4,'2026-05-04 07:21:34.798','2026-05-04 07:21:34.798'),(39,26,1,'2026-05-04 07:21:34.397','2026-05-04 07:21:34.397'),(39,32,0,'2026-05-04 07:21:34.373','2026-05-04 07:21:34.373'),(39,38,6,'2026-05-04 07:21:34.674','2026-05-04 07:21:34.674'),(39,63,5,'2026-05-04 07:21:34.665','2026-05-04 07:21:34.665'),(39,69,2,'2026-05-04 07:21:34.474','2026-05-04 07:21:34.474'),(39,79,7,'2026-05-04 07:21:34.488','2026-05-04 07:21:34.488'),(39,84,8,'2026-05-04 07:21:34.683','2026-05-04 07:21:34.683'),(39,91,16,'2026-05-04 07:21:34.175','2026-05-04 07:21:34.175'),(39,93,19,'2026-05-04 07:21:34.784','2026-05-04 07:21:34.784'),(39,95,17,'2026-05-04 07:21:34.568','2026-05-04 07:21:34.568'),(39,96,18,'2026-05-04 07:21:34.695','2026-05-04 07:21:34.695'),(39,106,12,'2026-05-04 07:21:34.190','2026-05-04 07:21:34.190'),(39,108,13,'2026-05-04 07:21:34.198','2026-05-04 07:21:34.198'),(39,129,9,'2026-05-04 07:21:34.165','2026-05-04 07:21:34.165'),(39,167,15,'2026-05-04 07:21:34.504','2026-05-04 07:21:34.504'),(39,176,11,'2026-05-04 07:21:34.777','2026-05-04 07:21:34.777'),(39,183,10,'2026-05-04 07:21:34.770','2026-05-04 07:21:34.770'),(39,187,14,'2026-05-04 07:21:34.383','2026-05-04 07:21:34.383'),(39,198,22,'2026-05-04 07:21:34.276','2026-05-04 07:21:34.276'),(39,201,26,'2026-05-04 07:21:34.576','2026-05-04 07:21:34.576'),(39,202,21,'2026-05-04 07:21:34.268','2026-05-04 07:21:34.268'),(39,205,20,'2026-05-04 07:21:34.702','2026-05-04 07:21:34.702'),(39,208,27,'2026-05-04 07:21:34.584','2026-05-04 07:21:34.584'),(39,210,24,'2026-05-04 07:21:34.291','2026-05-04 07:21:34.291'),(39,211,23,'2026-05-04 07:21:34.284','2026-05-04 07:21:34.284'),(39,212,25,'2026-05-04 07:21:34.791','2026-05-04 07:21:34.791'),(39,215,31,'2026-05-04 07:21:34.497','2026-05-04 07:21:34.497'),(39,218,30,'2026-05-04 07:21:34.299','2026-05-04 07:21:34.299'),(39,219,29,'2026-05-04 07:21:34.390','2026-05-04 07:21:34.390'),(39,223,28,'2026-05-04 07:21:34.592','2026-05-04 07:21:34.592'),(40,4,3,'2026-05-04 07:21:34.968','2026-05-04 07:21:34.968'),(40,14,4,'2026-05-04 07:21:35.481','2026-05-04 07:21:35.481'),(40,26,1,'2026-05-04 07:21:35.473','2026-05-04 07:21:35.473'),(40,32,0,'2026-05-04 07:21:34.888','2026-05-04 07:21:34.888'),(40,38,6,'2026-05-04 07:21:35.488','2026-05-04 07:21:35.488'),(40,63,5,'2026-05-04 07:21:34.976','2026-05-04 07:21:34.976'),(40,69,2,'2026-05-04 07:21:35.569','2026-05-04 07:21:35.569'),(40,79,7,'2026-05-04 07:21:35.172','2026-05-04 07:21:35.172'),(40,84,8,'2026-05-04 07:21:35.494','2026-05-04 07:21:35.494'),(40,91,16,'2026-05-04 07:21:35.672','2026-05-04 07:21:35.672'),(40,93,19,'2026-05-04 07:21:35.680','2026-05-04 07:21:35.680'),(40,95,17,'2026-05-04 07:21:35.291','2026-05-04 07:21:35.291'),(40,96,18,'2026-05-04 07:21:35.298','2026-05-04 07:21:35.298'),(40,106,12,'2026-05-04 07:21:35.509','2026-05-04 07:21:35.509'),(40,108,13,'2026-05-04 07:21:35.379','2026-05-04 07:21:35.379'),(40,129,9,'2026-05-04 07:21:35.284','2026-05-04 07:21:35.284'),(40,167,15,'2026-05-04 07:21:35.601','2026-05-04 07:21:35.601'),(40,176,11,'2026-05-04 07:21:35.502','2026-05-04 07:21:35.502'),(40,183,10,'2026-05-04 07:21:35.277','2026-05-04 07:21:35.277'),(40,187,14,'2026-05-04 07:21:35.387','2026-05-04 07:21:35.387'),(40,198,22,'2026-05-04 07:21:35.395','2026-05-04 07:21:35.395'),(40,201,26,'2026-05-04 07:21:35.586','2026-05-04 07:21:35.586'),(40,202,21,'2026-05-04 07:21:35.370','2026-05-04 07:21:35.370'),(40,205,20,'2026-05-04 07:21:35.578','2026-05-04 07:21:35.578'),(40,208,27,'2026-05-04 07:21:35.188','2026-05-04 07:21:35.188'),(40,210,24,'2026-05-04 07:21:34.984','2026-05-04 07:21:34.984'),(40,211,23,'2026-05-04 07:21:35.465','2026-05-04 07:21:35.465'),(40,212,25,'2026-05-04 07:21:35.180','2026-05-04 07:21:35.180'),(40,215,30,'2026-05-04 07:21:35.594','2026-05-04 07:21:35.594'),(40,219,29,'2026-05-04 07:21:35.269','2026-05-04 07:21:35.269'),(40,223,28,'2026-05-04 07:21:35.070','2026-05-04 07:21:35.070'),(41,4,3,'2026-05-04 07:21:36.376','2026-05-04 07:21:36.376'),(41,14,4,'2026-05-04 07:21:36.085','2026-05-04 07:21:36.085'),(41,26,1,'2026-05-04 07:21:36.369','2026-05-04 07:21:36.369'),(41,32,0,'2026-05-04 07:21:35.799','2026-05-04 07:21:35.799'),(41,38,6,'2026-05-04 07:21:35.983','2026-05-04 07:21:35.983'),(41,63,5,'2026-05-04 07:21:35.895','2026-05-04 07:21:35.895'),(41,69,2,'2026-05-04 07:21:36.094','2026-05-04 07:21:36.094'),(41,79,7,'2026-05-04 07:21:35.904','2026-05-04 07:21:35.904'),(41,84,8,'2026-05-04 07:21:36.268','2026-05-04 07:21:36.268'),(41,91,16,'2026-05-04 07:21:36.282','2026-05-04 07:21:36.282'),(41,93,19,'2026-05-04 07:21:36.068','2026-05-04 07:21:36.068'),(41,95,17,'2026-05-04 07:21:35.998','2026-05-04 07:21:35.998'),(41,96,18,'2026-05-04 07:21:36.168','2026-05-04 07:21:36.168'),(41,106,12,'2026-05-04 07:21:36.275','2026-05-04 07:21:36.275'),(41,108,13,'2026-05-04 07:21:36.101','2026-05-04 07:21:36.101'),(41,129,9,'2026-05-04 07:21:35.872','2026-05-04 07:21:35.872'),(41,167,15,'2026-05-04 07:21:36.390','2026-05-04 07:21:36.390'),(41,176,11,'2026-05-04 07:21:36.383','2026-05-04 07:21:36.383'),(41,183,10,'2026-05-04 07:21:35.990','2026-05-04 07:21:35.990'),(41,187,14,'2026-05-04 07:21:35.968','2026-05-04 07:21:35.968'),(41,198,22,'2026-05-04 07:21:36.176','2026-05-04 07:21:36.176'),(41,201,26,'2026-05-04 07:21:35.880','2026-05-04 07:21:35.880'),(41,202,21,'2026-05-04 07:21:36.075','2026-05-04 07:21:36.075'),(41,205,20,'2026-05-04 07:21:36.290','2026-05-04 07:21:36.290'),(41,208,27,'2026-05-04 07:21:35.975','2026-05-04 07:21:35.975'),(41,210,24,'2026-05-04 07:21:36.191','2026-05-04 07:21:36.191'),(41,211,23,'2026-05-04 07:21:36.397','2026-05-04 07:21:36.397'),(41,212,25,'2026-05-04 07:21:35.776','2026-05-04 07:21:35.776'),(41,215,29,'2026-05-04 07:21:35.784','2026-05-04 07:21:35.784'),(41,216,30,'2026-05-04 07:21:36.199','2026-05-04 07:21:36.199'),(41,217,31,'2026-05-04 07:21:35.791','2026-05-04 07:21:35.791'),(41,223,28,'2026-05-04 07:21:35.888','2026-05-04 07:21:35.888'),(41,226,32,'2026-05-04 07:21:36.184','2026-05-04 07:21:36.184'),(42,4,3,'2026-05-04 07:21:36.775','2026-05-04 07:21:36.775'),(42,14,4,'2026-05-04 07:21:36.783','2026-05-04 07:21:36.783'),(42,26,1,'2026-05-04 07:21:37.170','2026-05-04 07:21:37.170'),(42,32,0,'2026-05-04 07:21:36.679','2026-05-04 07:21:36.679'),(42,38,6,'2026-05-04 07:21:37.177','2026-05-04 07:21:37.177'),(42,63,5,'2026-05-04 07:21:36.894','2026-05-04 07:21:36.894'),(42,69,2,'2026-05-04 07:21:37.083','2026-05-04 07:21:37.083'),(42,79,7,'2026-05-04 07:21:36.565','2026-05-04 07:21:36.565'),(42,84,8,'2026-05-04 07:21:36.790','2026-05-04 07:21:36.790'),(42,91,16,'2026-05-04 07:21:36.879','2026-05-04 07:21:36.879'),(42,93,19,'2026-05-04 07:21:36.977','2026-05-04 07:21:36.977'),(42,95,17,'2026-05-04 07:21:36.693','2026-05-04 07:21:36.693'),(42,96,18,'2026-05-04 07:21:37.090','2026-05-04 07:21:37.090'),(42,106,12,'2026-05-04 07:21:36.969','2026-05-04 07:21:36.969'),(42,108,13,'2026-05-04 07:21:36.796','2026-05-04 07:21:36.796'),(42,129,9,'2026-05-04 07:21:36.574','2026-05-04 07:21:36.574'),(42,167,15,'2026-05-04 07:21:36.871','2026-05-04 07:21:36.871'),(42,176,11,'2026-05-04 07:21:36.902','2026-05-04 07:21:36.902'),(42,183,10,'2026-05-04 07:21:36.687','2026-05-04 07:21:36.687'),(42,187,14,'2026-05-04 07:21:36.582','2026-05-04 07:21:36.582'),(42,198,22,'2026-05-04 07:21:36.700','2026-05-04 07:21:36.700'),(42,201,26,'2026-05-04 07:21:37.068','2026-05-04 07:21:37.068'),(42,202,21,'2026-05-04 07:21:37.191','2026-05-04 07:21:37.191'),(42,205,20,'2026-05-04 07:21:37.185','2026-05-04 07:21:37.185'),(42,208,27,'2026-05-04 07:21:36.483','2026-05-04 07:21:36.483'),(42,210,24,'2026-05-04 07:21:36.596','2026-05-04 07:21:36.596'),(42,211,23,'2026-05-04 07:21:36.589','2026-05-04 07:21:36.589'),(42,212,25,'2026-05-04 07:21:36.768','2026-05-04 07:21:36.768'),(42,215,29,'2026-05-04 07:21:37.075','2026-05-04 07:21:37.075'),(42,216,30,'2026-05-04 07:21:36.887','2026-05-04 07:21:36.887'),(42,217,31,'2026-05-04 07:21:36.671','2026-05-04 07:21:36.671'),(42,223,28,'2026-05-04 07:21:37.098','2026-05-04 07:21:37.098'),(42,226,32,'2026-05-04 07:21:36.490','2026-05-04 07:21:36.490'),(43,4,3,'2026-05-04 07:21:37.795','2026-05-04 07:21:37.795'),(43,14,4,'2026-05-04 07:21:37.504','2026-05-04 07:21:37.504'),(43,26,1,'2026-05-04 07:21:37.675','2026-05-04 07:21:37.675'),(43,32,0,'2026-05-04 07:21:37.585','2026-05-04 07:21:37.585'),(43,38,6,'2026-05-04 07:21:37.593','2026-05-04 07:21:37.593'),(43,63,5,'2026-05-04 07:21:37.972','2026-05-04 07:21:37.972'),(43,69,2,'2026-05-04 07:21:37.682','2026-05-04 07:21:37.682'),(43,79,7,'2026-05-04 07:21:37.978','2026-05-04 07:21:37.978'),(43,84,8,'2026-05-04 07:21:37.473','2026-05-04 07:21:37.473'),(43,91,16,'2026-05-04 07:21:37.465','2026-05-04 07:21:37.465'),(43,93,19,'2026-05-04 07:21:37.294','2026-05-04 07:21:37.294'),(43,95,17,'2026-05-04 07:21:37.778','2026-05-04 07:21:37.778'),(43,96,18,'2026-05-04 07:21:37.878','2026-05-04 07:21:37.878'),(43,106,12,'2026-05-04 07:21:37.771','2026-05-04 07:21:37.771'),(43,108,13,'2026-05-04 07:21:37.286','2026-05-04 07:21:37.286'),(43,129,9,'2026-05-04 07:21:37.803','2026-05-04 07:21:37.803'),(43,167,15,'2026-05-04 07:21:37.391','2026-05-04 07:21:37.391'),(43,176,11,'2026-05-04 07:21:37.690','2026-05-04 07:21:37.690'),(43,183,10,'2026-05-04 07:21:37.872','2026-05-04 07:21:37.872'),(43,187,14,'2026-05-04 07:21:37.384','2026-05-04 07:21:37.384'),(43,198,22,'2026-05-04 07:21:37.787','2026-05-04 07:21:37.787'),(43,201,26,'2026-05-04 07:21:37.496','2026-05-04 07:21:37.496'),(43,202,21,'2026-05-04 07:21:37.368','2026-05-04 07:21:37.368'),(43,205,20,'2026-05-04 07:21:37.487','2026-05-04 07:21:37.487'),(43,208,27,'2026-05-04 07:21:37.569','2026-05-04 07:21:37.569'),(43,210,24,'2026-05-04 07:21:37.893','2026-05-04 07:21:37.893'),(43,211,23,'2026-05-04 07:21:37.886','2026-05-04 07:21:37.886'),(43,212,25,'2026-05-04 07:21:37.512','2026-05-04 07:21:37.512'),(43,215,29,'2026-05-04 07:21:37.376','2026-05-04 07:21:37.376'),(43,216,30,'2026-05-04 07:21:37.600','2026-05-04 07:21:37.600'),(43,217,31,'2026-05-04 07:21:37.900','2026-05-04 07:21:37.900'),(43,223,28,'2026-05-04 07:21:37.576','2026-05-04 07:21:37.576'),(43,226,32,'2026-05-04 07:21:37.668','2026-05-04 07:21:37.668'),(44,4,3,'2026-05-04 07:21:41.667','2026-05-04 07:21:41.667'),(44,14,4,'2026-05-04 07:21:41.675','2026-05-04 07:21:41.675'),(44,17,9,'2026-05-04 07:21:41.297','2026-05-04 07:21:41.297'),(44,23,8,'2026-05-04 07:21:41.290','2026-05-04 07:21:41.290'),(44,24,14,'2026-05-04 07:21:40.896','2026-05-04 07:21:40.896'),(44,26,1,'2026-05-04 07:21:40.997','2026-05-04 07:21:40.997'),(44,29,12,'2026-05-04 07:21:40.697','2026-05-04 07:21:40.697'),(44,31,11,'2026-05-04 07:21:40.880','2026-05-04 07:21:40.880'),(44,32,0,'2026-05-04 07:21:41.580','2026-05-04 07:21:41.580'),(44,38,7,'2026-05-04 07:21:41.072','2026-05-04 07:21:41.072'),(44,43,15,'2026-05-04 07:21:41.081','2026-05-04 07:21:41.081'),(44,44,16,'2026-05-04 07:21:40.903','2026-05-04 07:21:40.903'),(44,47,10,'2026-05-04 07:21:41.683','2026-05-04 07:21:41.683'),(44,50,13,'2026-05-04 07:21:40.889','2026-05-04 07:21:40.889'),(44,63,5,'2026-05-04 07:21:41.765','2026-05-04 07:21:41.765'),(44,65,6,'2026-05-04 07:21:41.187','2026-05-04 07:21:41.187'),(44,69,2,'2026-05-04 07:21:40.872','2026-05-04 07:21:40.872'),(44,79,17,'2026-05-04 07:21:41.368','2026-05-04 07:21:41.368'),(44,84,18,'2026-05-04 07:21:40.768','2026-05-04 07:21:40.768'),(44,91,26,'2026-05-04 07:21:40.784','2026-05-04 07:21:40.784'),(44,93,29,'2026-05-04 07:21:41.195','2026-05-04 07:21:41.195'),(44,95,27,'2026-05-04 07:21:40.689','2026-05-04 07:21:40.689'),(44,96,28,'2026-05-04 07:21:41.469','2026-05-04 07:21:41.469'),(44,106,22,'2026-05-04 07:21:40.776','2026-05-04 07:21:40.776'),(44,108,23,'2026-05-04 07:21:40.988','2026-05-04 07:21:40.988'),(44,129,19,'2026-05-04 07:21:41.691','2026-05-04 07:21:41.691'),(44,167,25,'2026-05-04 07:21:41.699','2026-05-04 07:21:41.699'),(44,176,21,'2026-05-04 07:21:40.980','2026-05-04 07:21:40.980'),(44,183,20,'2026-05-04 07:21:40.972','2026-05-04 07:21:40.972'),(44,187,24,'2026-05-04 07:21:41.375','2026-05-04 07:21:41.375'),(44,198,32,'2026-05-04 07:21:41.572','2026-05-04 07:21:41.572'),(44,201,36,'2026-05-04 07:21:41.180','2026-05-04 07:21:41.180'),(44,202,31,'2026-05-04 07:21:40.792','2026-05-04 07:21:40.792'),(44,205,30,'2026-05-04 07:21:41.268','2026-05-04 07:21:41.268'),(44,208,37,'2026-05-04 07:21:41.282','2026-05-04 07:21:41.282'),(44,210,34,'2026-05-04 07:21:41.172','2026-05-04 07:21:41.172'),(44,211,33,'2026-05-04 07:21:41.275','2026-05-04 07:21:41.275'),(44,212,35,'2026-05-04 07:21:41.089','2026-05-04 07:21:41.089'),(44,215,39,'2026-05-04 07:21:41.098','2026-05-04 07:21:41.098'),(44,223,38,'2026-05-04 07:21:40.800','2026-05-04 07:21:40.800'),(45,4,3,'2026-05-04 07:21:41.881','2026-05-04 07:21:41.881'),(45,14,4,'2026-05-04 07:21:42.292','2026-05-04 07:21:42.292'),(45,23,8,'2026-05-04 07:21:42.078','2026-05-04 07:21:42.078'),(45,26,1,'2026-05-04 07:21:42.566','2026-05-04 07:21:42.566'),(45,32,0,'2026-05-04 07:21:42.495','2026-05-04 07:21:42.495'),(45,38,7,'2026-05-04 07:21:42.180','2026-05-04 07:21:42.180'),(45,43,9,'2026-05-04 07:21:42.086','2026-05-04 07:21:42.086'),(45,63,5,'2026-05-04 07:21:41.984','2026-05-04 07:21:41.984'),(45,65,6,'2026-05-04 07:21:41.888','2026-05-04 07:21:41.888'),(45,69,2,'2026-05-04 07:21:41.977','2026-05-04 07:21:41.977'),(45,70,10,'2026-05-04 07:21:41.794','2026-05-04 07:21:41.794'),(45,79,11,'2026-05-04 07:21:41.992','2026-05-04 07:21:41.992'),(45,84,12,'2026-05-04 07:21:42.393','2026-05-04 07:21:42.393'),(45,91,20,'2026-05-04 07:21:42.298','2026-05-04 07:21:42.298'),(45,93,23,'2026-05-04 07:21:42.093','2026-05-04 07:21:42.093'),(45,95,21,'2026-05-04 07:21:42.276','2026-05-04 07:21:42.276'),(45,96,22,'2026-05-04 07:21:42.471','2026-05-04 07:21:42.471'),(45,106,16,'2026-05-04 07:21:42.196','2026-05-04 07:21:42.196'),(45,108,17,'2026-05-04 07:21:42.487','2026-05-04 07:21:42.487'),(45,129,13,'2026-05-04 07:21:42.401','2026-05-04 07:21:42.401'),(45,167,19,'2026-05-04 07:21:42.268','2026-05-04 07:21:42.268'),(45,176,15,'2026-05-04 07:21:41.873','2026-05-04 07:21:41.873'),(45,183,14,'2026-05-04 07:21:42.189','2026-05-04 07:21:42.189'),(45,187,18,'2026-05-04 07:21:42.070','2026-05-04 07:21:42.070'),(45,198,26,'2026-05-04 07:21:42.367','2026-05-04 07:21:42.367'),(45,201,30,'2026-05-04 07:21:42.284','2026-05-04 07:21:42.284'),(45,202,25,'2026-05-04 07:21:42.100','2026-05-04 07:21:42.100'),(45,205,24,'2026-05-04 07:21:42.478','2026-05-04 07:21:42.478'),(45,208,31,'2026-05-04 07:21:42.172','2026-05-04 07:21:42.172'),(45,210,28,'2026-05-04 07:21:42.377','2026-05-04 07:21:42.377'),(45,211,27,'2026-05-04 07:21:41.895','2026-05-04 07:21:41.895'),(45,212,29,'2026-05-04 07:21:41.903','2026-05-04 07:21:41.903'),(45,215,33,'2026-05-04 07:21:41.970','2026-05-04 07:21:41.970'),(45,223,32,'2026-05-04 07:21:42.386','2026-05-04 07:21:42.386');
/*!40000 ALTER TABLE `role_permissions` ENABLE KEYS */;
UNLOCK TABLES;

--
-- Dumping data for table `roles`
--

LOCK TABLES `roles` WRITE;
/*!40000 ALTER TABLE `roles` DISABLE KEYS */;
INSERT  IGNORE INTO `roles` (`id`, `project_rid`, `rid`, `display_name`, `created_at`, `updated_at`) VALUES (1,'mindful','admin','Administrator','2025-10-12 16:45:57.650','2026-06-05 15:50:56.257'),(2,'mindful','iam-role-admin','Role Administrator','2025-10-12 16:46:00.414','2026-06-05 15:50:56.429'),(3,'mindful','user-user-admin','User Administrator','2025-10-12 16:46:00.818','2026-06-05 15:50:58.848'),(4,'mindful','email-email-admin','Email Administrator','2025-10-12 16:46:01.311','2026-06-05 15:50:58.941'),(5,'mindful','user-organization-admin','Organization Administrator','2025-10-12 16:46:01.917','2026-06-05 15:50:59.040'),(6,'mindful','user-organization-editor','Organization Editor','2025-10-12 16:46:03.005','2026-06-05 15:50:59.137'),(7,'mindful','user-organization-viewer','Organization Viewer','2025-10-12 16:46:03.812','2026-06-05 15:50:59.235'),(8,'mindful','user-membership-admin','Membership Administrator','2025-10-12 16:46:04.213','2026-06-05 15:50:59.341'),(9,'mindful','user-membership-invitation-admin','Membership Invitation Administrator','2025-10-12 16:46:04.698','2026-05-03 12:38:48.286'),(10,'mindful','user-membership-invitation-user','Membership Invitation User','2025-10-12 16:46:05.214','2026-05-03 12:38:48.375'),(11,'mindful','customer','Customer','2025-10-12 16:46:05.717','2026-06-05 15:50:59.540'),(12,'mindful','guest','Guest','2025-10-12 16:46:05.926','2026-06-05 15:50:59.560'),(13,'mindful','storage-object-admin','Object Administrator','2025-10-21 19:12:05.956','2026-06-05 15:50:56.651'),(14,'mindful','content-content-admin','Content Administrator','2025-11-15 10:22:32.549','2026-06-05 15:50:56.832'),(15,'mindful','billing-sku-admin','Sku Administrator','2025-11-22 07:14:28.741','2026-06-05 15:50:57.852'),(16,'mindful','testotesto','testotesto','2025-12-02 13:19:29.029','2025-12-03 12:44:05.138'),(17,'mindful','asdasdasd','asdasdasdasda','2025-12-03 12:44:32.364','2025-12-03 14:40:21.087'),(18,'mindful','storage-object-viewer','Object Viewer','2025-12-17 10:01:03.864','2026-06-05 15:50:56.737'),(19,'mindful','content-instructor-admin','Instructor Administrator','2026-01-28 16:20:56.394','2026-06-05 15:50:57.034'),(20,'mindful','content-tag-admin','Tag Administrator','2026-01-28 16:20:57.495','2026-06-05 15:50:57.429'),(21,'mindful','content-category-admin','Category Administrator','2026-01-28 16:20:58.696','2026-06-05 15:50:57.642'),(22,'mindful','content-content-editor','Content Editor','2026-02-02 09:59:13.408','2026-06-05 15:50:56.855'),(23,'mindful','content-content-viewer','Content Viewer','2026-02-02 09:59:14.524','2026-06-05 15:50:56.931'),(24,'mindful','content-instructor-editor','Instructor Editor','2026-02-02 09:59:15.897','2026-06-05 15:50:57.128'),(25,'mindful','content-instructor-viewer','Instructor Viewer','2026-02-02 09:59:16.712','2026-06-05 15:50:57.232'),(26,'mindful','content-tag-editor','Tag Editor','2026-02-02 09:59:17.397','2026-06-05 15:50:57.450'),(27,'mindful','content-tag-viewer','Tag Viewer','2026-02-02 09:59:18.307','2026-06-05 15:50:57.549'),(28,'mindful','content-category-editor','Category Editor','2026-02-02 09:59:18.953','2026-06-05 15:50:57.663'),(29,'mindful','content-category-viewer','Category Viewer','2026-02-02 09:59:19.701','2026-06-05 15:50:57.833'),(30,'mindful','billing-sku-editor','Sku Editor','2026-02-18 15:07:01.394','2026-06-05 15:50:57.933'),(31,'mindful','billing-sku-viewer','Sku Viewer','2026-02-18 15:07:01.897','2026-06-05 15:50:57.956'),(32,'mindful','billing-tier-admin','Tier Administrator','2026-02-18 15:07:02.391','2026-06-05 15:50:58.038'),(33,'mindful','billing-tier-editor','Tier Editor','2026-02-18 15:07:02.786','2026-06-05 15:50:58.131'),(34,'mindful','billing-tier-viewer','Tier Viewer','2026-02-18 15:07:03.185','2026-06-05 15:50:58.150'),(35,'mindful','billing-userBillingAccount-admin','User Billing Account Administrator','2026-05-04 07:21:30.366','2026-06-05 15:50:58.247'),(36,'mindful','billing-userBillingAccount-editor','User Billing Account Editor','2026-05-04 07:21:31.381','2026-06-05 15:50:58.333'),(37,'mindful','billing-userBillingAccount-viewer','User Billing Account Viewer','2026-05-04 07:21:32.292','2026-06-05 15:50:58.352'),(38,'mindful','billing-userBillingInfo-admin','User Billing Info Administrator','2026-05-04 07:21:33.192','2026-06-05 15:50:58.446'),(39,'mindful','billing-userBillingInfo-editor','User Billing Info Editor','2026-05-04 07:21:34.082','2026-06-05 15:50:58.542'),(40,'mindful','billing-userBillingInfo-viewer','User Billing Info Viewer','2026-05-04 07:21:34.879','2026-06-05 15:50:58.627'),(41,'mindful','billing-userEntitlement-admin','User Entitlement Administrator','2026-05-04 07:21:35.769','2026-06-05 15:50:58.648'),(42,'mindful','billing-userEntitlement-editor','User Entitlement Editor','2026-05-04 07:21:36.475','2026-06-05 15:50:58.745'),(43,'mindful','billing-userEntitlement-viewer','User Entitlement Viewer','2026-05-04 07:21:37.278','2026-06-05 15:50:58.827'),(44,'mindful','user-membershipInvitation-admin','Membership Invitation Administrator','2026-05-04 07:21:40.680','2026-06-05 15:50:59.360'),(45,'mindful','user-membershipInvitation-user','Membership Invitation User','2026-05-04 07:21:41.786','2026-06-05 15:50:59.433');
/*!40000 ALTER TABLE `roles` ENABLE KEYS */;
UNLOCK TABLES;
/*!40103 SET TIME_ZONE=@OLD_TIME_ZONE */;

/*!40101 SET SQL_MODE=@OLD_SQL_MODE */;
/*!40014 SET FOREIGN_KEY_CHECKS=@OLD_FOREIGN_KEY_CHECKS */;
/*!40014 SET UNIQUE_CHECKS=@OLD_UNIQUE_CHECKS */;
/*!40101 SET CHARACTER_SET_CLIENT=@OLD_CHARACTER_SET_CLIENT */;
/*!40101 SET CHARACTER_SET_RESULTS=@OLD_CHARACTER_SET_RESULTS */;
/*!40101 SET COLLATION_CONNECTION=@OLD_COLLATION_CONNECTION */;
/*!40111 SET SQL_NOTES=@OLD_SQL_NOTES */;

-- Dump completed on 2026-06-09 11:19:28
